rezdül,belerezdül,6,rezdül,/VERB|<PREVERB<BELE>>
pletykázik,belepletykázik,1,pletykázik,/VERB|<PREVERB<BELE>>
dörmög,beledörmög,1,dörmög,/VERB|<PREVERB<BELE>>
dörren,beledörren,1,dörren,/VERB|<PREVERB<BELE>>
csatlakozik,belecsatlakozik,1,csatlakozik,/VERB|<PREVERB<BELE>>
gubódzik,belegubódzik,1,gubódzik,/VERB|<PREVERB<BELE>>
pancsol,belepancsol,2,pancsol,/VERB|<PREVERB<BELE>>
homályosul,belehomályosul,1,homályosul,/VERB|<PREVERB<BELE>>
röpül,beleröpül,5,röpül,/VERB|<PREVERB<BELE>>
szorít,beleszorít,2,szorít,/VERB|<PREVERB<BELE>>
tűnik,beletűnik,2,tűnik,/VERB|<PREVERB<BELE>>
röpít,beleröpít,1,röpít,/VERB|<PREVERB<BELE>>
fogy,belefogy,2,fogy,/VERB|<PREVERB<BELE>>
fojt,belefojt,5,fojt,/VERB|<PREVERB<BELE>>
buzdul,belebuzdul,2,buzdul,/VERB|<PREVERB<BELE>>
ad,belead,9,ad,/VERB|<PREVERB<BELE>>
foly,belefoly,4,foly,/VERB|<PREVERB<BELE>>
pattant,belepattant,4,pattant,/VERB|<PREVERB<BELE>>
forr,beleforr,1,forr,/VERB|<PREVERB<BELE>>
fú,belefú,4,fú,/VERB|<PREVERB<BELE>>
hajlik,belehajlik,6,hajlik,/VERB|<PREVERB<BELE>>
fő,belefő,2,fő,/VERB|<PREVERB<BELE>>
betegedik,belebetegedik,1,betegedik,/VERB|<PREVERB<BELE>>
lő,belelő,11,lő,/VERB|<PREVERB<BELE>>
morajlik,belemorajlik,1,morajlik,/VERB|<PREVERB<BELE>>
un,beleun,11,un,/VERB|<PREVERB<BELE>>
nő,belenő,9,nő,/VERB|<PREVERB<BELE>>
rí,belerí,1,rí,/VERB|<PREVERB<BELE>>
kotor,belekotor,5,kotor,/VERB|<PREVERB<BELE>>
hanyatlik,belehanyatlik,4,hanyatlik,/VERB|<PREVERB<BELE>>
szökken,beleszökken,1,szökken,/VERB|<PREVERB<BELE>>
csiklandoz,belecsiklandoz,1,csiklandoz,/VERB|<PREVERB<BELE>>
bukfencezik,belebukfencezik,3,bukfencezik,/VERB|<PREVERB<BELE>>
ásít,beleásít,1,ásít,/VERB|<PREVERB<BELE>>
lefetyel,belelefetyel,1,lefetyel,/VERB|<PREVERB<BELE>>
tipor,beletipor,2,tipor,/VERB|<PREVERB<BELE>>
okul,beleokul,2,okul,/VERB|<PREVERB<BELE>>
dumál,beledumál,2,dumál,/VERB|<PREVERB<BELE>>
töltöget,beletöltöget,1,töltöget,/VERB|<PREVERB<BELE>>
ragad,beleragad,11,ragad,/VERB|<PREVERB<BELE>>
csikordul,belecsikordul,1,csikordul,/VERB|<PREVERB<BELE>>
háborodik,beleháborodik,1,háborodik,/VERB|<PREVERB<BELE>>
szerettet,beleszerettet,1,szerettet,/VERB|<PREVERB<BELE>>
pirosodik,belepirosodik,2,pirosodik,/VERB|<PREVERB<BELE>>
ég,beleég,10,ég,/VERB|<PREVERB<BELE>>
él,beleél,3,él,/VERB|<PREVERB<BELE>>
ér,beleér,11,ér,/VERB|<PREVERB<BELE>>
ír,beleír,8,ír,/VERB|<PREVERB<BELE>>
öl,beleöl,19,öl,/VERB|<PREVERB<BELE>>
segít,belesegít,9,segít,/VERB|<PREVERB<BELE>>
ül,beleül,11,ül,/VERB|<PREVERB<BELE>>
üt,beleüt,10,üt,/VERB|<PREVERB<BELE>>
torkollik,beletorkollik,12,torkollik,/VERB|<PREVERB<BELE>>
olvasgat,beleolvasgat,1,olvasgat,/VERB|<PREVERB<BELE>>
vihog,belevihog,2,vihog,/VERB|<PREVERB<BELE>>
ereszkedik,beleereszkedik,7,ereszkedik,/VERB|<PREVERB<BELE>>
göngyöl,belegöngyöl,1,göngyöl,/VERB|<PREVERB<BELE>>
rágódik,belerágódik,1,rágódik,/VERB|<PREVERB<BELE>>
dördül,beledördül,2,dördül,/VERB|<PREVERB<BELE>>
pityereg,belepityereg,1,pityereg,/VERB|<PREVERB<BELE>>
kóstol,belekóstol,11,kóstol,/VERB|<PREVERB<BELE>>
présel,beleprésel,1,présel,/VERB|<PREVERB<BELE>>
szikrázik,beleszikrázik,2,szikrázik,/VERB|<PREVERB<BELE>>
nehezül,belenehezül,1,nehezül,/VERB|<PREVERB<BELE>>
pampog,belepampog,1,pampog,/VERB|<PREVERB<BELE>>
markol,belemarkol,10,markol,/VERB|<PREVERB<BELE>>
szenderül,beleszenderül,1,szenderül,/VERB|<PREVERB<BELE>>
csorog,belecsorog,3,csorog,/VERB|<PREVERB<BELE>>
lényegül,belelényegül,1,lényegül,/VERB|<PREVERB<BELE>>
űz,beleűz,1,űz,/VERB|<PREVERB<BELE>>
erőszakol,beleerőszakol,1,erőszakol,/VERB|<PREVERB<BELE>>
mélyeszt,belemélyeszt,1,mélyeszt,/VERB|<PREVERB<BELE>>
öltözik,beleöltözik,4,öltözik,/VERB|<PREVERB<BELE>>
vérzik,belevérzik,1,vérzik,/VERB|<PREVERB<BELE>>
oson,beleoson,1,oson,/VERB|<PREVERB<BELE>>
borzong,beleborzong,10,borzong,/VERB|<PREVERB<BELE>>
borong,beleborong,1,borong,/VERB|<PREVERB<BELE>>
törik,beletörik,10,törik,/VERB|<PREVERB<BELE>>
sorakozik,belesorakozik,1,sorakozik,/VERB|<PREVERB<BELE>>
ártja,beleártja,10,ártja,/VERB|<PREVERB<BELE>>
furkál,belefurkál,1,furkál,/VERB|<PREVERB<BELE>>
bújik,belebújik,10,bújik,/VERB|<PREVERB<BELE>>
seggel,beleseggel,2,seggel,/VERB|<PREVERB<BELE>>
prüszköl,beleprüszköl,1,prüszköl,/VERB|<PREVERB<BELE>>
cirpel,belecirpel,1,cirpel,/VERB|<PREVERB<BELE>>
terpeszkedik,beleterpeszkedik,1,terpeszkedik,/VERB|<PREVERB<BELE>>
láttat,beleláttat,2,láttat,/VERB|<PREVERB<BELE>>
növekedik,belenövekedik,1,növekedik,/VERB|<PREVERB<BELE>>
töröl,beletöröl,2,töröl,/VERB|<PREVERB<BELE>>
zuppan,belezuppan,1,zuppan,/VERB|<PREVERB<BELE>>
kalamol,belekalamol,1,kalamol,/VERB|<PREVERB<BELE>>
szárad,beleszárad,5,szárad,/VERB|<PREVERB<BELE>>
imádkozik,beleimádkozik,1,imádkozik,/VERB|<PREVERB<BELE>>
merevedik,belemerevedik,3,merevedik,/VERB|<PREVERB<BELE>>
rezzent,belerezzent,2,rezzent,/VERB|<PREVERB<BELE>>
forraszt,beleforraszt,1,forraszt,/VERB|<PREVERB<BELE>>
számít,beleszámít,11,számít,/VERB|<PREVERB<BELE>>
költ,belekölt,1,költ,/VERB|<PREVERB<BELE>>
borsózik,beleborsózik,4,borsózik,/VERB|<PREVERB<BELE>>
csobban,belecsobban,5,csobban,/VERB|<PREVERB<BELE>>
csöpögtet,belecsöpögtet,3,csöpögtet,/VERB|<PREVERB<BELE>>
fullaszt,belefullaszt,1,fullaszt,/VERB|<PREVERB<BELE>>
dúdol,beledúdol,2,dúdol,/VERB|<PREVERB<BELE>>
cikkezik,belecikkezik,1,cikkezik,/VERB|<PREVERB<BELE>>
tavaszodik,beletavaszodik,1,tavaszodik,/VERB|<PREVERB<BELE>>
feketül,belefeketül,1,feketül,/VERB|<PREVERB<BELE>>
kanalaz,belekanalaz,3,kanalaz,/VERB|<PREVERB<BELE>>
gyökerezik,belegyökerezik,4,gyökerezik,/VERB|<PREVERB<BELE>>
szomorodik,beleszomorodik,3,szomorodik,/VERB|<PREVERB<BELE>>
kalkulál,belekalkulál,1,kalkulál,/VERB|<PREVERB<BELE>>
babrál,belebabrál,3,babrál,/VERB|<PREVERB<BELE>>
burkolózik,beleburkolózik,3,burkolózik,/VERB|<PREVERB<BELE>>
vakul,belevakul,9,vakul,/VERB|<PREVERB<BELE>>
vájkál,belevájkál,1,vájkál,/VERB|<PREVERB<BELE>>
ittasul,beleittasul,2,ittasul,/VERB|<PREVERB<BELE>>
fricskáz,belefricskáz,1,fricskáz,/VERB|<PREVERB<BELE>>
bénul,belebénul,2,bénul,/VERB|<PREVERB<BELE>>
gyömöszöl,belegyömöszöl,2,gyömöszöl,/VERB|<PREVERB<BELE>>
hörpöl,belehörpöl,1,hörpöl,/VERB|<PREVERB<BELE>>
kövesedik,belekövesedik,3,kövesedik,/VERB|<PREVERB<BELE>>
nyársal,belenyársal,1,nyársal,/VERB|<PREVERB<BELE>>
szuszakol,beleszuszakol,1,szuszakol,/VERB|<PREVERB<BELE>>
vakít,belevakít,1,vakít,/VERB|<PREVERB<BELE>>
csömöszöl,belecsömöszöl,1,csömöszöl,/VERB|<PREVERB<BELE>>
korhad,belekorhad,1,korhad,/VERB|<PREVERB<BELE>>
csattint,belecsattint,1,csattint,/VERB|<PREVERB<BELE>>
csikland,belecsikland,1,csikland,/VERB|<PREVERB<BELE>>
turkál,beleturkál,3,turkál,/VERB|<PREVERB<BELE>>
cseveg,belecseveg,1,cseveg,/VERB|<PREVERB<BELE>>
didereg,beledidereg,2,didereg,/VERB|<PREVERB<BELE>>
mosakodik,belemosakszik,1,mosakodik,/VERB|<PREVERB<BELE>>
keserít,belekeserít,1,keserít,/VERB|<PREVERB<BELE>>
hallózik,belehallózik,3,hallózik,/VERB|<PREVERB<BELE>>
pistul,belepistul,8,pistul,/VERB|<PREVERB<BELE>>
verdes,beleverdes,1,verdes,/VERB|<PREVERB<BELE>>
kalimpál,belekalimpál,1,kalimpál,/VERB|<PREVERB<BELE>>
tülköl,beletülköl,1,tülköl,/VERB|<PREVERB<BELE>>
szédít,beleszédít,1,szédít,/VERB|<PREVERB<BELE>>
fojtat,belefojtat,1,fojtat,/VERB|<PREVERB<BELE>>
kérgesedik,belekérgesedik,1,kérgesedik,/VERB|<PREVERB<BELE>>
szórakozik,beleszórakozik,1,szórakozik,/VERB|<PREVERB<BELE>>
öklöz,beleöklöz,1,öklöz,/VERB|<PREVERB<BELE>>
fecseg,belefecseg,1,fecseg,/VERB|<PREVERB<BELE>>
pállik,belepállik,1,pállik,/VERB|<PREVERB<BELE>>
derül,belederül,1,derül,/VERB|<PREVERB<BELE>>
lökdös,belelökdös,1,lökdös,/VERB|<PREVERB<BELE>>
kuszálódik,belekuszálódik,1,kuszálódik,/VERB|<PREVERB<BELE>>
rondít,belerondít,8,rondít,/VERB|<PREVERB<BELE>>
csepereg,belecsepereg,1,csepereg,/VERB|<PREVERB<BELE>>
kényszeredik,belekényszeredik,2,kényszeredik,/VERB|<PREVERB<BELE>>
csikar,belecsikar,1,csikar,/VERB|<PREVERB<BELE>>
kortyint,belekortyint,1,kortyint,/VERB|<PREVERB<BELE>>
fésül,belefésül,1,fésül,/VERB|<PREVERB<BELE>>
hajigál,belehajigál,1,hajigál,/VERB|<PREVERB<BELE>>
kontárkodik,belekontárkodik,7,kontárkodik,/VERB|<PREVERB<BELE>>
majszol,belemajszol,1,majszol,/VERB|<PREVERB<BELE>>
csimpaszkodik,belecsimpaszkodik,8,csimpaszkodik,/VERB|<PREVERB<BELE>>
süketül,belesüketül,5,süketül,/VERB|<PREVERB<BELE>>
nyújtóztat,belenyújtóztat,1,nyújtóztat,/VERB|<PREVERB<BELE>>
sajdul,belesajdul,9,sajdul,/VERB|<PREVERB<BELE>>
következtet,belekövetkeztet,1,következtet,/VERB|<PREVERB<BELE>>
csendít,belecsendít,1,csendít,/VERB|<PREVERB<BELE>>
sercen,belesercen,1,sercen,/VERB|<PREVERB<BELE>>
botol,belebotol,1,botol,/VERB|<PREVERB<BELE>>
sajdít,belesajdít,1,sajdít,/VERB|<PREVERB<BELE>>
verejtékezik,beleverejtékezik,1,verejtékezik,/VERB|<PREVERB<BELE>>
kukkan,belekukkan,1,kukkan,/VERB|<PREVERB<BELE>>
szusszant,beleszusszant,1,szusszant,/VERB|<PREVERB<BELE>>
fingik,belefingik,1,fingik,/VERB|<PREVERB<BELE>>
köhint,beleköhint,1,köhint,/VERB|<PREVERB<BELE>>
beletép,belebeletép,1,beletép,/VERB|<PREVERB<BELE>>
potyog,belepotyog,3,potyog,/VERB|<PREVERB<BELE>>
rugdal,belerugdal,1,rugdal,/VERB|<PREVERB<BELE>>
kényelmesedik,belekényelmesedik,1,kényelmesedik,/VERB|<PREVERB<BELE>>
rugdos,belerugdos,1,rugdos,/VERB|<PREVERB<BELE>>
csöpög,belecsöpög,2,csöpög,/VERB|<PREVERB<BELE>>
fájul,belefájul,2,fájul,/VERB|<PREVERB<BELE>>
lúdbőrözik,belelúdbőrözik,1,lúdbőrözik,/VERB|<PREVERB<BELE>>
tompul,beletompul,5,tompul,/VERB|<PREVERB<BELE>>
ijed,beleijed,1,ijed,/VERB|<PREVERB<BELE>>
kortyol,belekortyol,9,kortyol,/VERB|<PREVERB<BELE>>
számítódik,beleszámítódik,3,számítódik,/VERB|<PREVERB<BELE>>
tagolódik,beletagolódik,3,tagolódik,/VERB|<PREVERB<BELE>>
hurkolódik,belehurkolódik,1,hurkolódik,/VERB|<PREVERB<BELE>>
fásul,belefásul,8,fásul,/VERB|<PREVERB<BELE>>
pendül,belependül,1,pendül,/VERB|<PREVERB<BELE>>
csipog,belecsipog,2,csipog,/VERB|<PREVERB<BELE>>
heccel,beleheccel,2,heccel,/VERB|<PREVERB<BELE>>
nyelvel,belenyelvel,1,nyelvel,/VERB|<PREVERB<BELE>>
szürcsöl,beleszürcsöl,1,szürcsöl,/VERB|<PREVERB<BELE>>
fokoz,belefokoz,1,fokoz,/VERB|<PREVERB<BELE>>
idegződik,beleidegződik,2,idegződik,/VERB|<PREVERB<BELE>>
rozsdásodik,belerozsdásodik,1,rozsdásodik,/VERB|<PREVERB<BELE>>
siketül,belesiketül,3,siketül,/VERB|<PREVERB<BELE>>
tapsol,beletapsol,2,tapsol,/VERB|<PREVERB<BELE>>
ízeledik,beleízeledik,2,ízeledik,/VERB|<PREVERB<BELE>>
kövül,belekövül,2,kövül,/VERB|<PREVERB<BELE>>
vijjog,belevijjog,2,vijjog,/VERB|<PREVERB<BELE>>
torkoskodik,beletorkoskodik,1,torkoskodik,/VERB|<PREVERB<BELE>>
duruzsol,beleduruzsol,1,duruzsol,/VERB|<PREVERB<BELE>>
kanyarodik,belekanyarodik,1,kanyarodik,/VERB|<PREVERB<BELE>>
villant,belevillant,7,villant,/VERB|<PREVERB<BELE>>
hagy,belehagy,1,hagy,/VERB|<PREVERB<BELE>>
bonyolódik,belebonyolódik,9,bonyolódik,/VERB|<PREVERB<BELE>>
hall,belehall,3,hall,/VERB|<PREVERB<BELE>>
hangzik,belehangzik,3,hangzik,/VERB|<PREVERB<BELE>>
hajt,belehajt,6,hajt,/VERB|<PREVERB<BELE>>
villámlik,belevillámlik,1,villámlik,/VERB|<PREVERB<BELE>>
csókol,belecsókol,6,csókol,/VERB|<PREVERB<BELE>>
tülköl,beletülköl,1,tülköl,/VERB|<PREVERB<BELE>>
reccsent,belereccsent,9,reccsent,/VERB|<PREVERB<BELE>>
szédül,beleszédül,11,szédül,/VERB|<PREVERB<BELE>>
szédít,beleszédít,1,szédít,/VERB|<PREVERB<BELE>>
ragyog,beleragyog,1,ragyog,/VERB|<PREVERB<BELE>>
beszél,belebeszél,10,beszél,/VERB|<PREVERB<BELE>>
mosolyog,belemosolyog,7,mosolyog,/VERB|<PREVERB<BELE>>
zökken,belezökken,4,zökken,/VERB|<PREVERB<BELE>>
harsog,beleharsog,4,harsog,/VERB|<PREVERB<BELE>>
torzul,beletorzul,3,torzul,/VERB|<PREVERB<BELE>>
zabál,belezabál,6,zabál,/VERB|<PREVERB<BELE>>
nyújt,belenyújt,1,nyújt,/VERB|<PREVERB<BELE>>
tartozik,beletartozik,12,tartozik,/VERB|<PREVERB<BELE>>
ízlel,beleízlel,1,ízlel,/VERB|<PREVERB<BELE>>
zörög,belezörög,2,zörög,/VERB|<PREVERB<BELE>>
vörösödik,belevörösödik,5,vörösödik,/VERB|<PREVERB<BELE>>
kopogtat,belekopogtat,1,kopogtat,/VERB|<PREVERB<BELE>>
fojtat,belefojtat,1,fojtat,/VERB|<PREVERB<BELE>>
kérgesedik,belekérgesedik,1,kérgesedik,/VERB|<PREVERB<BELE>>
szürkül,beleszürkül,7,szürkül,/VERB|<PREVERB<BELE>>
hint,belehint,1,hint,/VERB|<PREVERB<BELE>>
szórakozik,beleszórakozik,1,szórakozik,/VERB|<PREVERB<BELE>>
hisz,belehisz,1,hisz,/VERB|<PREVERB<BELE>>
öklöz,beleöklöz,1,öklöz,/VERB|<PREVERB<BELE>>
fecseg,belefecseg,1,fecseg,/VERB|<PREVERB<BELE>>
ketyeg,beleketyeg,1,ketyeg,/VERB|<PREVERB<BELE>>
pállik,belepállik,1,pállik,/VERB|<PREVERB<BELE>>
furakszik,belefurakszik,1,furakszik,/VERB|<PREVERB<BELE>>
öltöztet,beleöltöztet,1,öltöztet,/VERB|<PREVERB<BELE>>
márt,belemárt,3,márt,/VERB|<PREVERB<BELE>>
derül,belederül,1,derül,/VERB|<PREVERB<BELE>>
áramlik,beleáramlik,6,áramlik,/VERB|<PREVERB<BELE>>
csobog,belecsobog,1,csobog,/VERB|<PREVERB<BELE>>
izzad,beleizzad,9,izzad,/VERB|<PREVERB<BELE>>
billent,belebillent,1,billent,/VERB|<PREVERB<BELE>>
bámul,belebámul,11,bámul,/VERB|<PREVERB<BELE>>
pattan,belepattan,1,pattan,/VERB|<PREVERB<BELE>>
pattog,belepattog,1,pattog,/VERB|<PREVERB<BELE>>
szeret,beleszeret,27,szeret,/VERB|<PREVERB<BELE>>
merészkedik,belemerészkedik,1,merészkedik,/VERB|<PREVERB<BELE>>
szerel,beleszerel,1,szerel,/VERB|<PREVERB<BELE>>
látszik,belelátszik,2,látszik,/VERB|<PREVERB<BELE>>
süvít,belesüvít,1,süvít,/VERB|<PREVERB<BELE>>
lökdös,belelökdös,1,lökdös,/VERB|<PREVERB<BELE>>
kuszálódik,belekuszálódik,1,kuszálódik,/VERB|<PREVERB<BELE>>
rondít,belerondít,8,rondít,/VERB|<PREVERB<BELE>>
soványodik,belesoványodik,4,soványodik,/VERB|<PREVERB<BELE>>
izzik,beleizzik,2,izzik,/VERB|<PREVERB<BELE>>
kéklik,belekéklik,1,kéklik,/VERB|<PREVERB<BELE>>
csepereg,belecsepereg,1,csepereg,/VERB|<PREVERB<BELE>>
értet,beleértet,1,értet,/VERB|<PREVERB<BELE>>
szépül,beleszépül,1,szépül,/VERB|<PREVERB<BELE>>
kényszeredik,belekényszeredik,2,kényszeredik,/VERB|<PREVERB<BELE>>
zeng,belezeng,2,zeng,/VERB|<PREVERB<BELE>>
bódul,belebódul,5,bódul,/VERB|<PREVERB<BELE>>
pukkad,belepukkad,1,pukkad,/VERB|<PREVERB<BELE>>
érzik,beleérzik,2,érzik,/VERB|<PREVERB<BELE>>
csuklik,belecsuklik,1,csuklik,/VERB|<PREVERB<BELE>>
csikar,belecsikar,1,csikar,/VERB|<PREVERB<BELE>>
telepedik,beletelepedik,1,telepedik,/VERB|<PREVERB<BELE>>
telepedik,beletelepszik,2,telepedik,/VERB|<PREVERB<BELE>>
nyilallik,belenyilallik,7,nyilallik,/VERB|<PREVERB<BELE>>
nyilallik,belenyilall,6,nyilallik,/VERB|<PREVERB<BELE>>
mordul,belemordul,3,mordul,/VERB|<PREVERB<BELE>>
szökkent,beleszökkent,1,szökkent,/VERB|<PREVERB<BELE>>
nyúlkál,belenyúlkál,3,nyúlkál,/VERB|<PREVERB<BELE>>
kottyan,belekottyan,4,kottyan,/VERB|<PREVERB<BELE>>
nézeget,belenézeget,3,nézeget,/VERB|<PREVERB<BELE>>
kacsint,belekacsint,3,kacsint,/VERB|<PREVERB<BELE>>
kortyint,belekortyint,1,kortyint,/VERB|<PREVERB<BELE>>
döccen,beledöccen,1,döccen,/VERB|<PREVERB<BELE>>
rebben,belerebben,1,rebben,/VERB|<PREVERB<BELE>>
kurjant,belekurjant,2,kurjant,/VERB|<PREVERB<BELE>>
fésül,belefésül,1,fésül,/VERB|<PREVERB<BELE>>
reszel,belereszel,1,reszel,/VERB|<PREVERB<BELE>>
hajigál,belehajigál,1,hajigál,/VERB|<PREVERB<BELE>>
hempereg,belehempereg,5,hempereg,/VERB|<PREVERB<BELE>>
hallik,belehallik,1,hallik,/VERB|<PREVERB<BELE>>
zavar,belezavar,6,zavar,/VERB|<PREVERB<BELE>>
kapcsol,belekapcsol,5,kapcsol,/VERB|<PREVERB<BELE>>
kontárkodik,belekontárkodik,7,kontárkodik,/VERB|<PREVERB<BELE>>
majszol,belemajszol,1,majszol,/VERB|<PREVERB<BELE>>
kattint,belekattint,1,kattint,/VERB|<PREVERB<BELE>>
dobat,beledobat,1,dobat,/VERB|<PREVERB<BELE>>
csimpaszkodik,belecsimpaszkodik,8,csimpaszkodik,/VERB|<PREVERB<BELE>>
hibban,belehibban,1,hibban,/VERB|<PREVERB<BELE>>
úszik,beleúszik,5,úszik,/VERB|<PREVERB<BELE>>
vész,belevész,12,vész,/VERB|<PREVERB<BELE>>
alakul,belealakul,2,alakul,/VERB|<PREVERB<BELE>>
süketül,belesüketül,5,süketül,/VERB|<PREVERB<BELE>>
dönt,beledönt,1,dönt,/VERB|<PREVERB<BELE>>
döng,beledöng,1,döng,/VERB|<PREVERB<BELE>>
nyújtóztat,belenyújtóztat,1,nyújtóztat,/VERB|<PREVERB<BELE>>
kapcsolódhatik,belekapcsolódhatik,1,kapcsolódhatik,/VERB|<PREVERB<BELE>>
lobban,belelobban,1,lobban,/VERB|<PREVERB<BELE>>
dobog,beledobog,1,dobog,/VERB|<PREVERB<BELE>>
sajdul,belesajdul,9,sajdul,/VERB|<PREVERB<BELE>>
vigyorog,belevigyorog,2,vigyorog,/VERB|<PREVERB<BELE>>
suttyant,belesuttyant,1,suttyant,/VERB|<PREVERB<BELE>>
jegyez,belejegyez,2,jegyez,/VERB|<PREVERB<BELE>>
ütközik,beleütközik,10,ütközik,/VERB|<PREVERB<BELE>>
csendül,belecsendül,7,csendül,/VERB|<PREVERB<BELE>>
következtet,belekövetkeztet,1,következtet,/VERB|<PREVERB<BELE>>
borul,beleborul,1,borul,/VERB|<PREVERB<BELE>>
dobál,beledobál,2,dobál,/VERB|<PREVERB<BELE>>
csendít,belecsendít,1,csendít,/VERB|<PREVERB<BELE>>
csöppen,belecsöppen,7,csöppen,/VERB|<PREVERB<BELE>>
sercen,belesercen,1,sercen,/VERB|<PREVERB<BELE>>
értődik,beleértődik,6,értődik,/VERB|<PREVERB<BELE>>
botol,belebotol,1,botol,/VERB|<PREVERB<BELE>>
tántorodik,beletántorodik,1,tántorodik,/VERB|<PREVERB<BELE>>
sajdít,belesajdít,1,sajdít,/VERB|<PREVERB<BELE>>
verejtékezik,beleverejtékezik,1,verejtékezik,/VERB|<PREVERB<BELE>>
kukkan,belekukkan,1,kukkan,/VERB|<PREVERB<BELE>>
szusszant,beleszusszant,1,szusszant,/VERB|<PREVERB<BELE>>
fingik,belefingik,1,fingik,/VERB|<PREVERB<BELE>>
hever,belehever,1,hever,/VERB|<PREVERB<BELE>>
pislant,belepislant,2,pislant,/VERB|<PREVERB<BELE>>
köhint,beleköhint,1,köhint,/VERB|<PREVERB<BELE>>
beletép,belebeletép,1,beletép,/VERB|<PREVERB<BELE>>
találkozik,beletalálkozik,1,találkozik,/VERB|<PREVERB<BELE>>
reszket,belereszket,10,reszket,/VERB|<PREVERB<BELE>>
ködöl,beleködöl,2,ködöl,/VERB|<PREVERB<BELE>>
szökik,beleszökik,3,szökik,/VERB|<PREVERB<BELE>>
bonyolít,belebonyolít,1,bonyolít,/VERB|<PREVERB<BELE>>
nyomorodik,belenyomorodik,1,nyomorodik,/VERB|<PREVERB<BELE>>
potyog,belepotyog,3,potyog,/VERB|<PREVERB<BELE>>
rugdal,belerugdal,1,rugdal,/VERB|<PREVERB<BELE>>
bocsát,belebocsát,1,bocsát,/VERB|<PREVERB<BELE>>
kényelmesedik,belekényelmesedik,1,kényelmesedik,/VERB|<PREVERB<BELE>>
rugdos,belerugdos,1,rugdos,/VERB|<PREVERB<BELE>>
csöpög,belecsöpög,2,csöpög,/VERB|<PREVERB<BELE>>
fájul,belefájul,2,fájul,/VERB|<PREVERB<BELE>>
láncol,beleláncol,1,láncol,/VERB|<PREVERB<BELE>>
hevül,belehevül,1,hevül,/VERB|<PREVERB<BELE>>
települ,beletelepül,1,települ,/VERB|<PREVERB<BELE>>
álmodik,beleálmodik,2,álmodik,/VERB|<PREVERB<BELE>>
ugrat,beleugrat,2,ugrat,/VERB|<PREVERB<BELE>>
ugrik,beleugrik,11,ugrik,/VERB|<PREVERB<BELE>>
kóborol,belekóborol,1,kóborol,/VERB|<PREVERB<BELE>>
lúdbőrözik,belelúdbőrözik,1,lúdbőrözik,/VERB|<PREVERB<BELE>>
fűződik,belefűződik,1,fűződik,/VERB|<PREVERB<BELE>>
tompul,beletompul,5,tompul,/VERB|<PREVERB<BELE>>
nyomódik,belenyomódik,5,nyomódik,/VERB|<PREVERB<BELE>>
ijed,beleijed,1,ijed,/VERB|<PREVERB<BELE>>
kortyol,belekortyol,9,kortyol,/VERB|<PREVERB<BELE>>
bólint,belebólint,2,bólint,/VERB|<PREVERB<BELE>>
rejt,belerejt,1,rejt,/VERB|<PREVERB<BELE>>
fárad,belefárad,11,fárad,/VERB|<PREVERB<BELE>>
reng,belereng,7,reng,/VERB|<PREVERB<BELE>>
köpdös,beleköpdös,2,köpdös,/VERB|<PREVERB<BELE>>
fúródik,belefúródik,8,fúródik,/VERB|<PREVERB<BELE>>
kapdos,belekapdos,1,kapdos,/VERB|<PREVERB<BELE>>
számítódik,beleszámítódik,3,számítódik,/VERB|<PREVERB<BELE>>
lehel,belelehel,1,lehel,/VERB|<PREVERB<BELE>>
tagolódik,beletagolódik,3,tagolódik,/VERB|<PREVERB<BELE>>
hurkolódik,belehurkolódik,1,hurkolódik,/VERB|<PREVERB<BELE>>
fásul,belefásul,8,fásul,/VERB|<PREVERB<BELE>>
eszik,beleeszik,3,eszik,/VERB|<PREVERB<BELE>>
pendül,belependül,1,pendül,/VERB|<PREVERB<BELE>>
terjeszkedik,beleterjeszkedik,3,terjeszkedik,/VERB|<PREVERB<BELE>>
csinál,belecsinál,1,csinál,/VERB|<PREVERB<BELE>>
rikkant,belerikkant,1,rikkant,/VERB|<PREVERB<BELE>>
kacag,belekacag,3,kacag,/VERB|<PREVERB<BELE>>
süvölt,belesüvölt,2,süvölt,/VERB|<PREVERB<BELE>>
csipog,belecsipog,2,csipog,/VERB|<PREVERB<BELE>>
heccel,beleheccel,2,heccel,/VERB|<PREVERB<BELE>>
nyelvel,belenyelvel,1,nyelvel,/VERB|<PREVERB<BELE>>
kötöz,belekötöz,3,kötöz,/VERB|<PREVERB<BELE>>
fullad,belefullad,11,fullad,/VERB|<PREVERB<BELE>>
szürcsöl,beleszürcsöl,1,szürcsöl,/VERB|<PREVERB<BELE>>
fokoz,belefokoz,1,fokoz,/VERB|<PREVERB<BELE>>
keseredik,belekeseredik,3,keseredik,/VERB|<PREVERB<BELE>>
idegződik,beleidegződik,2,idegződik,/VERB|<PREVERB<BELE>>
rozsdásodik,belerozsdásodik,1,rozsdásodik,/VERB|<PREVERB<BELE>>
siketül,belesiketül,3,siketül,/VERB|<PREVERB<BELE>>
tapsol,beletapsol,2,tapsol,/VERB|<PREVERB<BELE>>
állít,beleállít,3,állít,/VERB|<PREVERB<BELE>>
rogy,belerogy,1,rogy,/VERB|<PREVERB<BELE>>
ront,beleront,8,ront,/VERB|<PREVERB<BELE>>
hódol,belehódol,1,hódol,/VERB|<PREVERB<BELE>>
döbben,beledöbben,4,döbben,/VERB|<PREVERB<BELE>>
dob,beledob,8,dob,/VERB|<PREVERB<BELE>>
ízeledik,beleízeledik,2,ízeledik,/VERB|<PREVERB<BELE>>
dug,beledug,6,dug,/VERB|<PREVERB<BELE>>
kövül,belekövül,2,kövül,/VERB|<PREVERB<BELE>>
vijjog,belevijjog,2,vijjog,/VERB|<PREVERB<BELE>>
torkoskodik,beletorkoskodik,1,torkoskodik,/VERB|<PREVERB<BELE>>
cseppent,belecseppent,5,cseppent,/VERB|<PREVERB<BELE>>
ejt,beleejt,3,ejt,/VERB|<PREVERB<BELE>>
duruzsol,beleduruzsol,1,duruzsol,/VERB|<PREVERB<BELE>>
roppan,beleroppan,9,roppan,/VERB|<PREVERB<BELE>>
forog,beleforog,3,forog,/VERB|<PREVERB<BELE>>
fosik,belefosik,1,fosik,/VERB|<PREVERB<BELE>>
fülel,belefülel,3,fülel,/VERB|<PREVERB<BELE>>
fal,belefal,4,fal,/VERB|<PREVERB<BELE>>
sárgul,belesárgul,1,sárgul,/VERB|<PREVERB<BELE>>
bolondul,belebolondul,11,bolondul,/VERB|<PREVERB<BELE>>
fog,belefog,11,fog,/VERB|<PREVERB<BELE>>
fon,belefon,1,fon,/VERB|<PREVERB<BELE>>
fut,belefut,10,fut,/VERB|<PREVERB<BELE>>
hunyorog,belehunyorog,3,hunyorog,/VERB|<PREVERB<BELE>>
bök,belebök,3,bök,/VERB|<PREVERB<BELE>>
búg,belebúg,2,búg,/VERB|<PREVERB<BELE>>
búj,belebúj,2,búj,/VERB|<PREVERB<BELE>>
ordít,beleordít,10,ordít,/VERB|<PREVERB<BELE>>
durrant,beledurrant,1,durrant,/VERB|<PREVERB<BELE>>
szövődik,beleszövődik,8,szövődik,/VERB|<PREVERB<BELE>>
hal,belehal,14,hal,/VERB|<PREVERB<BELE>>
hat,belehat,2,hat,/VERB|<PREVERB<BELE>>
csapkod,belecsapkod,2,csapkod,/VERB|<PREVERB<BELE>>
döf,beledöf,7,döf,/VERB|<PREVERB<BELE>>
lopózik,belelopózik,1,lopózik,/VERB|<PREVERB<BELE>>
irt,beleirt,2,irt,/VERB|<PREVERB<BELE>>
bőg,belebőg,4,bőg,/VERB|<PREVERB<BELE>>
lapátol,belelapátol,1,lapátol,/VERB|<PREVERB<BELE>>
fáj,belefáj,1,fáj,/VERB|<PREVERB<BELE>>
fér,belefér,13,fér,/VERB|<PREVERB<BELE>>
fogózik,belefogózik,2,fogózik,/VERB|<PREVERB<BELE>>
jut,belejut,6,jut,/VERB|<PREVERB<BELE>>
fúj,belefúj,10,fúj,/VERB|<PREVERB<BELE>>
fúl,belefúl,9,fúl,/VERB|<PREVERB<BELE>>
fúr,belefúr,5,fúr,/VERB|<PREVERB<BELE>>
kap,belekap,10,kap,/VERB|<PREVERB<BELE>>
kel,belekel,4,kel,/VERB|<PREVERB<BELE>>
ken,beleken,4,ken,/VERB|<PREVERB<BELE>>
örül,beleörül,2,örül,/VERB|<PREVERB<BELE>>
hunyorít,belehunyorít,1,hunyorít,/VERB|<PREVERB<BELE>>
lubickol,belelubickol,1,lubickol,/VERB|<PREVERB<BELE>>
káprázik,belekáprázik,6,káprázik,/VERB|<PREVERB<BELE>>
gór,belegór,1,gór,/VERB|<PREVERB<BELE>>
dől,beledől,8,dől,/VERB|<PREVERB<BELE>>
hág,belehág,2,hág,/VERB|<PREVERB<BELE>>
hál,belehál,1,hál,/VERB|<PREVERB<BELE>>
les,beleles,5,les,/VERB|<PREVERB<BELE>>
karol,belekarol,9,karol,/VERB|<PREVERB<BELE>>
sodródik,belesodródik,14,sodródik,/VERB|<PREVERB<BELE>>
lop,belelop,3,lop,/VERB|<PREVERB<BELE>>
ébred,beleébred,1,ébred,/VERB|<PREVERB<BELE>>
dűl,beledűl,1,dűl,/VERB|<PREVERB<BELE>>
húz,belehúz,5,húz,/VERB|<PREVERB<BELE>>
mar,belemar,10,mar,/VERB|<PREVERB<BELE>>
mer,belemer,1,mer,/VERB|<PREVERB<BELE>>
citerázik,beleciterázik,1,citerázik,/VERB|<PREVERB<BELE>>
mos,belemos,3,mos,/VERB|<PREVERB<BELE>>
mozdul,belemozdul,2,mozdul,/VERB|<PREVERB<BELE>>
főz,belefőz,2,főz,/VERB|<PREVERB<BELE>>
jár,belejár,8,jár,/VERB|<PREVERB<BELE>>
fecskendez,belefecskendez,2,fecskendez,/VERB|<PREVERB<BELE>>
lábal,belelábal,1,lábal,/VERB|<PREVERB<BELE>>
fűz,belefűz,2,fűz,/VERB|<PREVERB<BELE>>
jön,belejön,11,jön,/VERB|<PREVERB<BELE>>
jön,belejő,3,jön,/VERB|<PREVERB<BELE>>
kapál,belekapál,1,kapál,/VERB|<PREVERB<BELE>>
rajzol,belerajzol,3,rajzol,/VERB|<PREVERB<BELE>>
némul,belenémul,2,némul,/VERB|<PREVERB<BELE>>
ojt,beleojt,1,ojt,/VERB|<PREVERB<BELE>>
költözködik,beleköltözködik,1,költözködik,/VERB|<PREVERB<BELE>>
olt,beleolt,3,olt,/VERB|<PREVERB<BELE>>
köp,beleköp,12,köp,/VERB|<PREVERB<BELE>>
köt,beleköt,13,köt,/VERB|<PREVERB<BELE>>
böngészik,beleböngészik,1,böngészik,/VERB|<PREVERB<BELE>>
lát,belelát,12,lát,/VERB|<PREVERB<BELE>>
libben,belelibben,3,libben,/VERB|<PREVERB<BELE>>
lép,belelép,12,lép,/VERB|<PREVERB<BELE>>
lóg,belelóg,10,lóg,/VERB|<PREVERB<BELE>>
hűl,belehűl,1,hűl,/VERB|<PREVERB<BELE>>
lök,belelök,5,lök,/VERB|<PREVERB<BELE>>
kavar,belekavar,5,kavar,/VERB|<PREVERB<BELE>>
nyúlik,belenyúlik,10,nyúlik,/VERB|<PREVERB<BELE>>
mér,belemér,1,mér,/VERB|<PREVERB<BELE>>
akad,beleakad,10,akad,/VERB|<PREVERB<BELE>>
savanyodik,belesavanyodik,1,savanyodik,/VERB|<PREVERB<BELE>>
belecsókol,belebelecsókol,1,belecsókol,/VERB|<PREVERB<BELE>>
rak,belerak,6,rak,/VERB|<PREVERB<BELE>>
táplál,beletáplál,1,táplál,/VERB|<PREVERB<BELE>>
néz,belenéz,18,néz,/VERB|<PREVERB<BELE>>
járul,belejárul,2,járul,/VERB|<PREVERB<BELE>>
ragaszkodik,beleragaszkodik,2,ragaszkodik,/VERB|<PREVERB<BELE>>
pofázik,belepofáz,1,pofázik,/VERB|<PREVERB<BELE>>
pofázik,belepofázik,4,pofázik,/VERB|<PREVERB<BELE>>
sző,belesző,6,sző,/VERB|<PREVERB<BELE>>
ülhet,beleülhet,6,ülhet,/VERB|<PREVERB<BELE>>
tehénkedik,beletehénkedik,1,tehénkedik,/VERB|<PREVERB<BELE>>
rezzen,belerezzen,2,rezzen,/VERB|<PREVERB<BELE>>
tol,beletol,1,tol,/VERB|<PREVERB<BELE>>
top,beletop,1,top,/VERB|<PREVERB<BELE>>
tud,beletud,3,tud,/VERB|<PREVERB<BELE>>
iszik,beleiszik,8,iszik,/VERB|<PREVERB<BELE>>
buggyan,belebuggyan,3,buggyan,/VERB|<PREVERB<BELE>>
részegül,belerészegül,1,részegül,/VERB|<PREVERB<BELE>>
magasodik,belemagasodik,1,magasodik,/VERB|<PREVERB<BELE>>
kenődik,belekenődik,2,kenődik,/VERB|<PREVERB<BELE>>
van,belevan,4,van,/VERB|<PREVERB<BELE>>
züllik,belezüllik,1,züllik,/VERB|<PREVERB<BELE>>
mászik,belemászik,7,mászik,/VERB|<PREVERB<BELE>>
rág,belerág,3,rág,/VERB|<PREVERB<BELE>>
ver,belever,7,ver,/VERB|<PREVERB<BELE>>
vet,belevet,6,vet,/VERB|<PREVERB<BELE>>
ráz,beleráz,1,ráz,/VERB|<PREVERB<BELE>>
von,belevon,8,von,/VERB|<PREVERB<BELE>>
ömlik,beleömlik,10,ömlik,/VERB|<PREVERB<BELE>>
egyesül,beleegyesül,1,egyesül,/VERB|<PREVERB<BELE>>
szalajt,beleszalajt,1,szalajt,/VERB|<PREVERB<BELE>>
rúg,belerúg,14,rúg,/VERB|<PREVERB<BELE>>
vágódik,belevágódik,6,vágódik,/VERB|<PREVERB<BELE>>
nevet,belenevet,6,nevet,/VERB|<PREVERB<BELE>>
nevel,belenevel,2,nevel,/VERB|<PREVERB<BELE>>
sír,belesír,5,sír,/VERB|<PREVERB<BELE>>
súg,belesúg,1,súg,/VERB|<PREVERB<BELE>>
sül,belesül,9,sül,/VERB|<PREVERB<BELE>>
süt,belesüt,5,süt,/VERB|<PREVERB<BELE>>
tép,beletép,7,tép,/VERB|<PREVERB<BELE>>
tér,beletér,2,tér,/VERB|<PREVERB<BELE>>
káromkodik,belekáromkodik,1,káromkodik,/VERB|<PREVERB<BELE>>
töm,beletöm,1,töm,/VERB|<PREVERB<BELE>>
tör,beletör,11,tör,/VERB|<PREVERB<BELE>>
bicsaklik,belebicsaklik,1,bicsaklik,/VERB|<PREVERB<BELE>>
túr,beletúr,9,túr,/VERB|<PREVERB<BELE>>
csapódik,belecsapódik,4,csapódik,/VERB|<PREVERB<BELE>>
vág,belevág,10,vág,/VERB|<PREVERB<BELE>>
váj,beleváj,4,váj,/VERB|<PREVERB<BELE>>
vár,belevár,4,vár,/VERB|<PREVERB<BELE>>
botlik,belebotlik,10,botlik,/VERB|<PREVERB<BELE>>
vés,belevés,5,vés,/VERB|<PREVERB<BELE>>
testesül,beletestesül,2,testesül,/VERB|<PREVERB<BELE>>
lobog,belelobog,4,lobog,/VERB|<PREVERB<BELE>>
nézet,belenézet,1,nézet,/VERB|<PREVERB<BELE>>
fészkelődik,belefészkelődik,2,fészkelődik,/VERB|<PREVERB<BELE>>
kémlel,belekémlel,1,kémlel,/VERB|<PREVERB<BELE>>
avat,beleavat,4,avat,/VERB|<PREVERB<BELE>>
süpped,belesüpped,11,süpped,/VERB|<PREVERB<BELE>>
folyik,belefolyik,10,folyik,/VERB|<PREVERB<BELE>>
tűz,beletűz,1,tűz,/VERB|<PREVERB<BELE>>
huppan,belehuppan,6,huppan,/VERB|<PREVERB<BELE>>
kaffog,belekaffog,1,kaffog,/VERB|<PREVERB<BELE>>
világít,belevilágít,10,világít,/VERB|<PREVERB<BELE>>
feketedik,belefeketedik,6,feketedik,/VERB|<PREVERB<BELE>>
zár,belezár,3,zár,/VERB|<PREVERB<BELE>>
pottyan,belepottyan,9,pottyan,/VERB|<PREVERB<BELE>>
lobbant,belelobbant,1,lobbant,/VERB|<PREVERB<BELE>>
laposodik,belelaposodik,1,laposodik,/VERB|<PREVERB<BELE>>
kandikál,belekandikál,1,kandikál,/VERB|<PREVERB<BELE>>
pesel,belepesel,1,pesel,/VERB|<PREVERB<BELE>>
zúg,belezúg,7,zúg,/VERB|<PREVERB<BELE>>
sötétedik,belesötétedik,1,sötétedik,/VERB|<PREVERB<BELE>>
pereg,belepereg,1,pereg,/VERB|<PREVERB<BELE>>
dermed,beledermed,8,dermed,/VERB|<PREVERB<BELE>>
reccsen,belereccsen,4,reccsen,/VERB|<PREVERB<BELE>>
nyekken,belenyekken,1,nyekken,/VERB|<PREVERB<BELE>>
illeszkedik,beleilleszkedik,10,illeszkedik,/VERB|<PREVERB<BELE>>
egyezik,beleegyez,12,egyezik,/VERB|<PREVERB<BELE>>
egyezik,beleegyezik,14,egyezik,/VERB|<PREVERB<BELE>>
zuhog,belezuhog,3,zuhog,/VERB|<PREVERB<BELE>>
zuhan,belezuhan,10,zuhan,/VERB|<PREVERB<BELE>>
szúródik,beleszúródik,4,szúródik,/VERB|<PREVERB<BELE>>
veszik,beleveszik,8,veszik,/VERB|<PREVERB<BELE>>
tolakszik,beletolakszik,1,tolakszik,/VERB|<PREVERB<BELE>>
állapodik,beleállapodik,2,állapodik,/VERB|<PREVERB<BELE>>
ültet,beleültet,3,ültet,/VERB|<PREVERB<BELE>>
kotyog,belekotyog,6,kotyog,/VERB|<PREVERB<BELE>>
simul,belesimul,10,simul,/VERB|<PREVERB<BELE>>
reked,belereked,2,reked,/VERB|<PREVERB<BELE>>
ragaszt,beleragaszt,2,ragaszt,/VERB|<PREVERB<BELE>>
mosódik,belemosódik,5,mosódik,/VERB|<PREVERB<BELE>>
vigasztalódik,belevigasztalódik,1,vigasztalódik,/VERB|<PREVERB<BELE>>
fogózkodik,belefogózkodik,1,fogózkodik,/VERB|<PREVERB<BELE>>
remeg,beleremeg,12,remeg,/VERB|<PREVERB<BELE>>
iktat,beleiktat,1,iktat,/VERB|<PREVERB<BELE>>
pördül,belepördül,1,pördül,/VERB|<PREVERB<BELE>>
vinnyog,belevinnyog,1,vinnyog,/VERB|<PREVERB<BELE>>
kanyarog,belekanyarog,1,kanyarog,/VERB|<PREVERB<BELE>>
szemlélődik,beleszemlélődik,2,szemlélődik,/VERB|<PREVERB<BELE>>
sikamlik,belesikamlik,1,sikamlik,/VERB|<PREVERB<BELE>>
csavarodik,belecsavarodik,6,csavarodik,/VERB|<PREVERB<BELE>>
igazodik,beleigazodik,3,igazodik,/VERB|<PREVERB<BELE>>
terjed,beleterjed,3,terjed,/VERB|<PREVERB<BELE>>
sűrít,belesűrít,1,sűrít,/VERB|<PREVERB<BELE>>
trappol,beletrappol,1,trappol,/VERB|<PREVERB<BELE>>
pumpál,belepumpál,1,pumpál,/VERB|<PREVERB<BELE>>
reped,belereped,4,reped,/VERB|<PREVERB<BELE>>
fájdul,belefájdul,9,fájdul,/VERB|<PREVERB<BELE>>
linkel,belelinkel,1,linkel,/VERB|<PREVERB<BELE>>
csusszan,belecsusszan,2,csusszan,/VERB|<PREVERB<BELE>>
fehérlik,belefehérlik,1,fehérlik,/VERB|<PREVERB<BELE>>
izzaszt,beleizzaszt,1,izzaszt,/VERB|<PREVERB<BELE>>
szar,beleszar,1,szar,/VERB|<PREVERB<BELE>>
szab,beleszab,1,szab,/VERB|<PREVERB<BELE>>
csörren,belecsörren,1,csörren,/VERB|<PREVERB<BELE>>
szed,beleszed,1,szed,/VERB|<PREVERB<BELE>>
melegszik,belemelegszik,8,melegszik,/VERB|<PREVERB<BELE>>
suhint,belesuhint,3,suhint,/VERB|<PREVERB<BELE>>
nyilvánul,belenyilvánul,1,nyilvánul,/VERB|<PREVERB<BELE>>
rokkan,belerokkan,10,rokkan,/VERB|<PREVERB<BELE>>
repül,belerepül,9,repül,/VERB|<PREVERB<BELE>>
toccsan,beletoccsan,1,toccsan,/VERB|<PREVERB<BELE>>
sivít,belesivít,1,sivít,/VERB|<PREVERB<BELE>>
cseppen,belecseppen,2,cseppen,/VERB|<PREVERB<BELE>>
tehet,beletehet,3,tehet,/VERB|<PREVERB<BELE>>
röffen,beleröffen,1,röffen,/VERB|<PREVERB<BELE>>
gyújt,belegyújt,1,gyújt,/VERB|<PREVERB<BELE>>
teker,beleteker,1,teker,/VERB|<PREVERB<BELE>>
hajszol,belehajszol,4,hajszol,/VERB|<PREVERB<BELE>>
zsúfol,belezsúfol,1,zsúfol,/VERB|<PREVERB<BELE>>
kelt,belekelt,1,kelt,/VERB|<PREVERB<BELE>>
figyel,belefigyel,4,figyel,/VERB|<PREVERB<BELE>>
hentereg,belehentereg,1,hentereg,/VERB|<PREVERB<BELE>>
ütődik,beleütődik,9,ütődik,/VERB|<PREVERB<BELE>>
szív,beleszív,4,szív,/VERB|<PREVERB<BELE>>
kezd,belekezd,11,kezd,/VERB|<PREVERB<BELE>>
fehéredik,belefehéredik,1,fehéredik,/VERB|<PREVERB<BELE>>
szór,beleszór,2,szór,/VERB|<PREVERB<BELE>>
szól,beleszól,18,szól,/VERB|<PREVERB<BELE>>
szúr,beleszúr,7,szúr,/VERB|<PREVERB<BELE>>
szül,beleszül,4,szül,/VERB|<PREVERB<BELE>>
réved,beleréved,4,réved,/VERB|<PREVERB<BELE>>
térdel,beletérdel,2,térdel,/VERB|<PREVERB<BELE>>
döbbent,beledöbbent,2,döbbent,/VERB|<PREVERB<BELE>>
rezel,belerezel,1,rezel,/VERB|<PREVERB<BELE>>
rezeg,belerezeg,3,rezeg,/VERB|<PREVERB<BELE>>
győződik,belegyőződik,5,győződik,/VERB|<PREVERB<BELE>>
temet,beletemet,2,temet,/VERB|<PREVERB<BELE>>
telik,beletelik,12,telik,/VERB|<PREVERB<BELE>>
tart,beletart,2,tart,/VERB|<PREVERB<BELE>>
vetődik,belevetődik,2,vetődik,/VERB|<PREVERB<BELE>>
motyog,belemotyog,1,motyog,/VERB|<PREVERB<BELE>>
révül,belerévül,2,révül,/VERB|<PREVERB<BELE>>
stilizál,belestilizál,1,stilizál,/VERB|<PREVERB<BELE>>
maszturbál,belemaszturbál,1,maszturbál,/VERB|<PREVERB<BELE>>
süttet,belesüttet,1,süttet,/VERB|<PREVERB<BELE>>
foglal,belefoglal,5,foglal,/VERB|<PREVERB<BELE>>
tekerőzik,beletekerőzik,1,tekerőzik,/VERB|<PREVERB<BELE>>
pusztul,belepusztul,12,pusztul,/VERB|<PREVERB<BELE>>
vonaglik,belevonaglik,3,vonaglik,/VERB|<PREVERB<BELE>>
sajog,belesajog,4,sajog,/VERB|<PREVERB<BELE>>
vedel,belevedel,1,vedel,/VERB|<PREVERB<BELE>>
tesz,beletesz,21,tesz,/VERB|<PREVERB<BELE>>
roskad,beleroskad,8,roskad,/VERB|<PREVERB<BELE>>
cincog,belecincog,2,cincog,/VERB|<PREVERB<BELE>>
fogódzik,belefogódzik,6,fogódzik,/VERB|<PREVERB<BELE>>
élvez,beleélvez,1,élvez,/VERB|<PREVERB<BELE>>
tunkol,beletunkol,1,tunkol,/VERB|<PREVERB<BELE>>
helyeződik,belehelyeződik,5,helyeződik,/VERB|<PREVERB<BELE>>
mélyed,belemélyed,10,mélyed,/VERB|<PREVERB<BELE>>
alázkodik,belealázkodik,1,alázkodik,/VERB|<PREVERB<BELE>>
menetel,belemenetel,1,menetel,/VERB|<PREVERB<BELE>>
terel,beleterel,1,terel,/VERB|<PREVERB<BELE>>
magyaráz,belemagyaráz,6,magyaráz,/VERB|<PREVERB<BELE>>
párol,belepárol,1,párol,/VERB|<PREVERB<BELE>>
bujt,belebujt,8,bujt,/VERB|<PREVERB<BELE>>
szerkeszt,beleszerkeszt,2,szerkeszt,/VERB|<PREVERB<BELE>>
kong,belekong,1,kong,/VERB|<PREVERB<BELE>>
temetkezik,beletemetkezik,7,temetkezik,/VERB|<PREVERB<BELE>>
andalodik,beleandalodik,1,andalodik,/VERB|<PREVERB<BELE>>
karmol,belekarmol,4,karmol,/VERB|<PREVERB<BELE>>
illan,beleillan,1,illan,/VERB|<PREVERB<BELE>>
szolgál,beleszolgál,2,szolgál,/VERB|<PREVERB<BELE>>
zúdul,belezúdul,1,zúdul,/VERB|<PREVERB<BELE>>
énekel,beleénekel,2,énekel,/VERB|<PREVERB<BELE>>
mélyül,belemélyül,1,mélyül,/VERB|<PREVERB<BELE>>
gurul,belegurul,2,gurul,/VERB|<PREVERB<BELE>>
csodálkozik,belecsodálkozik,1,csodálkozik,/VERB|<PREVERB<BELE>>
illik,beleillik,10,illik,/VERB|<PREVERB<BELE>>
menekít,belemenekít,1,menekít,/VERB|<PREVERB<BELE>>
illet,beleillet,5,illet,/VERB|<PREVERB<BELE>>
terül,beleterül,1,terül,/VERB|<PREVERB<BELE>>
muzsikál,belemuzsikál,4,muzsikál,/VERB|<PREVERB<BELE>>
menekül,belemenekül,5,menekül,/VERB|<PREVERB<BELE>>
téved,beletéved,6,téved,/VERB|<PREVERB<BELE>>
terít,beleterít,1,terít,/VERB|<PREVERB<BELE>>
rejtőzik,belerejtőzik,1,rejtőzik,/VERB|<PREVERB<BELE>>
óvakodik,beleóvakodik,1,óvakodik,/VERB|<PREVERB<BELE>>
rángat,belerángat,1,rángat,/VERB|<PREVERB<BELE>>
vartyog,belevartyog,1,vartyog,/VERB|<PREVERB<BELE>>
könyököl,belekönyököl,2,könyököl,/VERB|<PREVERB<BELE>>
íródik,beleíródik,6,íródik,/VERB|<PREVERB<BELE>>
dobban,beledobban,3,dobban,/VERB|<PREVERB<BELE>>
gondol,belegondol,19,gondol,/VERB|<PREVERB<BELE>>
told,beletold,2,told,/VERB|<PREVERB<BELE>>
kuporodik,belekuporodik,2,kuporodik,/VERB|<PREVERB<BELE>>
rándul,belerándul,4,rándul,/VERB|<PREVERB<BELE>>
képzel,beleképzel,5,képzel,/VERB|<PREVERB<BELE>>
döngöl,beledöngöl,2,döngöl,/VERB|<PREVERB<BELE>>
körmöl,belekörmöl,3,körmöl,/VERB|<PREVERB<BELE>>
nehezedik,belenehezedik,2,nehezedik,/VERB|<PREVERB<BELE>>
szippant,beleszippant,5,szippant,/VERB|<PREVERB<BELE>>
fürdik,belefürdik,3,fürdik,/VERB|<PREVERB<BELE>>
tunyul,beletunyul,1,tunyul,/VERB|<PREVERB<BELE>>
szaglászik,beleszaglászik,1,szaglászik,/VERB|<PREVERB<BELE>>
szaglászik,beleszaglász,1,szaglászik,/VERB|<PREVERB<BELE>>
robban,belerobban,6,robban,/VERB|<PREVERB<BELE>>
rohan,belerohan,11,rohan,/VERB|<PREVERB<BELE>>
rohad,belerohad,2,rohad,/VERB|<PREVERB<BELE>>
vetet,belevetet,1,vetet,/VERB|<PREVERB<BELE>>
tágul,beletágul,2,tágul,/VERB|<PREVERB<BELE>>
karcol,belekarcol,1,karcol,/VERB|<PREVERB<BELE>>
veszt,beleveszt,5,veszt,/VERB|<PREVERB<BELE>>
vénül,belevénül,3,vénül,/VERB|<PREVERB<BELE>>
passzol,belepasszol,2,passzol,/VERB|<PREVERB<BELE>>
csördül,belecsördül,3,csördül,/VERB|<PREVERB<BELE>>
lendít,belelendít,2,lendít,/VERB|<PREVERB<BELE>>
szimatol,beleszimatol,9,szimatol,/VERB|<PREVERB<BELE>>
facsarodik,belefacsarodik,1,facsarodik,/VERB|<PREVERB<BELE>>
ványad,beleványad,1,ványad,/VERB|<PREVERB<BELE>>
nyávog,belenyávog,1,nyávog,/VERB|<PREVERB<BELE>>
unatkozik,beleunatkozik,1,unatkozik,/VERB|<PREVERB<BELE>>
helyez,belehelyez,6,helyez,/VERB|<PREVERB<BELE>>
vétet,belevétet,1,vétet,/VERB|<PREVERB<BELE>>
szüremlik,beleszüremlik,2,szüremlik,/VERB|<PREVERB<BELE>>
bágyad,belebágyad,1,bágyad,/VERB|<PREVERB<BELE>>
szurkál,beleszurkál,2,szurkál,/VERB|<PREVERB<BELE>>
bokszol,belebokszol,4,bokszol,/VERB|<PREVERB<BELE>>
sóhajt,belesóhajt,2,sóhajt,/VERB|<PREVERB<BELE>>
harapdál,beleharapdál,2,harapdál,/VERB|<PREVERB<BELE>>
nyomul,belenyomul,2,nyomul,/VERB|<PREVERB<BELE>>
hallgat,belehallgat,11,hallgat,/VERB|<PREVERB<BELE>>
vezet,belevezet,2,vezet,/VERB|<PREVERB<BELE>>
rikkan,belerikkan,1,rikkan,/VERB|<PREVERB<BELE>>
lustul,belelustul,1,lustul,/VERB|<PREVERB<BELE>>
vetül,belevetül,2,vetül,/VERB|<PREVERB<BELE>>
szarik,beleszarik,4,szarik,/VERB|<PREVERB<BELE>>
öregszik,beleöregszik,3,öregszik,/VERB|<PREVERB<BELE>>
költözik,beleköltözik,11,költözik,/VERB|<PREVERB<BELE>>
kottyant,belekottyant,4,kottyant,/VERB|<PREVERB<BELE>>
karattyol,belekarattyol,1,karattyol,/VERB|<PREVERB<BELE>>
koccant,belekoccant,3,koccant,/VERB|<PREVERB<BELE>>
trafál,beletrafál,2,trafál,/VERB|<PREVERB<BELE>>
trombitál,beletrombitál,4,trombitál,/VERB|<PREVERB<BELE>>
hülyül,belehülyül,4,hülyül,/VERB|<PREVERB<BELE>>
leng,beleleng,1,leng,/VERB|<PREVERB<BELE>>
hány,belehány,1,hány,/VERB|<PREVERB<BELE>>
érződik,beleérződik,2,érződik,/VERB|<PREVERB<BELE>>
vereget,belevereget,1,vereget,/VERB|<PREVERB<BELE>>
születik,beleszületik,10,születik,/VERB|<PREVERB<BELE>>
könnyezik,belekönnyez,1,könnyezik,/VERB|<PREVERB<BELE>>
dübörög,beledübörög,1,dübörög,/VERB|<PREVERB<BELE>>
tódul,beletódul,1,tódul,/VERB|<PREVERB<BELE>>
löttyen,belelöttyen,1,löttyen,/VERB|<PREVERB<BELE>>
veszekedik,beleveszekedik,1,veszekedik,/VERB|<PREVERB<BELE>>
roppant,beleroppant,10,roppant,/VERB|<PREVERB<BELE>>
gabalyodik,belegabalyodik,10,gabalyodik,/VERB|<PREVERB<BELE>>
kényszerül,belekényszerül,8,kényszerül,/VERB|<PREVERB<BELE>>
tekerődzik,beletekerődzik,1,tekerődzik,/VERB|<PREVERB<BELE>>
kölcsönöz,belekölcsönöz,1,kölcsönöz,/VERB|<PREVERB<BELE>>
sugdos,belesugdos,1,sugdos,/VERB|<PREVERB<BELE>>
sejlik,belesejlik,1,sejlik,/VERB|<PREVERB<BELE>>
zavarodik,belezavarodik,10,zavarodik,/VERB|<PREVERB<BELE>>
tojik,beletojik,1,tojik,/VERB|<PREVERB<BELE>>
csepegtet,belecsepegtet,2,csepegtet,/VERB|<PREVERB<BELE>>
kapcáskodik,belekapcáskodik,1,kapcáskodik,/VERB|<PREVERB<BELE>>
recseg,belerecseg,1,recseg,/VERB|<PREVERB<BELE>>
óbégat,beleóbégat,1,óbégat,/VERB|<PREVERB<BELE>>
csempészik,belecsempész,1,csempészik,/VERB|<PREVERB<BELE>>
csempészik,belecsempészik,1,csempészik,/VERB|<PREVERB<BELE>>
mángol,belemángol,1,mángol,/VERB|<PREVERB<BELE>>
bőszül,belebőszül,1,bőszül,/VERB|<PREVERB<BELE>>
kényszerít,belekényszerít,4,kényszerít,/VERB|<PREVERB<BELE>>
itatódik,beleitatódik,1,itatódik,/VERB|<PREVERB<BELE>>
keményül,belekeményül,1,keményül,/VERB|<PREVERB<BELE>>
feketéllik,belefeketéllik,1,feketéllik,/VERB|<PREVERB<BELE>>
alszik,belealszik,4,alszik,/VERB|<PREVERB<BELE>>
válik,beleválik,1,válik,/VERB|<PREVERB<BELE>>
zökkent,belezökkent,6,zökkent,/VERB|<PREVERB<BELE>>
szívódik,beleszívódik,5,szívódik,/VERB|<PREVERB<BELE>>
tolat,beletolat,1,tolat,/VERB|<PREVERB<BELE>>
csap,belecsap,12,csap,/VERB|<PREVERB<BELE>>
csal,belecsal,1,csal,/VERB|<PREVERB<BELE>>
ugat,beleugat,4,ugat,/VERB|<PREVERB<BELE>>
fészkel,belefészkel,2,fészkel,/VERB|<PREVERB<BELE>>
mosakszik,belemosakszik,1,mosakszik,/VERB|<PREVERB<BELE>>
zendít,belezendít,1,zendít,/VERB|<PREVERB<BELE>>
furakodik,belefurakodik,3,furakodik,/VERB|<PREVERB<BELE>>
furakodik,belefurakszik,1,furakodik,/VERB|<PREVERB<BELE>>
süllyed,belesüllyed,9,süllyed,/VERB|<PREVERB<BELE>>
habarodik,belehabarodik,8,habarodik,/VERB|<PREVERB<BELE>>
kukorékol,belekukorékol,2,kukorékol,/VERB|<PREVERB<BELE>>
zendül,belezendül,3,zendül,/VERB|<PREVERB<BELE>>
pingál,belepingál,2,pingál,/VERB|<PREVERB<BELE>>
csíp,belecsíp,10,csíp,/VERB|<PREVERB<BELE>>
dörög,beledörög,3,dörög,/VERB|<PREVERB<BELE>>
enged,beleenged,2,enged,/VERB|<PREVERB<BELE>>
dagad,beledagad,4,dagad,/VERB|<PREVERB<BELE>>
halványul,belehalványul,3,halványul,/VERB|<PREVERB<BELE>>
belecsúszik,belebelecsúszik,1,belecsúszik,/VERB|<PREVERB<BELE>>
gazdagodik,belegazdagszik,1,gazdagodik,/VERB|<PREVERB<BELE>>
merevül,belemerevül,1,merevül,/VERB|<PREVERB<BELE>>
horkant,belehorkant,1,horkant,/VERB|<PREVERB<BELE>>
cuppant,belecuppant,2,cuppant,/VERB|<PREVERB<BELE>>
bocsátkozik,belebocsátkozik,5,bocsátkozik,/VERB|<PREVERB<BELE>>
vásik,belevásik,7,vásik,/VERB|<PREVERB<BELE>>
gebed,belegebed,8,gebed,/VERB|<PREVERB<BELE>>
szagol,beleszagol,9,szagol,/VERB|<PREVERB<BELE>>
húzódik,belehúzódik,3,húzódik,/VERB|<PREVERB<BELE>>
hallszik,belehallszik,1,hallszik,/VERB|<PREVERB<BELE>>
szalutál,beleszalutál,1,szalutál,/VERB|<PREVERB<BELE>>
ékelődik,beleékelődik,6,ékelődik,/VERB|<PREVERB<BELE>>
kukucskál,belekukucskál,3,kukucskál,/VERB|<PREVERB<BELE>>
dalol,beledalol,1,dalol,/VERB|<PREVERB<BELE>>
locsog,belelocsog,2,locsog,/VERB|<PREVERB<BELE>>
kiált,belekiált,6,kiált,/VERB|<PREVERB<BELE>>
szisszent,beleszisszent,1,szisszent,/VERB|<PREVERB<BELE>>
szakad,beleszakad,9,szakad,/VERB|<PREVERB<BELE>>
igazít,beleigazít,2,igazít,/VERB|<PREVERB<BELE>>
jajdul,belejajdul,2,jajdul,/VERB|<PREVERB<BELE>>
bugyborékol,belebugyborékol,1,bugyborékol,/VERB|<PREVERB<BELE>>
szalad,beleszalad,9,szalad,/VERB|<PREVERB<BELE>>
villog,belevillog,1,villog,/VERB|<PREVERB<BELE>>
villan,belevillan,5,villan,/VERB|<PREVERB<BELE>>
őrül,beleőrül,10,őrül,/VERB|<PREVERB<BELE>>
függeszkedik,belefüggeszkedik,1,függeszkedik,/VERB|<PREVERB<BELE>>
lendül,belelendül,8,lendül,/VERB|<PREVERB<BELE>>
utál,beleutál,1,utál,/VERB|<PREVERB<BELE>>
kondul,belekondul,6,kondul,/VERB|<PREVERB<BELE>>
retten,beleretten,2,retten,/VERB|<PREVERB<BELE>>
kozmásodik,belekozmásodik,1,kozmásodik,/VERB|<PREVERB<BELE>>
csöng,belecsöng,1,csöng,/VERB|<PREVERB<BELE>>
robbant,belerobbant,7,robbant,/VERB|<PREVERB<BELE>>
sandít,belesandít,2,sandít,/VERB|<PREVERB<BELE>>
torkol,beletorkol,2,torkol,/VERB|<PREVERB<BELE>>
nevelődik,belenevelődik,3,nevelődik,/VERB|<PREVERB<BELE>>
fröccsent,belefröccsent,1,fröccsent,/VERB|<PREVERB<BELE>>
tüzel,beletüzel,1,tüzel,/VERB|<PREVERB<BELE>>
csúszik,belecsúszik,10,csúszik,/VERB|<PREVERB<BELE>>
fakul,belefakul,1,fakul,/VERB|<PREVERB<BELE>>
döglik,beledöglik,10,döglik,/VERB|<PREVERB<BELE>>
kóklerkedik,belekóklerkedik,1,kóklerkedik,/VERB|<PREVERB<BELE>>
ivódik,beleivódik,9,ivódik,/VERB|<PREVERB<BELE>>
hörpint,belehörpint,1,hörpint,/VERB|<PREVERB<BELE>>
megy,belemegy,10,megy,/VERB|<PREVERB<BELE>>
vándorol,belevándorol,1,vándorol,/VERB|<PREVERB<BELE>>
ment,belement,11,ment,/VERB|<PREVERB<BELE>>
akaszt,beleakaszt,1,akaszt,/VERB|<PREVERB<BELE>>
olvad,beleolvad,11,olvad,/VERB|<PREVERB<BELE>>
érkezik,beleérkezik,1,érkezik,/VERB|<PREVERB<BELE>>
gépel,belegépel,1,gépel,/VERB|<PREVERB<BELE>>
olvas,beleolvas,10,olvas,/VERB|<PREVERB<BELE>>
dilizik,beledilizik,1,dilizik,/VERB|<PREVERB<BELE>>
csüng,belecsüng,2,csüng,/VERB|<PREVERB<BELE>>
hízik,belehízik,1,hízik,/VERB|<PREVERB<BELE>>
vegyül,belevegyül,10,vegyül,/VERB|<PREVERB<BELE>>
belehallatszik,belebelehallatszik,1,belehallatszik,/VERB|<PREVERB<BELE>>
vegyít,belevegyít,2,vegyít,/VERB|<PREVERB<BELE>>
zakatol,belezakatol,2,zakatol,/VERB|<PREVERB<BELE>>
romlik,beleromlik,3,romlik,/VERB|<PREVERB<BELE>>
helyezkedik,belehelyezkedik,8,helyezkedik,/VERB|<PREVERB<BELE>>
kaszál,belekaszál,2,kaszál,/VERB|<PREVERB<BELE>>
dong,beledong,1,dong,/VERB|<PREVERB<BELE>>
ereszt,beleereszt,7,ereszt,/VERB|<PREVERB<BELE>>
pittyeg,belepittyeg,1,pittyeg,/VERB|<PREVERB<BELE>>
sugárzik,belesugárzik,3,sugárzik,/VERB|<PREVERB<BELE>>
fénylik,belefénylik,1,fénylik,/VERB|<PREVERB<BELE>>
spriccel,belespriccel,1,spriccel,/VERB|<PREVERB<BELE>>
tömköd,beletömköd,1,tömköd,/VERB|<PREVERB<BELE>>
elegyedik,beleelegyedik,8,elegyedik,/VERB|<PREVERB<BELE>>
ránt,beleránt,8,ránt,/VERB|<PREVERB<BELE>>
vesz,belevesz,12,vesz,/VERB|<PREVERB<BELE>>
hörög,belehörög,1,hörög,/VERB|<PREVERB<BELE>>
rögződik,belerögződik,3,rögződik,/VERB|<PREVERB<BELE>>
őszül,beleőszül,5,őszül,/VERB|<PREVERB<BELE>>
illeszt,beleilleszt,3,illeszt,/VERB|<PREVERB<BELE>>
tenyerel,beletenyerel,4,tenyerel,/VERB|<PREVERB<BELE>>
visz,belevisz,10,visz,/VERB|<PREVERB<BELE>>
hördül,belehördül,1,hördül,/VERB|<PREVERB<BELE>>
facsar,belefacsar,1,facsar,/VERB|<PREVERB<BELE>>
kuktálkodik,belekuktálkodik,1,kuktálkodik,/VERB|<PREVERB<BELE>>
öklendezik,beleöklendezik,1,öklendezik,/VERB|<PREVERB<BELE>>
csepeg,belecsepeg,2,csepeg,/VERB|<PREVERB<BELE>>
ágazik,beleágazik,4,ágazik,/VERB|<PREVERB<BELE>>
hajol,belehajol,7,hajol,/VERB|<PREVERB<BELE>>
disznólkodik,beledisznólkodik,1,disznólkodik,/VERB|<PREVERB<BELE>>
történik,beletörténik,1,történik,/VERB|<PREVERB<BELE>>
konkurrál,belekonkurrál,1,konkurrál,/VERB|<PREVERB<BELE>>
hajít,belehajít,1,hajít,/VERB|<PREVERB<BELE>>
fektet,belefektet,5,fektet,/VERB|<PREVERB<BELE>>
zsúfolódik,belezsúfolódik,1,zsúfolódik,/VERB|<PREVERB<BELE>>
fonódik,belefonódik,8,fonódik,/VERB|<PREVERB<BELE>>
vésődik,belevésődik,6,vésődik,/VERB|<PREVERB<BELE>>
nyílik,belenyílik,2,nyílik,/VERB|<PREVERB<BELE>>
aggik,beleagg,1,aggik,/VERB|<PREVERB<BELE>>
loccsant,beleloccsant,5,loccsant,/VERB|<PREVERB<BELE>>
nyilaz,belenyilaz,2,nyilaz,/VERB|<PREVERB<BELE>>
zokog,belezokog,1,zokog,/VERB|<PREVERB<BELE>>
múlik,belemúlik,2,múlik,/VERB|<PREVERB<BELE>>
lilul,belelilul,1,lilul,/VERB|<PREVERB<BELE>>
volt,belevolt,1,volt,/VERB|<PREVERB<BELE>>
hengergőzik,belehengergőzik,1,hengergőzik,/VERB|<PREVERB<BELE>>
sercint,belesercint,1,sercint,/VERB|<PREVERB<BELE>>
fordít,belefordít,3,fordít,/VERB|<PREVERB<BELE>>
forgat,beleforgat,2,forgat,/VERB|<PREVERB<BELE>>
paskol,belepaskol,1,paskol,/VERB|<PREVERB<BELE>>
szánt,beleszánt,2,szánt,/VERB|<PREVERB<BELE>>
kúszik,belekúszik,2,kúszik,/VERB|<PREVERB<BELE>>
száll,beleszáll,10,száll,/VERB|<PREVERB<BELE>>
vakkant,belevakkant,3,vakkant,/VERB|<PREVERB<BELE>>
harap,beleharap,11,harap,/VERB|<PREVERB<BELE>>
omlik,beleomlik,8,omlik,/VERB|<PREVERB<BELE>>
áll,beleáll,9,áll,/VERB|<PREVERB<BELE>>
árt,beleárt,3,árt,/VERB|<PREVERB<BELE>>
kukkant,belekukkant,7,kukkant,/VERB|<PREVERB<BELE>>
hatol,belehatol,8,hatol,/VERB|<PREVERB<BELE>>
kötekedik,belekötekedik,1,kötekedik,/VERB|<PREVERB<BELE>>
tekint,beletekint,10,tekint,/VERB|<PREVERB<BELE>>
ringat,beleringat,6,ringat,/VERB|<PREVERB<BELE>>
hasal,belehasal,1,hasal,/VERB|<PREVERB<BELE>>
hasad,belehasad,2,hasad,/VERB|<PREVERB<BELE>>
feledkezik,belefeledkezik,9,feledkezik,/VERB|<PREVERB<BELE>>
sántul,belesántul,4,sántul,/VERB|<PREVERB<BELE>>
kékül,belekékül,8,kékül,/VERB|<PREVERB<BELE>>
gyalogol,belegyalogol,7,gyalogol,/VERB|<PREVERB<BELE>>
fordul,belefordul,10,fordul,/VERB|<PREVERB<BELE>>
kiabál,belekiabál,3,kiabál,/VERB|<PREVERB<BELE>>
olvaszt,beleolvaszt,2,olvaszt,/VERB|<PREVERB<BELE>>
melegedik,belemelegedik,3,melegedik,/VERB|<PREVERB<BELE>>
melegedik,belemelegszik,8,melegedik,/VERB|<PREVERB<BELE>>
egyeztet,beleegyeztet,1,egyeztet,/VERB|<PREVERB<BELE>>
csattant,belecsattant,5,csattant,/VERB|<PREVERB<BELE>>
hasít,belehasít,10,hasít,/VERB|<PREVERB<BELE>>
feszül,belefeszül,5,feszül,/VERB|<PREVERB<BELE>>
vonódik,belevonódik,1,vonódik,/VERB|<PREVERB<BELE>>
edződik,beleedződik,1,edződik,/VERB|<PREVERB<BELE>>
röppen,beleröppen,2,röppen,/VERB|<PREVERB<BELE>>
ért,beleért,9,ért,/VERB|<PREVERB<BELE>>
éget,beleéget,1,éget,/VERB|<PREVERB<BELE>>
kívánkozik,belekívánkozik,6,kívánkozik,/VERB|<PREVERB<BELE>>
betegszik,belebetegszik,11,betegszik,/VERB|<PREVERB<BELE>>
lovagol,belelovagol,1,lovagol,/VERB|<PREVERB<BELE>>
kerül,belekerül,12,kerül,/VERB|<PREVERB<BELE>>
pöcögtet,belepöcögtet,1,pöcögtet,/VERB|<PREVERB<BELE>>
kever,belekever,8,kever,/VERB|<PREVERB<BELE>>
lövet,belelövet,1,lövet,/VERB|<PREVERB<BELE>>
csorbul,belecsorbul,2,csorbul,/VERB|<PREVERB<BELE>>
kérdez,belekérdez,5,kérdez,/VERB|<PREVERB<BELE>>
ékel,beleékel,1,ékel,/VERB|<PREVERB<BELE>>
rendez,belerendez,1,rendez,/VERB|<PREVERB<BELE>>
illesztődik,beleillesztődik,1,illesztődik,/VERB|<PREVERB<BELE>>
éled,beleéled,7,éled,/VERB|<PREVERB<BELE>>
szivárog,beleszivárog,4,szivárog,/VERB|<PREVERB<BELE>>
kerget,belekerget,3,kerget,/VERB|<PREVERB<BELE>>
belemered,belebelemered,1,belemered,/VERB|<PREVERB<BELE>>
fújtat,belefújtat,1,fújtat,/VERB|<PREVERB<BELE>>
sikolt,belesikolt,2,sikolt,/VERB|<PREVERB<BELE>>
rázkódik,belerázkódik,5,rázkódik,/VERB|<PREVERB<BELE>>
gázol,belegázol,10,gázol,/VERB|<PREVERB<BELE>>
csurog,belecsurog,3,csurog,/VERB|<PREVERB<BELE>>
tolakodik,beletolakodik,1,tolakodik,/VERB|<PREVERB<BELE>>
tolakodik,beletolakszik,1,tolakodik,/VERB|<PREVERB<BELE>>
akaszkodik,beleakaszkodik,7,akaszkodik,/VERB|<PREVERB<BELE>>
nyalakodik,belenyalakodik,1,nyalakodik,/VERB|<PREVERB<BELE>>
kereng,belekereng,1,kereng,/VERB|<PREVERB<BELE>>
kotorászik,belekotorász,2,kotorászik,/VERB|<PREVERB<BELE>>
rendül,belerendül,7,rendül,/VERB|<PREVERB<BELE>>
pillant,belepillant,10,pillant,/VERB|<PREVERB<BELE>>
kábul,belekábul,9,kábul,/VERB|<PREVERB<BELE>>
aprít,beleaprít,2,aprít,/VERB|<PREVERB<BELE>>
avatkozik,beleavatkozik,11,avatkozik,/VERB|<PREVERB<BELE>>
görbül,belegörbül,4,görbül,/VERB|<PREVERB<BELE>>
csattan,belecsattan,2,csattan,/VERB|<PREVERB<BELE>>
érez,beleérez,5,érez,/VERB|<PREVERB<BELE>>
érik,beleérik,1,érik,/VERB|<PREVERB<BELE>>
mered,belemered,7,mered,/VERB|<PREVERB<BELE>>
esik,beleesik,14,esik,/VERB|<PREVERB<BELE>>
tagozódik,beletagozódik,4,tagozódik,/VERB|<PREVERB<BELE>>
ölt,beleölt,9,ölt,/VERB|<PREVERB<BELE>>
önt,beleönt,6,önt,/VERB|<PREVERB<BELE>>
vagyon,belevagyon,1,vagyon,/VERB|<PREVERB<BELE>>
etet,beleetet,1,etet,/VERB|<PREVERB<BELE>>
metsz,belemetsz,2,metsz,/VERB|<PREVERB<BELE>>
gyullad,belegyullad,1,gyullad,/VERB|<PREVERB<BELE>>
épít,beleépít,3,épít,/VERB|<PREVERB<BELE>>
javít,belejavít,5,javít,/VERB|<PREVERB<BELE>>
épül,beleépül,14,épül,/VERB|<PREVERB<BELE>>
nyugszik,belenyugszik,10,nyugszik,/VERB|<PREVERB<BELE>>
tesped,beletesped,1,tesped,/VERB|<PREVERB<BELE>>
belebődül,belebelebődül,1,belebődül,/VERB|<PREVERB<BELE>>
rendeződik,belerendeződik,2,rendeződik,/VERB|<PREVERB<BELE>>
merül,belemerül,10,merül,/VERB|<PREVERB<BELE>>
igyekszik,beleigyekszik,1,igyekszik,/VERB|<PREVERB<BELE>>
foglaltatik,belefoglaltatik,5,foglaltatik,/VERB|<PREVERB<BELE>>
evez,beleevez,1,evez,/VERB|<PREVERB<BELE>>
görbed,belegörbed,1,görbed,/VERB|<PREVERB<BELE>>
ívelődik,beleívelődik,1,ívelődik,/VERB|<PREVERB<BELE>>
merít,belemerít,6,merít,/VERB|<PREVERB<BELE>>
evődik,beleevődik,1,evődik,/VERB|<PREVERB<BELE>>
könnyebbül,belekönnyebbül,1,könnyebbül,/VERB|<PREVERB<BELE>>
lapoz,belelapoz,12,lapoz,/VERB|<PREVERB<BELE>>
kapcsolódik,belekapcsolódik,9,kapcsolódik,/VERB|<PREVERB<BELE>>
lapul,belelapul,2,lapul,/VERB|<PREVERB<BELE>>
fogódzkodik,belefogódzkodik,1,fogódzkodik,/VERB|<PREVERB<BELE>>
tébolyodik,beletébolyodik,2,tébolyodik,/VERB|<PREVERB<BELE>>
száguld,beleszáguld,1,száguld,/VERB|<PREVERB<BELE>>
takarózik,beletakarózik,1,takarózik,/VERB|<PREVERB<BELE>>
nyomkod,belenyomkod,1,nyomkod,/VERB|<PREVERB<BELE>>
pirul,belepirul,11,pirul,/VERB|<PREVERB<BELE>>
koppant,belekoppant,3,koppant,/VERB|<PREVERB<BELE>>
takaródzik,beletakaródzik,1,takaródzik,/VERB|<PREVERB<BELE>>
hullik,belehullik,8,hullik,/VERB|<PREVERB<BELE>>
hullik,belehull,10,hullik,/VERB|<PREVERB<BELE>>
bődül,belebődül,6,bődül,/VERB|<PREVERB<BELE>>
süllyeszt,belesüllyeszt,2,süllyeszt,/VERB|<PREVERB<BELE>>
fekszik,belefekszik,10,fekszik,/VERB|<PREVERB<BELE>>
vágtat,belevágtat,3,vágtat,/VERB|<PREVERB<BELE>>
pisil,belepisil,4,pisil,/VERB|<PREVERB<BELE>>
firkál,belefirkál,1,firkál,/VERB|<PREVERB<BELE>>
zsibbad,belezsibbad,2,zsibbad,/VERB|<PREVERB<BELE>>
bukik,belebukik,10,bukik,/VERB|<PREVERB<BELE>>
varázsol,belevarázsol,1,varázsol,/VERB|<PREVERB<BELE>>
pisál,belepisál,3,pisál,/VERB|<PREVERB<BELE>>
hugyozik,belehugyozik,3,hugyozik,/VERB|<PREVERB<BELE>>
öregedik,beleöregedik,3,öregedik,/VERB|<PREVERB<BELE>>
öregedik,beleöregszik,3,öregedik,/VERB|<PREVERB<BELE>>
burkolódzik,beleburkolódzik,2,burkolódzik,/VERB|<PREVERB<BELE>>
keveredik,belekeveredik,11,keveredik,/VERB|<PREVERB<BELE>>
hidegedik,belehidegszik,1,hidegedik,/VERB|<PREVERB<BELE>>
nyal,belenyal,11,nyal,/VERB|<PREVERB<BELE>>
sorvad,belesorvad,1,sorvad,/VERB|<PREVERB<BELE>>
nyes,belenyes,6,nyes,/VERB|<PREVERB<BELE>>
nyit,belenyit,1,nyit,/VERB|<PREVERB<BELE>>
nyom,belenyom,5,nyom,/VERB|<PREVERB<BELE>>
fagy,belefagy,10,fagy,/VERB|<PREVERB<BELE>>
tűzdel,beletűzdel,1,tűzdel,/VERB|<PREVERB<BELE>>
gémberedik,belegémberedik,1,gémberedik,/VERB|<PREVERB<BELE>>
türemkedik,beletüremkedik,1,türemkedik,/VERB|<PREVERB<BELE>>
játszik,belejátszik,9,játszik,/VERB|<PREVERB<BELE>>
rajzolódik,belerajzolódik,3,rajzolódik,/VERB|<PREVERB<BELE>>
kívántatik,belekívántatik,1,kívántatik,/VERB|<PREVERB<BELE>>
ájul,beleájul,2,ájul,/VERB|<PREVERB<BELE>>
nyög,belenyög,1,nyög,/VERB|<PREVERB<BELE>>
nyúl,belenyúl,12,nyúl,/VERB|<PREVERB<BELE>>
ágál,beleágál,1,ágál,/VERB|<PREVERB<BELE>>
feneklik,belefeneklik,1,feneklik,/VERB|<PREVERB<BELE>>
szerelmesedik,beleszerelmesedik,1,szerelmesedik,/VERB|<PREVERB<BELE>>
koppan,belekoppan,3,koppan,/VERB|<PREVERB<BELE>>
röhög,beleröhög,3,röhög,/VERB|<PREVERB<BELE>>
halász,belehalász,1,halász,/VERB|<PREVERB<BELE>>
hemperedik,belehemperedik,1,hemperedik,/VERB|<PREVERB<BELE>>
munkálkodik,belemunkálkodik,1,munkálkodik,/VERB|<PREVERB<BELE>>
ámul,beleámul,2,ámul,/VERB|<PREVERB<BELE>>
rivall,belerivall,1,rivall,/VERB|<PREVERB<BELE>>
telepszik,beletelepszik,2,telepszik,/VERB|<PREVERB<BELE>>
maródik,belemaródik,1,maródik,/VERB|<PREVERB<BELE>>
siklik,belesiklik,2,siklik,/VERB|<PREVERB<BELE>>
csorgat,belecsorgat,1,csorgat,/VERB|<PREVERB<BELE>>
butul,belebutul,3,butul,/VERB|<PREVERB<BELE>>
taszít,beletaszít,3,taszít,/VERB|<PREVERB<BELE>>
foszlik,belefoszlik,2,foszlik,/VERB|<PREVERB<BELE>>
hajtódik,belehajtódik,1,hajtódik,/VERB|<PREVERB<BELE>>
csatangol,belecsatangol,1,csatangol,/VERB|<PREVERB<BELE>>
csordul,belecsordul,1,csordul,/VERB|<PREVERB<BELE>>
magyarázgat,belemagyarázgat,1,magyarázgat,/VERB|<PREVERB<BELE>>
sújt,belesújt,1,sújt,/VERB|<PREVERB<BELE>>
barnul,belebarnul,1,barnul,/VERB|<PREVERB<BELE>>
árad,beleárad,4,árad,/VERB|<PREVERB<BELE>>
sétál,belesétál,5,sétál,/VERB|<PREVERB<BELE>>
értetődik,beleértetődik,1,értetődik,/VERB|<PREVERB<BELE>>
sötétlik,belesötétlik,1,sötétlik,/VERB|<PREVERB<BELE>>
szólal,beleszólal,3,szólal,/VERB|<PREVERB<BELE>>
kapaszkodik,belekapaszkodik,11,kapaszkodik,/VERB|<PREVERB<BELE>>
huhog,belehuhog,2,huhog,/VERB|<PREVERB<BELE>>
mennydörög,belemennydörög,1,mennydörög,/VERB|<PREVERB<BELE>>
felejtkezik,belefelejtkezik,2,felejtkezik,/VERB|<PREVERB<BELE>>
kavarodik,belekavarodik,1,kavarodik,/VERB|<PREVERB<BELE>>
nyújtózik,belenyújtózik,2,nyújtózik,/VERB|<PREVERB<BELE>>
integrálódik,beleintegrálódik,1,integrálódik,/VERB|<PREVERB<BELE>>
visít,belevisít,1,visít,/VERB|<PREVERB<BELE>>
kalapál,belekalapál,1,kalapál,/VERB|<PREVERB<BELE>>
zöldül,belezöldül,7,zöldül,/VERB|<PREVERB<BELE>>
szokik,beleszokik,11,szokik,/VERB|<PREVERB<BELE>>
vizel,belevizel,3,vizel,/VERB|<PREVERB<BELE>>
üvölt,beleüvölt,6,üvölt,/VERB|<PREVERB<BELE>>
hunyt,belehunyt,1,hunyt,/VERB|<PREVERB<BELE>>
mereng,belemereng,2,mereng,/VERB|<PREVERB<BELE>>
tölt,beletölt,3,tölt,/VERB|<PREVERB<BELE>>
vacog,belevacog,3,vacog,/VERB|<PREVERB<BELE>>
talál,beletalál,8,talál,/VERB|<PREVERB<BELE>>
tapad,beletapad,4,tapad,/VERB|<PREVERB<BELE>>
búvik,belebúvik,4,búvik,/VERB|<PREVERB<BELE>>
csörrent,belecsörrent,2,csörrent,/VERB|<PREVERB<BELE>>
hőköl,belehőköl,1,hőköl,/VERB|<PREVERB<BELE>>
borzad,beleborzad,4,borzad,/VERB|<PREVERB<BELE>>
borsódzik,beleborsódzik,3,borsódzik,/VERB|<PREVERB<BELE>>
csücsül,belecsücsül,1,csücsül,/VERB|<PREVERB<BELE>>
tanul,beletanul,11,tanul,/VERB|<PREVERB<BELE>>
akadozik,beleakadozik,1,akadozik,/VERB|<PREVERB<BELE>>
sűrűsödik,belesűrűsödik,2,sűrűsödik,/VERB|<PREVERB<BELE>>
tüzesedik,beletüzesedik,1,tüzesedik,/VERB|<PREVERB<BELE>>
bambul,belebambul,1,bambul,/VERB|<PREVERB<BELE>>
vadul,belevadul,2,vadul,/VERB|<PREVERB<BELE>>
tapos,beletapos,10,tapos,/VERB|<PREVERB<BELE>>
szorul,beleszorul,7,szorul,/VERB|<PREVERB<BELE>>
dobbant,beledobbant,5,dobbant,/VERB|<PREVERB<BELE>>
rakódik,belerakódik,2,rakódik,/VERB|<PREVERB<BELE>>
táncol,beletáncol,1,táncol,/VERB|<PREVERB<BELE>>
sápad,belesápad,8,sápad,/VERB|<PREVERB<BELE>>
rettent,belerettent,2,rettent,/VERB|<PREVERB<BELE>>
felejt,belefelejt,1,felejt,/VERB|<PREVERB<BELE>>
törődik,beletörődik,12,törődik,/VERB|<PREVERB<BELE>>
rikácsol,belerikácsol,1,rikácsol,/VERB|<PREVERB<BELE>>
sodor,belesodor,4,sodor,/VERB|<PREVERB<BELE>>
kötődik,belekötődik,4,kötődik,/VERB|<PREVERB<BELE>>
szűrődik,beleszűrődik,3,szűrődik,/VERB|<PREVERB<BELE>>
oldódik,beleoldódik,2,oldódik,/VERB|<PREVERB<BELE>>
pislog,belepislog,3,pislog,/VERB|<PREVERB<BELE>>
morzsol,belemorzsol,1,morzsol,/VERB|<PREVERB<BELE>>
zilál,belezilál,1,zilál,/VERB|<PREVERB<BELE>>
szabadul,beleszabadul,2,szabadul,/VERB|<PREVERB<BELE>>
békül,belebékül,2,békül,/VERB|<PREVERB<BELE>>
piszkít,belepiszkít,6,piszkít,/VERB|<PREVERB<BELE>>
piszkál,belepiszkál,6,piszkál,/VERB|<PREVERB<BELE>>
bizsereg,belebizsereg,1,bizsereg,/VERB|<PREVERB<BELE>>
loccsan,beleloccsan,1,loccsan,/VERB|<PREVERB<BELE>>
pottyant,belepottyant,10,pottyant,/VERB|<PREVERB<BELE>>
kerekezik,belekerekezik,1,kerekezik,/VERB|<PREVERB<BELE>>
csábul,belecsábul,1,csábul,/VERB|<PREVERB<BELE>>
gyúl,belegyúl,1,gyúl,/VERB|<PREVERB<BELE>>
piszkol,belepiszkol,2,piszkol,/VERB|<PREVERB<BELE>>
görnyed,belegörnyed,4,görnyed,/VERB|<PREVERB<BELE>>
