borsoz,beborsoz,1,borsoz,/VERB|<PREVERB<BE>>
másol,bemásol,1,másol,/VERB|<PREVERB<BE>>
árul,beárul,10,árul,/VERB|<PREVERB<BE>>
bugyolál,bebugyolál,4,bugyolál,/VERB|<PREVERB<BE>>
hajózik,behajózik,4,hajózik,/VERB|<PREVERB<BE>>
kerekedik,bekerekedik,1,kerekedik,/VERB|<PREVERB<BE>>
csatlakozik,becsatlakozik,7,csatlakozik,/VERB|<PREVERB<BE>>
gubódzik,begubódzik,2,gubódzik,/VERB|<PREVERB<BE>>
lerobbant,belerobbant,7,lerobbant,/VERB|<PREVERB<BE>>
pancsol,bepancsol,2,pancsol,/VERB|<PREVERB<BE>>
házasodik,beházasodik,8,házasodik,/VERB|<PREVERB<BE>>
röpül,beröpül,6,röpül,/VERB|<PREVERB<BE>>
szorít,beszorít,6,szorít,/VERB|<PREVERB<BE>>
tűnik,betűnik,4,tűnik,/VERB|<PREVERB<BE>>
kebelez,bekebelez,9,kebelez,/VERB|<PREVERB<BE>>
fojt,befojt,1,fojt,/VERB|<PREVERB<BE>>
kaszabol,bekaszabol,1,kaszabol,/VERB|<PREVERB<BE>>
ad,bead,10,ad,/VERB|<PREVERB<BE>>
foly,befoly,9,foly,/VERB|<PREVERB<BE>>
fold,befold,2,fold,/VERB|<PREVERB<BE>>
pattant,bepattant,5,pattant,/VERB|<PREVERB<BE>>
forr,beforr,13,forr,/VERB|<PREVERB<BE>>
reggelizik,bereggelizik,2,reggelizik,/VERB|<PREVERB<BE>>
fú,befú,6,fú,/VERB|<PREVERB<BE>>
hajlik,behajlik,14,hajlik,/VERB|<PREVERB<BE>>
fő,befő,2,fő,/VERB|<PREVERB<BE>>
leordít,beleordít,10,leordít,/VERB|<PREVERB<BE>>
lő,belő,16,lő,/VERB|<PREVERB<BE>>
morajlik,bemorajlik,2,morajlik,/VERB|<PREVERB<BE>>
un,beun,4,un,/VERB|<PREVERB<BE>>
nő,benő,20,nő,/VERB|<PREVERB<BE>>
rí,berí,3,rí,/VERB|<PREVERB<BE>>
ró,beró,6,ró,/VERB|<PREVERB<BE>>
sí,besí,1,sí,/VERB|<PREVERB<BE>>
kotor,bekotor,1,kotor,/VERB|<PREVERB<BE>>
lebben,belebben,9,lebben,/VERB|<PREVERB<BE>>
hanyatlik,behanyatlik,2,hanyatlik,/VERB|<PREVERB<BE>>
szökken,beszökken,6,szökken,/VERB|<PREVERB<BE>>
kelletik,bekelletik,2,kelletik,/VERB|<PREVERB<BE>>
vöröslik,bevöröslik,1,vöröslik,/VERB|<PREVERB<BE>>
árnyékol,beárnyékol,10,árnyékol,/VERB|<PREVERB<BE>>
árnyékoz,beárnyékoz,2,árnyékoz,/VERB|<PREVERB<BE>>
ásít,beásít,3,ásít,/VERB|<PREVERB<BE>>
keltet,bekeltet,1,keltet,/VERB|<PREVERB<BE>>
lopózkodik,belopózkodik,2,lopózkodik,/VERB|<PREVERB<BE>>
tipeg,betipeg,4,tipeg,/VERB|<PREVERB<BE>>
szemetel,beszemetel,1,szemetel,/VERB|<PREVERB<BE>>
tipor,betipor,2,tipor,/VERB|<PREVERB<BE>>
töltekezik,betöltekezik,3,töltekezik,/VERB|<PREVERB<BE>>
krepál,bekrepál,3,krepál,/VERB|<PREVERB<BE>>
árkol,beárkol,1,árkol,/VERB|<PREVERB<BE>>
illesztet,beillesztet,1,illesztet,/VERB|<PREVERB<BE>>
dumál,bedumál,1,dumál,/VERB|<PREVERB<BE>>
töltöget,betöltöget,1,töltöget,/VERB|<PREVERB<BE>>
ragad,beragad,9,ragad,/VERB|<PREVERB<BE>>
csönget,becsönget,10,csönget,/VERB|<PREVERB<BE>>
pirosodik,bepirosodik,4,pirosodik,/VERB|<PREVERB<BE>>
ás,beás,19,ás,/VERB|<PREVERB<BE>>
omol,beomol,1,omol,/VERB|<PREVERB<BE>>
ég,beég,5,ég,/VERB|<PREVERB<BE>>
él,beél,29,él,/VERB|<PREVERB<BE>>
ér,beér,11,ér,/VERB|<PREVERB<BE>>
üget,beüget,4,üget,/VERB|<PREVERB<BE>>
ír,beír,10,ír,/VERB|<PREVERB<BE>>
dolgozik,bedolgozik,7,dolgozik,/VERB|<PREVERB<BE>>
öl,beöl,3,öl,/VERB|<PREVERB<BE>>
segít,besegít,16,segít,/VERB|<PREVERB<BE>>
ül,beül,11,ül,/VERB|<PREVERB<BE>>
ázik,beázik,10,ázik,/VERB|<PREVERB<BE>>
üt,beüt,11,üt,/VERB|<PREVERB<BE>>
torkollik,betorkollik,6,torkollik,/VERB|<PREVERB<BE>>
próbálkozik,bepróbálkozik,6,próbálkozik,/VERB|<PREVERB<BE>>
dörgöl,bedörgöl,1,dörgöl,/VERB|<PREVERB<BE>>
szervez,beszervez,7,szervez,/VERB|<PREVERB<BE>>
ónoz,beónoz,1,ónoz,/VERB|<PREVERB<BE>>
kocsikázik,bekocsikázik,1,kocsikázik,/VERB|<PREVERB<BE>>
bandukol,bebandukol,1,bandukol,/VERB|<PREVERB<BE>>
ereszkedik,beereszkedik,5,ereszkedik,/VERB|<PREVERB<BE>>
ballag,beballag,10,ballag,/VERB|<PREVERB<BE>>
göngyöl,begöngyöl,7,göngyöl,/VERB|<PREVERB<BE>>
rágódik,berágódik,1,rágódik,/VERB|<PREVERB<BE>>
cserepez,becserepez,2,cserepez,/VERB|<PREVERB<BE>>
elegyít,beelegyít,2,elegyít,/VERB|<PREVERB<BE>>
totyog,betotyog,6,totyog,/VERB|<PREVERB<BE>>
dördül,bedördül,1,dördül,/VERB|<PREVERB<BE>>
kóstol,bekóstol,2,kóstol,/VERB|<PREVERB<BE>>
présel,beprésel,5,présel,/VERB|<PREVERB<BE>>
mázol,bemázol,4,mázol,/VERB|<PREVERB<BE>>
árnyal,beárnyal,6,árnyal,/VERB|<PREVERB<BE>>
csuszamlik,becsuszamlik,1,csuszamlik,/VERB|<PREVERB<BE>>
őr,beőr,5,őr,/VERB|<PREVERB<BE>>
leragyog,beleragyog,1,leragyog,/VERB|<PREVERB<BE>>
füröszt,befüröszt,1,füröszt,/VERB|<PREVERB<BE>>
levájkál,belevájkál,1,levájkál,/VERB|<PREVERB<BE>>
markol,bemarkol,1,markol,/VERB|<PREVERB<BE>>
rakat,berakat,3,rakat,/VERB|<PREVERB<BE>>
kóstál,bekóstál,2,kóstál,/VERB|<PREVERB<BE>>
csorog,becsorog,6,csorog,/VERB|<PREVERB<BE>>
mohosodik,bemohosodik,2,mohosodik,/VERB|<PREVERB<BE>>
falatozik,befalatozik,1,falatozik,/VERB|<PREVERB<BE>>
bordáz,bebordáz,1,bordáz,/VERB|<PREVERB<BE>>
oroz,beoroz,1,oroz,/VERB|<PREVERB<BE>>
protezsál,beprotezsál,3,protezsál,/VERB|<PREVERB<BE>>
szalonnázik,beszalonnázik,1,szalonnázik,/VERB|<PREVERB<BE>>
szalonnázik,beszalonnáz,2,szalonnázik,/VERB|<PREVERB<BE>>
búgat,bebúgat,1,búgat,/VERB|<PREVERB<BE>>
tűrődik,betűrődik,1,tűrődik,/VERB|<PREVERB<BE>>
hunyorodik,behunyorodik,1,hunyorodik,/VERB|<PREVERB<BE>>
piszkosodik,bepiszkosodik,1,piszkosodik,/VERB|<PREVERB<BE>>
lenevet,belenevet,6,lenevet,/VERB|<PREVERB<BE>>
suttyan,besuttyan,2,suttyan,/VERB|<PREVERB<BE>>
szkennel,beszkennel,1,szkennel,/VERB|<PREVERB<BE>>
üvegesedik,beüvegesedik,4,üvegesedik,/VERB|<PREVERB<BE>>
kormozódik,bekormozódik,2,kormozódik,/VERB|<PREVERB<BE>>
tagad,betagad,2,tagad,/VERB|<PREVERB<BE>>
lekiabál,belekiabál,3,lekiabál,/VERB|<PREVERB<BE>>
lenézet,belenézet,1,lenézet,/VERB|<PREVERB<BE>>
delirál,bedelirál,2,delirál,/VERB|<PREVERB<BE>>
molyosodik,bemolyosodik,1,molyosodik,/VERB|<PREVERB<BE>>
szárít,beszárít,1,szárít,/VERB|<PREVERB<BE>>
vermel,bevermel,1,vermel,/VERB|<PREVERB<BE>>
feketít,befeketít,7,feketít,/VERB|<PREVERB<BE>>
szennyesedik,beszennyesedik,1,szennyesedik,/VERB|<PREVERB<BE>>
dúdol,bedúdol,2,dúdol,/VERB|<PREVERB<BE>>
vagdalkozik,bevagdalkozik,1,vagdalkozik,/VERB|<PREVERB<BE>>
letart,beletart,2,letart,/VERB|<PREVERB<BE>>
szopik,beszopik,2,szopik,/VERB|<PREVERB<BE>>
tévelyedik,betévelyedik,1,tévelyedik,/VERB|<PREVERB<BE>>
feketül,befeketül,1,feketül,/VERB|<PREVERB<BE>>
tiltat,betiltat,1,tiltat,/VERB|<PREVERB<BE>>
lezuhog,belezuhog,3,lezuhog,/VERB|<PREVERB<BE>>
kanalaz,bekanalaz,4,kanalaz,/VERB|<PREVERB<BE>>
kettyent,bekettyent,1,kettyent,/VERB|<PREVERB<BE>>
görkorcsolyázik,begörkorcsolyázik,1,görkorcsolyázik,/VERB|<PREVERB<BE>>
pillésedik,bepillésedik,1,pillésedik,/VERB|<PREVERB<BE>>
habzsol,behabzsol,5,habzsol,/VERB|<PREVERB<BE>>
szüremkedik,beszüremkedik,4,szüremkedik,/VERB|<PREVERB<BE>>
gyökerezik,begyökerezik,3,gyökerezik,/VERB|<PREVERB<BE>>
tapaszol,betapaszol,1,tapaszol,/VERB|<PREVERB<BE>>
majrézik,bemajrézik,2,majrézik,/VERB|<PREVERB<BE>>
szoroz,beszoroz,2,szoroz,/VERB|<PREVERB<BE>>
éjjeledik,beéjjeledik,2,éjjeledik,/VERB|<PREVERB<BE>>
leszab,beleszab,1,leszab,/VERB|<PREVERB<BE>>
burkolózik,beburkolózik,8,burkolózik,/VERB|<PREVERB<BE>>
sörözik,besörözik,1,sörözik,/VERB|<PREVERB<BE>>
bizonyít,bebizonyít,10,bizonyít,/VERB|<PREVERB<BE>>
kormoz,bekormoz,2,kormoz,/VERB|<PREVERB<BE>>
leszáguld,beleszáguld,1,leszáguld,/VERB|<PREVERB<BE>>
hegeszt,behegeszt,5,hegeszt,/VERB|<PREVERB<BE>>
vakul,bevakul,1,vakul,/VERB|<PREVERB<BE>>
lereped,belereped,4,lereped,/VERB|<PREVERB<BE>>
szipkáz,beszipkáz,2,szipkáz,/VERB|<PREVERB<BE>>
piál,bepiál,2,piál,/VERB|<PREVERB<BE>>
fülled,befülled,31,fülled,/VERB|<PREVERB<BE>>
gyömöszöl,begyömöszöl,3,gyömöszöl,/VERB|<PREVERB<BE>>
sároz,besároz,5,sároz,/VERB|<PREVERB<BE>>
kövesedik,bekövesedik,1,kövesedik,/VERB|<PREVERB<BE>>
csilléz,becsilléz,1,csilléz,/VERB|<PREVERB<BE>>
csömöszöl,becsömöszöl,1,csömöszöl,/VERB|<PREVERB<BE>>
spájzol,bespájzol,5,spájzol,/VERB|<PREVERB<BE>>
komendál,bekomendál,1,komendál,/VERB|<PREVERB<BE>>
kvártélyoz,bekvártélyoz,2,kvártélyoz,/VERB|<PREVERB<BE>>
szegélyez,beszegélyez,1,szegélyez,/VERB|<PREVERB<BE>>
kárpitoz,bekárpitoz,1,kárpitoz,/VERB|<PREVERB<BE>>
citál,becitál,1,citál,/VERB|<PREVERB<BE>>
szörpöl,beszörpöl,1,szörpöl,/VERB|<PREVERB<BE>>
ködösödik,beködösödik,1,ködösödik,/VERB|<PREVERB<BE>>
börtönöz,bebörtönöz,7,börtönöz,/VERB|<PREVERB<BE>>
krapekol,bekrapekol,1,krapekol,/VERB|<PREVERB<BE>>
lepillant,belepillant,10,lepillant,/VERB|<PREVERB<BE>>
mosakodik,bemosakszik,4,mosakodik,/VERB|<PREVERB<BE>>
kátrányoz,bekátrányoz,1,kátrányoz,/VERB|<PREVERB<BE>>
mutogat,bemutogat,1,mutogat,/VERB|<PREVERB<BE>>
soroz,besoroz,9,soroz,/VERB|<PREVERB<BE>>
tokozódik,betokozódik,5,tokozódik,/VERB|<PREVERB<BE>>
számoz,beszámoz,1,számoz,/VERB|<PREVERB<BE>>
andalog,beandalog,1,andalog,/VERB|<PREVERB<BE>>
vagoníroz,bevagoníroz,2,vagoníroz,/VERB|<PREVERB<BE>>
székel,beszékel,3,székel,/VERB|<PREVERB<BE>>
lejmol,belejmol,1,lejmol,/VERB|<PREVERB<BE>>
szélez,beszélez,2,szélez,/VERB|<PREVERB<BE>>
népesít,benépesít,10,népesít,/VERB|<PREVERB<BE>>
választat,beválasztat,1,választat,/VERB|<PREVERB<BE>>
érlel,beérlel,1,érlel,/VERB|<PREVERB<BE>>
szemez,beszemez,1,szemez,/VERB|<PREVERB<BE>>
szenel,beszenel,1,szenel,/VERB|<PREVERB<BE>>
öblösödik,beöblösödik,5,öblösödik,/VERB|<PREVERB<BE>>
szürkít,beszürkít,1,szürkít,/VERB|<PREVERB<BE>>
balhézik,bebalhézik,2,balhézik,/VERB|<PREVERB<BE>>
fékez,befékez,3,fékez,/VERB|<PREVERB<BE>>
kéredzik,bekéredzik,3,kéredzik,/VERB|<PREVERB<BE>>
erőszakoskodik,beerőszakoskodik,1,erőszakoskodik,/VERB|<PREVERB<BE>>
kilincsel,bekilincsel,1,kilincsel,/VERB|<PREVERB<BE>>
hisztizik,behisztizik,1,hisztizik,/VERB|<PREVERB<BE>>
pállik,bepállik,1,pállik,/VERB|<PREVERB<BE>>
derít,bederít,1,derít,/VERB|<PREVERB<BE>>
szépít,beszépít,1,szépít,/VERB|<PREVERB<BE>>
mocskolódik,bemocskolódik,11,mocskolódik,/VERB|<PREVERB<BE>>
iszapol,beiszapol,2,iszapol,/VERB|<PREVERB<BE>>
szaltózik,beszaltózik,1,szaltózik,/VERB|<PREVERB<BE>>
pillésedik,bepillésedik,1,pillésedik,/VERB|<PREVERB<BE>>
habzsol,behabzsol,5,habzsol,/VERB|<PREVERB<BE>>
sűrűsödik,besűrűsödik,40,sűrűsödik,/VERB|<PREVERB<BE>>
szüremkedik,beszüremkedik,4,szüremkedik,/VERB|<PREVERB<BE>>
tüzesedik,betüzesedik,1,tüzesedik,/VERB|<PREVERB<BE>>
szöktet,beszöktet,1,szöktet,/VERB|<PREVERB<BE>>
sugaraz,besugaraz,1,sugaraz,/VERB|<PREVERB<BE>>
gyökerezik,begyökerezik,3,gyökerezik,/VERB|<PREVERB<BE>>
tapaszol,betapaszol,1,tapaszol,/VERB|<PREVERB<BE>>
szárnyal,beszárnyal,2,szárnyal,/VERB|<PREVERB<BE>>
vadul,bevadul,2,vadul,/VERB|<PREVERB<BE>>
tapos,betapos,3,tapos,/VERB|<PREVERB<BE>>
majrézik,bemajrézik,2,majrézik,/VERB|<PREVERB<BE>>
szorul,beszorul,11,szorul,/VERB|<PREVERB<BE>>
rakodik,berakodik,4,rakodik,/VERB|<PREVERB<BE>>
szoroz,beszoroz,2,szoroz,/VERB|<PREVERB<BE>>
éjjeledik,beéjjeledik,2,éjjeledik,/VERB|<PREVERB<BE>>
dobbant,bedobbant,5,dobbant,/VERB|<PREVERB<BE>>
pöndörül,bepöndörül,1,pöndörül,/VERB|<PREVERB<BE>>
leszab,beleszab,1,leszab,/VERB|<PREVERB<BE>>
hajlít,behajlít,3,hajlít,/VERB|<PREVERB<BE>>
tanít,betanít,9,tanít,/VERB|<PREVERB<BE>>
rakódik,berakódik,2,rakódik,/VERB|<PREVERB<BE>>
táncol,betáncol,10,táncol,/VERB|<PREVERB<BE>>
sikerül,besikerül,1,sikerül,/VERB|<PREVERB<BE>>
szemtelenkedik,beszemtelenkedik,1,szemtelenkedik,/VERB|<PREVERB<BE>>
burkolózik,beburkolózik,8,burkolózik,/VERB|<PREVERB<BE>>
felhősödik,befelhősödik,4,felhősödik,/VERB|<PREVERB<BE>>
sörözik,besörözik,1,sörözik,/VERB|<PREVERB<BE>>
bizonyít,bebizonyít,10,bizonyít,/VERB|<PREVERB<BE>>
csábít,becsábít,1,csábít,/VERB|<PREVERB<BE>>
cipel,becipel,5,cipel,/VERB|<PREVERB<BE>>
kormoz,bekormoz,2,kormoz,/VERB|<PREVERB<BE>>
örökít,beörökít,1,örökít,/VERB|<PREVERB<BE>>
leszáguld,beleszáguld,1,leszáguld,/VERB|<PREVERB<BE>>
hegeszt,behegeszt,5,hegeszt,/VERB|<PREVERB<BE>>
vakol,bevakol,1,vakol,/VERB|<PREVERB<BE>>
vakul,bevakul,1,vakul,/VERB|<PREVERB<BE>>
lereped,belereped,4,lereped,/VERB|<PREVERB<BE>>
szipkáz,beszipkáz,2,szipkáz,/VERB|<PREVERB<BE>>
bélel,bebélel,1,bélel,/VERB|<PREVERB<BE>>
szerveződik,beszerveződik,1,szerveződik,/VERB|<PREVERB<BE>>
piál,bepiál,2,piál,/VERB|<PREVERB<BE>>
sodor,besodor,4,sodor,/VERB|<PREVERB<BE>>
kötődik,bekötődik,1,kötődik,/VERB|<PREVERB<BE>>
fülled,befülled,31,fülled,/VERB|<PREVERB<BE>>
gyömöszöl,begyömöszöl,3,gyömöszöl,/VERB|<PREVERB<BE>>
szűrődik,beszűrődik,10,szűrődik,/VERB|<PREVERB<BE>>
oldódik,beoldódik,1,oldódik,/VERB|<PREVERB<BE>>
baktat,bebaktat,2,baktat,/VERB|<PREVERB<BE>>
pislog,bepislog,3,pislog,/VERB|<PREVERB<BE>>
sároz,besároz,5,sároz,/VERB|<PREVERB<BE>>
kövesedik,bekövesedik,1,kövesedik,/VERB|<PREVERB<BE>>
csilléz,becsilléz,1,csilléz,/VERB|<PREVERB<BE>>
csömöszöl,becsömöszöl,1,csömöszöl,/VERB|<PREVERB<BE>>
szabadul,beszabadul,8,szabadul,/VERB|<PREVERB<BE>>
spájzol,bespájzol,5,spájzol,/VERB|<PREVERB<BE>>
enyészik,beenyészik,1,enyészik,/VERB|<PREVERB<BE>>
komendál,bekomendál,1,komendál,/VERB|<PREVERB<BE>>
kvártélyoz,bekvártélyoz,2,kvártélyoz,/VERB|<PREVERB<BE>>
szegélyez,beszegélyez,1,szegélyez,/VERB|<PREVERB<BE>>
iramlik,beiramlik,1,iramlik,/VERB|<PREVERB<BE>>
kárpitoz,bekárpitoz,1,kárpitoz,/VERB|<PREVERB<BE>>
citál,becitál,1,citál,/VERB|<PREVERB<BE>>
szörpöl,beszörpöl,1,szörpöl,/VERB|<PREVERB<BE>>
állítódik,beállítódik,3,állítódik,/VERB|<PREVERB<BE>>
piszkít,bepiszkít,6,piszkít,/VERB|<PREVERB<BE>>
csillog,becsillog,1,csillog,/VERB|<PREVERB<BE>>
dörömböl,bedörömböl,2,dörömböl,/VERB|<PREVERB<BE>>
virágzik,bevirágzik,2,virágzik,/VERB|<PREVERB<BE>>
ködösödik,beködösödik,1,ködösödik,/VERB|<PREVERB<BE>>
csillan,becsillan,2,csillan,/VERB|<PREVERB<BE>>
cserél,becserél,3,cserél,/VERB|<PREVERB<BE>>
börtönöz,bebörtönöz,7,börtönöz,/VERB|<PREVERB<BE>>
loccsan,beloccsan,1,loccsan,/VERB|<PREVERB<BE>>
krapekol,bekrapekol,1,krapekol,/VERB|<PREVERB<BE>>
izgul,beizgul,1,izgul,/VERB|<PREVERB<BE>>
lepillant,belepillant,10,lepillant,/VERB|<PREVERB<BE>>
nyargal,benyargal,6,nyargal,/VERB|<PREVERB<BE>>
repedezik,berepedezik,4,repedezik,/VERB|<PREVERB<BE>>
mosakodik,bemosakszik,4,mosakodik,/VERB|<PREVERB<BE>>
fütyül,befütyül,6,fütyül,/VERB|<PREVERB<BE>>
nedvesedik,benedvesedik,1,nedvesedik,/VERB|<PREVERB<BE>>
kátrányoz,bekátrányoz,1,kátrányoz,/VERB|<PREVERB<BE>>
mutogat,bemutogat,1,mutogat,/VERB|<PREVERB<BE>>
pottyant,bepottyant,3,pottyant,/VERB|<PREVERB<BE>>
formál,beformál,1,formál,/VERB|<PREVERB<BE>>
formáz,beformáz,1,formáz,/VERB|<PREVERB<BE>>
korcol,bekorcol,1,korcol,/VERB|<PREVERB<BE>>
kerekezik,bekerekezik,1,kerekezik,/VERB|<PREVERB<BE>>
csábul,becsábul,1,csábul,/VERB|<PREVERB<BE>>
gyúl,begyúl,3,gyúl,/VERB|<PREVERB<BE>>
gyúr,begyúr,1,gyúr,/VERB|<PREVERB<BE>>
piszkol,bepiszkol,6,piszkol,/VERB|<PREVERB<BE>>
csoszog,becsoszog,6,csoszog,/VERB|<PREVERB<BE>>
soroz,besoroz,9,soroz,/VERB|<PREVERB<BE>>
görnyed,begörnyed,1,görnyed,/VERB|<PREVERB<BE>>
tokozódik,betokozódik,5,tokozódik,/VERB|<PREVERB<BE>>
számoz,beszámoz,1,számoz,/VERB|<PREVERB<BE>>
számol,beszámol,33,számol,/VERB|<PREVERB<BE>>
sorol,besorol,10,sorol,/VERB|<PREVERB<BE>>
andalog,beandalog,1,andalog,/VERB|<PREVERB<BE>>
vagoníroz,bevagoníroz,2,vagoníroz,/VERB|<PREVERB<BE>>
kanyarodik,bekanyarodik,10,kanyarodik,/VERB|<PREVERB<BE>>
forrad,beforrad,4,forrad,/VERB|<PREVERB<BE>>
villant,bevillant,11,villant,/VERB|<PREVERB<BE>>
bonyolódik,bebonyolódik,4,bonyolódik,/VERB|<PREVERB<BE>>
terjesztet,beterjesztet,1,terjesztet,/VERB|<PREVERB<BE>>
hangzik,behangzik,5,hangzik,/VERB|<PREVERB<BE>>
hajt,behajt,12,hajt,/VERB|<PREVERB<BE>>
székel,beszékel,3,székel,/VERB|<PREVERB<BE>>
lejmol,belejmol,1,lejmol,/VERB|<PREVERB<BE>>
harsan,beharsan,1,harsan,/VERB|<PREVERB<BE>>
széled,beszéled,10,széled,/VERB|<PREVERB<BE>>
szélez,beszélez,2,szélez,/VERB|<PREVERB<BE>>
szelet,beszelet,1,szelet,/VERB|<PREVERB<BE>>
csókol,becsókol,2,csókol,/VERB|<PREVERB<BE>>
gyűr,begyűr,4,gyűr,/VERB|<PREVERB<BE>>
élesedik,beélesedik,1,élesedik,/VERB|<PREVERB<BE>>
szegül,beszegül,1,szegül,/VERB|<PREVERB<BE>>
szédül,beszédül,6,szédül,/VERB|<PREVERB<BE>>
ragyog,beragyog,10,ragyog,/VERB|<PREVERB<BE>>
beszél,bebeszél,7,beszél,/VERB|<PREVERB<BE>>
mosolyog,bemosolyog,5,mosolyog,/VERB|<PREVERB<BE>>
fedez,befedez,8,fedez,/VERB|<PREVERB<BE>>
harsog,beharsog,1,harsog,/VERB|<PREVERB<BE>>
népesül,benépesül,11,népesül,/VERB|<PREVERB<BE>>
zabál,bezabál,6,zabál,/VERB|<PREVERB<BE>>
népesít,benépesít,10,népesít,/VERB|<PREVERB<BE>>
választat,beválasztat,1,választat,/VERB|<PREVERB<BE>>
nyújt,benyújt,8,nyújt,/VERB|<PREVERB<BE>>
érlel,beérlel,1,érlel,/VERB|<PREVERB<BE>>
zörög,bezörög,7,zörög,/VERB|<PREVERB<BE>>
bekkel,bebekkel,3,bekkel,/VERB|<PREVERB<BE>>
vörösödik,bevörösödik,2,vörösödik,/VERB|<PREVERB<BE>>
szemez,beszemez,1,szemez,/VERB|<PREVERB<BE>>
kopogtat,bekopogtat,11,kopogtat,/VERB|<PREVERB<BE>>
pöndörödik,bepöndörödik,2,pöndörödik,/VERB|<PREVERB<BE>>
szürkül,beszürkül,6,szürkül,/VERB|<PREVERB<BE>>
hint,behint,7,hint,/VERB|<PREVERB<BE>>
szenel,beszenel,1,szenel,/VERB|<PREVERB<BE>>
öblösödik,beöblösödik,5,öblösödik,/VERB|<PREVERB<BE>>
készít,bekészít,2,készít,/VERB|<PREVERB<BE>>
szürkít,beszürkít,1,szürkít,/VERB|<PREVERB<BE>>
balhézik,bebalhézik,2,balhézik,/VERB|<PREVERB<BE>>
fékez,befékez,3,fékez,/VERB|<PREVERB<BE>>
kéredzik,bekéredzik,3,kéredzik,/VERB|<PREVERB<BE>>
csápol,becsápol,1,csápol,/VERB|<PREVERB<BE>>
erőszakoskodik,beerőszakoskodik,1,erőszakoskodik,/VERB|<PREVERB<BE>>
kilincsel,bekilincsel,1,kilincsel,/VERB|<PREVERB<BE>>
hisztizik,behisztizik,1,hisztizik,/VERB|<PREVERB<BE>>
pállik,bepállik,1,pállik,/VERB|<PREVERB<BE>>
furakszik,befurakszik,10,furakszik,/VERB|<PREVERB<BE>>
cseng,becseng,2,cseng,/VERB|<PREVERB<BE>>
fejez,befejez,13,fejez,/VERB|<PREVERB<BE>>
derít,bederít,1,derít,/VERB|<PREVERB<BE>>
kóricál,bekóricál,2,kóricál,/VERB|<PREVERB<BE>>
szépít,beszépít,1,szépít,/VERB|<PREVERB<BE>>
mocskolódik,bemocskolódik,11,mocskolódik,/VERB|<PREVERB<BE>>
öltöztet,beöltöztet,1,öltöztet,/VERB|<PREVERB<BE>>
iszapol,beiszapol,2,iszapol,/VERB|<PREVERB<BE>>
márt,bemárt,8,márt,/VERB|<PREVERB<BE>>
határol,behatárol,6,határol,/VERB|<PREVERB<BE>>
áramlik,beáramlik,10,áramlik,/VERB|<PREVERB<BE>>
izzad,beizzad,1,izzad,/VERB|<PREVERB<BE>>
billent,bebillent,8,billent,/VERB|<PREVERB<BE>>
sereglik,besereglik,2,sereglik,/VERB|<PREVERB<BE>>
bámul,bebámul,4,bámul,/VERB|<PREVERB<BE>>
szaltózik,beszaltózik,1,szaltózik,/VERB|<PREVERB<BE>>
pattan,bepattan,3,pattan,/VERB|<PREVERB<BE>>
szomorkodik,beszomorkodik,1,szomorkodik,/VERB|<PREVERB<BE>>
felez,befelez,1,felez,/VERB|<PREVERB<BE>>
felel,befelel,1,felel,/VERB|<PREVERB<BE>>
cukrosodik,becukrosodik,1,cukrosodik,/VERB|<PREVERB<BE>>
szerez,beszerez,12,szerez,/VERB|<PREVERB<BE>>
merészkedik,bemerészkedik,10,merészkedik,/VERB|<PREVERB<BE>>
szerel,beszerel,3,szerel,/VERB|<PREVERB<BE>>
bizonyul,bebizonyul,10,bizonyul,/VERB|<PREVERB<BE>>
látszik,belátszik,6,látszik,/VERB|<PREVERB<BE>>
népesedik,benépesedik,8,népesedik,/VERB|<PREVERB<BE>>
süvít,besüvít,10,süvít,/VERB|<PREVERB<BE>>
lökdös,belökdös,2,lökdös,/VERB|<PREVERB<BE>>
hord,behord,6,hord,/VERB|<PREVERB<BE>>
gorombul,begorombul,6,gorombul,/VERB|<PREVERB<BE>>
izzik,beizzik,3,izzik,/VERB|<PREVERB<BE>>
kéklik,bekéklik,1,kéklik,/VERB|<PREVERB<BE>>
erősödik,beerősödik,1,erősödik,/VERB|<PREVERB<BE>>
csokizik,becsokizik,1,csokizik,/VERB|<PREVERB<BE>>
csepereg,becsepereg,2,csepereg,/VERB|<PREVERB<BE>>
irdal,beirdal,1,irdal,/VERB|<PREVERB<BE>>
kapkodja,bekapkodja,1,kapkodja,/VERB|<PREVERB<BE>>
zizzen,bezizzen,1,zizzen,/VERB|<PREVERB<BE>>
báláz,bebáláz,2,báláz,/VERB|<PREVERB<BE>>
vált,bevált,19,vált,/VERB|<PREVERB<BE>>
zeng,bezeng,2,zeng,/VERB|<PREVERB<BE>>
ötlik,beötlik,2,ötlik,/VERB|<PREVERB<BE>>
jelentet,bejelentet,6,jelentet,/VERB|<PREVERB<BE>>
guggol,beguggol,4,guggol,/VERB|<PREVERB<BE>>
szállásol,beszállásol,6,szállásol,/VERB|<PREVERB<BE>>
pecsétel,bepecsétel,2,pecsétel,/VERB|<PREVERB<BE>>
csíkoz,becsíkoz,1,csíkoz,/VERB|<PREVERB<BE>>
heged,beheged,9,heged,/VERB|<PREVERB<BE>>
pukkan,bepukkan,1,pukkan,/VERB|<PREVERB<BE>>
helyettesít,behelyettesít,6,helyettesít,/VERB|<PREVERB<BE>>
simogat,besimogat,1,simogat,/VERB|<PREVERB<BE>>
csuklik,becsuklik,1,csuklik,/VERB|<PREVERB<BE>>
csikar,becsikar,1,csikar,/VERB|<PREVERB<BE>>
csigáz,becsigáz,3,csigáz,/VERB|<PREVERB<BE>>
dugdos,bedugdos,1,dugdos,/VERB|<PREVERB<BE>>
horpad,behorpad,11,horpad,/VERB|<PREVERB<BE>>
telepedik,betelepedik,4,telepedik,/VERB|<PREVERB<BE>>
telepedik,betelepszik,11,telepedik,/VERB|<PREVERB<BE>>
keneget,bekeneget,1,keneget,/VERB|<PREVERB<BE>>
nyilallik,benyilallik,1,nyilallik,/VERB|<PREVERB<BE>>
szökkent,beszökkent,6,szökkent,/VERB|<PREVERB<BE>>
nyúlkál,benyúlkál,2,nyúlkál,/VERB|<PREVERB<BE>>
nézeget,benézeget,6,nézeget,/VERB|<PREVERB<BE>>
járogat,bejárogat,1,járogat,/VERB|<PREVERB<BE>>
könyvel,bekönyvel,2,könyvel,/VERB|<PREVERB<BE>>
sárgállik,besárgállik,1,sárgállik,/VERB|<PREVERB<BE>>
kacsint,bekacsint,4,kacsint,/VERB|<PREVERB<BE>>
huny,behuny,3,huny,/VERB|<PREVERB<BE>>
kunkorodik,bekunkorodik,2,kunkorodik,/VERB|<PREVERB<BE>>
kurjant,bekurjant,3,kurjant,/VERB|<PREVERB<BE>>
bókol,bebókol,1,bókol,/VERB|<PREVERB<BE>>
reszel,bereszel,1,reszel,/VERB|<PREVERB<BE>>
hajigál,behajigál,2,hajigál,/VERB|<PREVERB<BE>>
szedeget,beszedeget,2,szedeget,/VERB|<PREVERB<BE>>
hallik,behallik,8,hallik,/VERB|<PREVERB<BE>>
zavar,bezavar,5,zavar,/VERB|<PREVERB<BE>>
görög,begörög,1,görög,/VERB|<PREVERB<BE>>
erőltet,beerőltet,1,erőltet,/VERB|<PREVERB<BE>>
gyógyul,begyógyul,12,gyógyul,/VERB|<PREVERB<BE>>
gyűlik,begyűlik,2,gyűlik,/VERB|<PREVERB<BE>>
gyűlik,begyűl,7,gyűlik,/VERB|<PREVERB<BE>>
perselyez,beperselyez,1,perselyez,/VERB|<PREVERB<BE>>
kapcsol,bekapcsol,11,kapcsol,/VERB|<PREVERB<BE>>
dülöngél,bedülöngél,1,dülöngél,/VERB|<PREVERB<BE>>
járkál,bejárkál,2,járkál,/VERB|<PREVERB<BE>>
gányol,begányol,1,gányol,/VERB|<PREVERB<BE>>
kattint,bekattint,1,kattint,/VERB|<PREVERB<BE>>
kóvályog,bekóvályog,1,kóvályog,/VERB|<PREVERB<BE>>
tömődik,betömődik,5,tömődik,/VERB|<PREVERB<BE>>
gyógyít,begyógyít,10,gyógyít,/VERB|<PREVERB<BE>>
úszik,beúszik,13,úszik,/VERB|<PREVERB<BE>>
sunnyog,besunnyog,1,sunnyog,/VERB|<PREVERB<BE>>
petézik,bepetézik,1,petézik,/VERB|<PREVERB<BE>>
vész,bevész,4,vész,/VERB|<PREVERB<BE>>
korlátozódik,bekorlátozódik,1,korlátozódik,/VERB|<PREVERB<BE>>
cikkelyez,becikkelyez,4,cikkelyez,/VERB|<PREVERB<BE>>
dönt,bedönt,7,dönt,/VERB|<PREVERB<BE>>
szekundázik,beszekundázik,1,szekundázik,/VERB|<PREVERB<BE>>
nősül,benősül,4,nősül,/VERB|<PREVERB<BE>>
számlál,beszámlál,2,számlál,/VERB|<PREVERB<BE>>
nyerít,benyerít,4,nyerít,/VERB|<PREVERB<BE>>
meszel,bemeszel,6,meszel,/VERB|<PREVERB<BE>>
sündörög,besündörög,1,sündörög,/VERB|<PREVERB<BE>>
piszkolódik,bepiszkolódik,10,piszkolódik,/VERB|<PREVERB<BE>>
csosszan,becsosszan,1,csosszan,/VERB|<PREVERB<BE>>
szűnik,beszűnik,4,szűnik,/VERB|<PREVERB<BE>>
lobban,belobban,11,lobban,/VERB|<PREVERB<BE>>
színel,beszínel,2,színel,/VERB|<PREVERB<BE>>
színez,beszínez,1,színez,/VERB|<PREVERB<BE>>
csappant,becsappant,1,csappant,/VERB|<PREVERB<BE>>
dobog,bedobog,1,dobog,/VERB|<PREVERB<BE>>
szűkít,beszűkít,5,szűkít,/VERB|<PREVERB<BE>>
mormog,bemormog,1,mormog,/VERB|<PREVERB<BE>>
vigyorog,bevigyorog,2,vigyorog,/VERB|<PREVERB<BE>>
suttyant,besuttyant,3,suttyant,/VERB|<PREVERB<BE>>
jegyez,bejegyez,8,jegyez,/VERB|<PREVERB<BE>>
szikkad,beszikkad,1,szikkad,/VERB|<PREVERB<BE>>
ütközik,beütközik,1,ütközik,/VERB|<PREVERB<BE>>
csendül,becsendül,1,csendül,/VERB|<PREVERB<BE>>
borul,beborul,11,borul,/VERB|<PREVERB<BE>>
dobál,bedobál,4,dobál,/VERB|<PREVERB<BE>>
kérezkedik,bekérezkedik,3,kérezkedik,/VERB|<PREVERB<BE>>
csöppen,becsöppen,3,csöppen,/VERB|<PREVERB<BE>>
csinálódik,becsinálódik,2,csinálódik,/VERB|<PREVERB<BE>>
suszterol,besuszterol,1,suszterol,/VERB|<PREVERB<BE>>
zsong,bezsong,6,zsong,/VERB|<PREVERB<BE>>
szögez,beszögez,1,szögez,/VERB|<PREVERB<BE>>
esket,beesket,4,esket,/VERB|<PREVERB<BE>>
telefonál,betelefonál,8,telefonál,/VERB|<PREVERB<BE>>
skatulyáz,beskatulyáz,1,skatulyáz,/VERB|<PREVERB<BE>>
csenget,becsenget,11,csenget,/VERB|<PREVERB<BE>>
tántorodik,betántorodik,1,tántorodik,/VERB|<PREVERB<BE>>
löttyint,belöttyint,1,löttyint,/VERB|<PREVERB<BE>>
fúvódik,befúvódik,1,fúvódik,/VERB|<PREVERB<BE>>
kukkan,bekukkan,6,kukkan,/VERB|<PREVERB<BE>>
szédeleg,beszédeleg,2,szédeleg,/VERB|<PREVERB<BE>>
kukkol,bekukkol,1,kukkol,/VERB|<PREVERB<BE>>
serdül,beserdül,1,serdül,/VERB|<PREVERB<BE>>
borít,beborít,12,borít,/VERB|<PREVERB<BE>>
gyújtat,begyújtat,1,gyújtat,/VERB|<PREVERB<BE>>
pislant,bepislant,2,pislant,/VERB|<PREVERB<BE>>
sunyít,besunyít,1,sunyít,/VERB|<PREVERB<BE>>
lyukaszt,belyukaszt,1,lyukaszt,/VERB|<PREVERB<BE>>
szűkül,beszűkül,11,szűkül,/VERB|<PREVERB<BE>>
vicsorog,bevicsorog,1,vicsorog,/VERB|<PREVERB<BE>>
futtat,befuttat,3,futtat,/VERB|<PREVERB<BE>>
kaparászik,bekaparász,1,kaparászik,/VERB|<PREVERB<BE>>
kaparászik,bekaparászik,1,kaparászik,/VERB|<PREVERB<BE>>
támogat,betámogat,4,támogat,/VERB|<PREVERB<BE>>
poroszkál,beporoszkál,1,poroszkál,/VERB|<PREVERB<BE>>
lanyhul,belanyhul,1,lanyhul,/VERB|<PREVERB<BE>>
permetez,bepermetez,3,permetez,/VERB|<PREVERB<BE>>
hordoz,behordoz,1,hordoz,/VERB|<PREVERB<BE>>
szökik,beszökik,14,szökik,/VERB|<PREVERB<BE>>
bonyolít,bebonyolít,3,bonyolít,/VERB|<PREVERB<BE>>
reklamál,bereklamál,1,reklamál,/VERB|<PREVERB<BE>>
ólálkodik,beólálkodik,2,ólálkodik,/VERB|<PREVERB<BE>>
bocsát,bebocsát,8,bocsát,/VERB|<PREVERB<BE>>
botorkázik,bebotorkázik,1,botorkázik,/VERB|<PREVERB<BE>>
csöpög,becsöpög,5,csöpög,/VERB|<PREVERB<BE>>
fütyörészik,befütyörész,1,fütyörészik,/VERB|<PREVERB<BE>>
kacsingat,bekacsingat,1,kacsingat,/VERB|<PREVERB<BE>>
kapkod,bekapkod,1,kapkod,/VERB|<PREVERB<BE>>
olajoz,beolajoz,1,olajoz,/VERB|<PREVERB<BE>>
sorjázik,besorjázik,1,sorjázik,/VERB|<PREVERB<BE>>
áldoz,beáldoz,3,áldoz,/VERB|<PREVERB<BE>>
zsarol,bezsarol,1,zsarol,/VERB|<PREVERB<BE>>
penderedik,bependeredik,1,penderedik,/VERB|<PREVERB<BE>>
települ,betelepül,12,települ,/VERB|<PREVERB<BE>>
pustol,bepustol,1,pustol,/VERB|<PREVERB<BE>>
diffundál,bediffundál,2,diffundál,/VERB|<PREVERB<BE>>
ruház,beruház,10,ruház,/VERB|<PREVERB<BE>>
cammog,becammog,7,cammog,/VERB|<PREVERB<BE>>
ugrat,beugrat,6,ugrat,/VERB|<PREVERB<BE>>
idéz,beidéz,3,idéz,/VERB|<PREVERB<BE>>
telepít,betelepít,3,telepít,/VERB|<PREVERB<BE>>
ugrik,beugrik,13,ugrik,/VERB|<PREVERB<BE>>
oldalog,beoldalog,1,oldalog,/VERB|<PREVERB<BE>>
kóborol,bekóborol,3,kóborol,/VERB|<PREVERB<BE>>
vonszol,bevonszol,2,vonszol,/VERB|<PREVERB<BE>>
ugrál,beugrál,2,ugrál,/VERB|<PREVERB<BE>>
oldalaz,beoldalaz,2,oldalaz,/VERB|<PREVERB<BE>>
fűződik,befűződik,2,fűződik,/VERB|<PREVERB<BE>>
szegődtet,beszegődtet,2,szegődtet,/VERB|<PREVERB<BE>>
csontosodik,becsontosodik,1,csontosodik,/VERB|<PREVERB<BE>>
lankad,belankad,1,lankad,/VERB|<PREVERB<BE>>
nyomódik,benyomódik,10,nyomódik,/VERB|<PREVERB<BE>>
kasztliz,bekasztliz,2,kasztliz,/VERB|<PREVERB<BE>>
lébol,belébol,1,lébol,/VERB|<PREVERB<BE>>
tetőzik,betetőz,4,tetőzik,/VERB|<PREVERB<BE>>
tetőzik,betetőzik,6,tetőzik,/VERB|<PREVERB<BE>>
ijed,beijed,5,ijed,/VERB|<PREVERB<BE>>
lebeg,belebeg,2,lebeg,/VERB|<PREVERB<BE>>
bólint,bebólint,2,bólint,/VERB|<PREVERB<BE>>
málház,bemálház,1,málház,/VERB|<PREVERB<BE>>
dühít,bedühít,1,dühít,/VERB|<PREVERB<BE>>
boltoz,beboltoz,2,boltoz,/VERB|<PREVERB<BE>>
fárad,befárad,3,fárad,/VERB|<PREVERB<BE>>
reng,bereng,2,reng,/VERB|<PREVERB<BE>>
ígér,beígér,3,ígér,/VERB|<PREVERB<BE>>
fúródik,befúródik,6,fúródik,/VERB|<PREVERB<BE>>
kapdos,bekapdos,1,kapdos,/VERB|<PREVERB<BE>>
programoz,beprogramoz,1,programoz,/VERB|<PREVERB<BE>>
kísér,bekísér,8,kísér,/VERB|<PREVERB<BE>>
gyakorol,begyakorol,4,gyakorol,/VERB|<PREVERB<BE>>
vizsgál,bevizsgál,1,vizsgál,/VERB|<PREVERB<BE>>
számítódik,beszámítódik,2,számítódik,/VERB|<PREVERB<BE>>
csörög,becsörög,1,csörög,/VERB|<PREVERB<BE>>
jelöl,bejelöl,3,jelöl,/VERB|<PREVERB<BE>>
rittyent,berittyent,1,rittyent,/VERB|<PREVERB<BE>>
tekergőzik,betekergőzik,1,tekergőzik,/VERB|<PREVERB<BE>>
lehel,belehel,5,lehel,/VERB|<PREVERB<BE>>
lehet,belehet,11,lehet,/VERB|<PREVERB<BE>>
gazol,begazol,2,gazol,/VERB|<PREVERB<BE>>
bámészkodik,bebámészkodik,1,bámészkodik,/VERB|<PREVERB<BE>>
tagolódik,betagolódik,9,tagolódik,/VERB|<PREVERB<BE>>
kíván,bekíván,2,kíván,/VERB|<PREVERB<BE>>
inal,beinal,1,inal,/VERB|<PREVERB<BE>>
ajánlgat,beajánlgat,1,ajánlgat,/VERB|<PREVERB<BE>>
fogat,befogat,9,fogat,/VERB|<PREVERB<BE>>
fogad,befogad,10,fogad,/VERB|<PREVERB<BE>>
legel,belegel,1,legel,/VERB|<PREVERB<BE>>
eszik,beeszik,2,eszik,/VERB|<PREVERB<BE>>
eszik,beesz,1,eszik,/VERB|<PREVERB<BE>>
csinál,becsinál,9,csinál,/VERB|<PREVERB<BE>>
riad,beriad,1,riad,/VERB|<PREVERB<BE>>
koncentrálódik,bekoncentrálódik,2,koncentrálódik,/VERB|<PREVERB<BE>>
ring,bering,7,ring,/VERB|<PREVERB<BE>>
ácsol,beácsol,1,ácsol,/VERB|<PREVERB<BE>>
sarjad,besarjad,2,sarjad,/VERB|<PREVERB<BE>>
állíttatik,beállíttatik,3,állíttatik,/VERB|<PREVERB<BE>>
követ,bekövet,12,követ,/VERB|<PREVERB<BE>>
kacag,bekacag,4,kacag,/VERB|<PREVERB<BE>>
süvölt,besüvölt,4,süvölt,/VERB|<PREVERB<BE>>
csiccsent,becsiccsent,2,csiccsent,/VERB|<PREVERB<BE>>
sarkal,besarkal,1,sarkal,/VERB|<PREVERB<BE>>
csipog,becsipog,1,csipog,/VERB|<PREVERB<BE>>
tevődik,betevődik,4,tevődik,/VERB|<PREVERB<BE>>
gyúródik,begyúródik,1,gyúródik,/VERB|<PREVERB<BE>>
lopakodik,belopakodik,8,lopakodik,/VERB|<PREVERB<BE>>
kötöz,bekötöz,15,kötöz,/VERB|<PREVERB<BE>>
fullad,befullad,7,fullad,/VERB|<PREVERB<BE>>
írat,beírat,11,írat,/VERB|<PREVERB<BE>>
ölel,beölel,1,ölel,/VERB|<PREVERB<BE>>
köröz,beköröz,2,köröz,/VERB|<PREVERB<BE>>
fásít,befásít,2,fásít,/VERB|<PREVERB<BE>>
türemlik,betüremlik,4,türemlik,/VERB|<PREVERB<BE>>
lenni,belenni,3,lenni,/VERB|<PREVERB<BE>>
idegződik,beidegződik,7,idegződik,/VERB|<PREVERB<BE>>
rozsdásodik,berozsdásodik,8,rozsdásodik,/VERB|<PREVERB<BE>>
közelít,beközelít,5,közelít,/VERB|<PREVERB<BE>>
kattant,bekattant,12,kattant,/VERB|<PREVERB<BE>>
császkál,becsászkál,1,császkál,/VERB|<PREVERB<BE>>
hallgatózik,behallgatózik,1,hallgatózik,/VERB|<PREVERB<BE>>
zsindelyez,bezsindelyez,2,zsindelyez,/VERB|<PREVERB<BE>>
állít,beállít,10,állít,/VERB|<PREVERB<BE>>
rogy,berogy,5,rogy,/VERB|<PREVERB<BE>>
lépet,belépet,4,lépet,/VERB|<PREVERB<BE>>
kajol,bekajol,1,kajol,/VERB|<PREVERB<BE>>
ront,beront,12,ront,/VERB|<PREVERB<BE>>
hálóz,behálóz,10,hálóz,/VERB|<PREVERB<BE>>
hódol,behódol,12,hódol,/VERB|<PREVERB<BE>>
palánkol,bepalánkol,2,palánkol,/VERB|<PREVERB<BE>>
ível,beível,2,ível,/VERB|<PREVERB<BE>>
summáz,besummáz,1,summáz,/VERB|<PREVERB<BE>>
döbben,bedöbben,1,döbben,/VERB|<PREVERB<BE>>
masíroztat,bemasíroztat,2,masíroztat,/VERB|<PREVERB<BE>>
kucorodik,bekucorodik,3,kucorodik,/VERB|<PREVERB<BE>>
dob,bedob,11,dob,/VERB|<PREVERB<BE>>
csappan,becsappan,1,csappan,/VERB|<PREVERB<BE>>
dug,bedug,10,dug,/VERB|<PREVERB<BE>>
cseppent,becseppent,4,cseppent,/VERB|<PREVERB<BE>>
ejt,beejt,2,ejt,/VERB|<PREVERB<BE>>
roppan,beroppan,3,roppan,/VERB|<PREVERB<BE>>
lebbent,belebbent,10,lebbent,/VERB|<PREVERB<BE>>
fosik,befosik,3,fosik,/VERB|<PREVERB<BE>>
fal,befal,9,fal,/VERB|<PREVERB<BE>>
fed,befed,12,fed,/VERB|<PREVERB<BE>>
fej,befej,7,fej,/VERB|<PREVERB<BE>>
fen,befen,11,fen,/VERB|<PREVERB<BE>>
sárgul,besárgul,6,sárgul,/VERB|<PREVERB<BE>>
fosat,befosat,1,fosat,/VERB|<PREVERB<BE>>
tündöklik,betündöklik,1,tündöklik,/VERB|<PREVERB<BE>>
bolondul,bebolondul,1,bolondul,/VERB|<PREVERB<BE>>
csemcseg,becsemcseg,1,csemcseg,/VERB|<PREVERB<BE>>
fog,befog,11,fog,/VERB|<PREVERB<BE>>
fon,befon,12,fon,/VERB|<PREVERB<BE>>
bír,bebír,1,bír,/VERB|<PREVERB<BE>>
fut,befut,12,fut,/VERB|<PREVERB<BE>>
bök,bebök,1,bök,/VERB|<PREVERB<BE>>
búg,bebúg,2,búg,/VERB|<PREVERB<BE>>
búj,bebúj,1,búj,/VERB|<PREVERB<BE>>
dereng,bedereng,4,dereng,/VERB|<PREVERB<BE>>
csajozik,becsajozik,2,csajozik,/VERB|<PREVERB<BE>>
lopódzik,belopódzik,9,lopódzik,/VERB|<PREVERB<BE>>
támolyog,betámolyog,7,támolyog,/VERB|<PREVERB<BE>>
ordít,beordít,5,ordít,/VERB|<PREVERB<BE>>
durrant,bedurrant,5,durrant,/VERB|<PREVERB<BE>>
sivalkodik,besivalkodik,1,sivalkodik,/VERB|<PREVERB<BE>>
szövődik,beszövődik,1,szövődik,/VERB|<PREVERB<BE>>
kajál,bekajál,1,kajál,/VERB|<PREVERB<BE>>
hal,behal,5,hal,/VERB|<PREVERB<BE>>
hat,behat,12,hat,/VERB|<PREVERB<BE>>
pókhálóz,bepókhálóz,1,pókhálóz,/VERB|<PREVERB<BE>>
csapkod,becsapkod,2,csapkod,/VERB|<PREVERB<BE>>
hoz,behoz,11,hoz,/VERB|<PREVERB<BE>>
ismer,beismer,9,ismer,/VERB|<PREVERB<BE>>
döf,bedöf,2,döf,/VERB|<PREVERB<BE>>
hátrál,behátrál,7,hátrál,/VERB|<PREVERB<BE>>
zsíroz,bezsíroz,3,zsíroz,/VERB|<PREVERB<BE>>
lopózik,belopózik,10,lopózik,/VERB|<PREVERB<BE>>
ing,being,53,ing,/VERB|<PREVERB<BE>>
int,beint,12,int,/VERB|<PREVERB<BE>>
irt,beirt,13,irt,/VERB|<PREVERB<BE>>
övez,beövez,1,övez,/VERB|<PREVERB<BE>>
fél,befél,8,fél,/VERB|<PREVERB<BE>>
fér,befér,20,fér,/VERB|<PREVERB<BE>>
adat,beadat,1,adat,/VERB|<PREVERB<BE>>
jut,bejut,13,jut,/VERB|<PREVERB<BE>>
választ,beválaszt,2,választ,/VERB|<PREVERB<BE>>
fúj,befúj,10,fúj,/VERB|<PREVERB<BE>>
fúl,befúl,2,fúl,/VERB|<PREVERB<BE>>
kapar,bekapar,2,kapar,/VERB|<PREVERB<BE>>
kapat,bekapat,4,kapat,/VERB|<PREVERB<BE>>
fúr,befúr,6,fúr,/VERB|<PREVERB<BE>>
kap,bekap,10,kap,/VERB|<PREVERB<BE>>
kakál,bekakál,3,kakál,/VERB|<PREVERB<BE>>
kel,bekel,4,kel,/VERB|<PREVERB<BE>>
ken,beken,26,ken,/VERB|<PREVERB<BE>>
aljaz,bealjaz,1,aljaz,/VERB|<PREVERB<BE>>
sompolyog,besompolyog,7,sompolyog,/VERB|<PREVERB<BE>>
gór,begór,2,gór,/VERB|<PREVERB<BE>>
dől,bedől,11,dől,/VERB|<PREVERB<BE>>
stírol,bestírol,1,stírol,/VERB|<PREVERB<BE>>
cserkészik,becserkészik,5,cserkészik,/VERB|<PREVERB<BE>>
cserkész,becserkész,6,cserkész,/VERB|<PREVERB<BE>>
hág,behág,2,hág,/VERB|<PREVERB<BE>>
lel,belel,7,lel,/VERB|<PREVERB<BE>>
lep,belep,10,lep,/VERB|<PREVERB<BE>>
les,beles,11,les,/VERB|<PREVERB<BE>>
karol,bekarol,5,karol,/VERB|<PREVERB<BE>>
sodródik,besodródik,3,sodródik,/VERB|<PREVERB<BE>>
lop,belop,5,lop,/VERB|<PREVERB<BE>>
hív,behív,10,hív,/VERB|<PREVERB<BE>>
dűl,bedűl,6,dűl,/VERB|<PREVERB<BE>>
dűt,bedűt,2,dűt,/VERB|<PREVERB<BE>>
húz,behúz,11,húz,/VERB|<PREVERB<BE>>
mar,bemar,4,mar,/VERB|<PREVERB<BE>>
párosodik,bepárosodik,2,párosodik,/VERB|<PREVERB<BE>>
mer,bemer,16,mer,/VERB|<PREVERB<BE>>
mos,bemos,4,mos,/VERB|<PREVERB<BE>>
mozdul,bemozdul,4,mozdul,/VERB|<PREVERB<BE>>
főz,befőz,7,főz,/VERB|<PREVERB<BE>>
gennyesedik,begennyesedik,2,gennyesedik,/VERB|<PREVERB<BE>>
hömpölyög,behömpölyög,2,hömpölyög,/VERB|<PREVERB<BE>>
koszolódik,bekoszolódik,1,koszolódik,/VERB|<PREVERB<BE>>
tapaszt,betapaszt,8,tapaszt,/VERB|<PREVERB<BE>>
jár,bejár,11,jár,/VERB|<PREVERB<BE>>
foldoz,befoldoz,2,foldoz,/VERB|<PREVERB<BE>>
követel,bekövetel,1,követel,/VERB|<PREVERB<BE>>
fecskendez,befecskendez,6,fecskendez,/VERB|<PREVERB<BE>>
fűt,befűt,12,fűt,/VERB|<PREVERB<BE>>
fűz,befűz,9,fűz,/VERB|<PREVERB<BE>>
jön,bejön,14,jön,/VERB|<PREVERB<BE>>
jön,bejő,17,jön,/VERB|<PREVERB<BE>>
magol,bemagol,2,magol,/VERB|<PREVERB<BE>>
nyű,benyű,1,nyű,/VERB|<PREVERB<BE>>
kapál,bekapál,2,kapál,/VERB|<PREVERB<BE>>
rúgat,berúgat,1,rúgat,/VERB|<PREVERB<BE>>
rajzol,berajzol,2,rajzol,/VERB|<PREVERB<BE>>
buszozik,bebuszozik,1,buszozik,/VERB|<PREVERB<BE>>
költözködik,beköltözködik,5,költözködik,/VERB|<PREVERB<BE>>
olt,beolt,5,olt,/VERB|<PREVERB<BE>>
kér,bekér,7,kér,/VERB|<PREVERB<BE>>
ont,beont,1,ont,/VERB|<PREVERB<BE>>
csapdos,becsapdos,1,csapdos,/VERB|<PREVERB<BE>>
záródik,bezáródik,30,záródik,/VERB|<PREVERB<BE>>
vackol,bevackol,3,vackol,/VERB|<PREVERB<BE>>
köp,beköp,6,köp,/VERB|<PREVERB<BE>>
köt,beköt,13,köt,/VERB|<PREVERB<BE>>
adatik,beadatik,3,adatik,/VERB|<PREVERB<BE>>
kúr,bekúr,1,kúr,/VERB|<PREVERB<BE>>
cuppog,becuppog,1,cuppog,/VERB|<PREVERB<BE>>
stíröl,bestíröl,1,stíröl,/VERB|<PREVERB<BE>>
instál,beinstál,1,instál,/VERB|<PREVERB<BE>>
lát,belát,10,lát,/VERB|<PREVERB<BE>>
szalaszt,beszalaszt,1,szalaszt,/VERB|<PREVERB<BE>>
burkol,beburkol,9,burkol,/VERB|<PREVERB<BE>>
bőrödzik,bebőrödzik,1,bőrödzik,/VERB|<PREVERB<BE>>
libben,belibben,10,libben,/VERB|<PREVERB<BE>>
lép,belép,31,lép,/VERB|<PREVERB<BE>>
karóz,bekaróz,1,karóz,/VERB|<PREVERB<BE>>
lóg,belóg,9,lóg,/VERB|<PREVERB<BE>>
lót,belót,1,lót,/VERB|<PREVERB<BE>>
lök,belök,9,lök,/VERB|<PREVERB<BE>>
kavar,bekavar,5,kavar,/VERB|<PREVERB<BE>>
füvez,befüvez,1,füvez,/VERB|<PREVERB<BE>>
tükrözik,betükröz,1,tükrözik,/VERB|<PREVERB<BE>>
nyúlik,benyúlik,9,nyúlik,/VERB|<PREVERB<BE>>
mér,bemér,7,mér,/VERB|<PREVERB<BE>>
akad,beakad,8,akad,/VERB|<PREVERB<BE>>
akar,beakar,3,akar,/VERB|<PREVERB<BE>>
vetkez,bevetkez,1,vetkez,/VERB|<PREVERB<BE>>
rak,berak,14,rak,/VERB|<PREVERB<BE>>
táplál,betáplál,3,táplál,/VERB|<PREVERB<BE>>
néz,benéz,14,néz,/VERB|<PREVERB<BE>>
járul,bejárul,2,járul,/VERB|<PREVERB<BE>>
kandít,bekandít,2,kandít,/VERB|<PREVERB<BE>>
járat,bejárat,19,járat,/VERB|<PREVERB<BE>>
pofázik,bepofáz,3,pofázik,/VERB|<PREVERB<BE>>
keringőzik,bekeringőzik,1,keringőzik,/VERB|<PREVERB<BE>>
sző,besző,11,sző,/VERB|<PREVERB<BE>>
ülhet,beülhet,10,ülhet,/VERB|<PREVERB<BE>>
csahint,becsahint,1,csahint,/VERB|<PREVERB<BE>>
tol,betol,9,tol,/VERB|<PREVERB<BE>>
tud,betud,6,tud,/VERB|<PREVERB<BE>>
hullámzik,behullámzik,2,hullámzik,/VERB|<PREVERB<BE>>
iszik,beisz,1,iszik,/VERB|<PREVERB<BE>>
iszik,beiszik,6,iszik,/VERB|<PREVERB<BE>>
viharzik,beviharzik,7,viharzik,/VERB|<PREVERB<BE>>
szteppel,beszteppel,1,szteppel,/VERB|<PREVERB<BE>>
van,bevala,1,van,/VERB|<PREVERB<BE>>
van,bevan,12,van,/VERB|<PREVERB<BE>>
van,belesz,4,van,/VERB|<PREVERB<BE>>
mászik,bemászik,10,mászik,/VERB|<PREVERB<BE>>
firkant,befirkant,1,firkant,/VERB|<PREVERB<BE>>
rág,berág,4,rág,/VERB|<PREVERB<BE>>
ver,bever,10,ver,/VERB|<PREVERB<BE>>
vet,bevet,9,vet,/VERB|<PREVERB<BE>>
ráz,beráz,1,ráz,/VERB|<PREVERB<BE>>
von,bevon,11,von,/VERB|<PREVERB<BE>>
ömlik,beömlik,10,ömlik,/VERB|<PREVERB<BE>>
rúg,berúg,13,rúg,/VERB|<PREVERB<BE>>
fenyít,befenyít,2,fenyít,/VERB|<PREVERB<BE>>
vágódik,bevágódik,12,vágódik,/VERB|<PREVERB<BE>>
vicsorít,bevicsorít,1,vicsorít,/VERB|<PREVERB<BE>>
nevez,benevez,8,nevez,/VERB|<PREVERB<BE>>
nevet,benevet,5,nevet,/VERB|<PREVERB<BE>>
nevel,benevel,1,nevel,/VERB|<PREVERB<BE>>
sír,besír,8,sír,/VERB|<PREVERB<BE>>
sóz,besóz,3,sóz,/VERB|<PREVERB<BE>>
súg,besúg,12,súg,/VERB|<PREVERB<BE>>
sül,besül,6,sül,/VERB|<PREVERB<BE>>
süt,besüt,11,süt,/VERB|<PREVERB<BE>>
tár,betár,5,tár,/VERB|<PREVERB<BE>>
tát,betát,2,tát,/VERB|<PREVERB<BE>>
érdemel,beérdemel,1,érdemel,/VERB|<PREVERB<BE>>
arat,bearat,1,arat,/VERB|<PREVERB<BE>>
tép,betép,15,tép,/VERB|<PREVERB<BE>>
tér,betér,11,tér,/VERB|<PREVERB<BE>>
irányít,beirányít,2,irányít,/VERB|<PREVERB<BE>>
töm,betöm,6,töm,/VERB|<PREVERB<BE>>
tör,betör,14,tör,/VERB|<PREVERB<BE>>
hozat,behozat,5,hozat,/VERB|<PREVERB<BE>>
túr,betúr,1,túr,/VERB|<PREVERB<BE>>
tolong,betolong,1,tolong,/VERB|<PREVERB<BE>>
marat,bemarat,1,marat,/VERB|<PREVERB<BE>>
csapódik,becsapódik,12,csapódik,/VERB|<PREVERB<BE>>
vacsorázik,bevacsorázik,1,vacsorázik,/VERB|<PREVERB<BE>>
vág,bevág,10,vág,/VERB|<PREVERB<BE>>
vár,bevár,9,vár,/VERB|<PREVERB<BE>>
botlik,bebotlik,6,botlik,/VERB|<PREVERB<BE>>
véd,bevéd,2,véd,/VERB|<PREVERB<BE>>
vél,bevél,1,vél,/VERB|<PREVERB<BE>>
vét,bevét,1,vét,/VERB|<PREVERB<BE>>
vés,bevés,10,vés,/VERB|<PREVERB<BE>>
származik,beszármazik,2,származik,/VERB|<PREVERB<BE>>
rútul,berútul,1,rútul,/VERB|<PREVERB<BE>>
lobog,belobog,1,lobog,/VERB|<PREVERB<BE>>
csapzik,becsapzik,1,csapzik,/VERB|<PREVERB<BE>>
fészkelődik,befészkelődik,7,fészkelődik,/VERB|<PREVERB<BE>>
siet,besiet,10,siet,/VERB|<PREVERB<BE>>
zöldellik,bezöldell,1,zöldellik,/VERB|<PREVERB<BE>>
folyat,befolyat,1,folyat,/VERB|<PREVERB<BE>>
kémlel,bekémlel,4,kémlel,/VERB|<PREVERB<BE>>
avat,beavat,12,avat,/VERB|<PREVERB<BE>>
pácolódik,bepácolódik,2,pácolódik,/VERB|<PREVERB<BE>>
süpped,besüpped,9,süpped,/VERB|<PREVERB<BE>>
folyik,befolyik,11,folyik,/VERB|<PREVERB<BE>>
tűr,betűr,2,tűr,/VERB|<PREVERB<BE>>
tűz,betűz,10,tűz,/VERB|<PREVERB<BE>>
huppan,behuppan,1,huppan,/VERB|<PREVERB<BE>>
nedvesít,benedvesít,1,nedvesít,/VERB|<PREVERB<BE>>
lódul,belódul,5,lódul,/VERB|<PREVERB<BE>>
világít,bevilágít,11,világít,/VERB|<PREVERB<BE>>
nádal,benádal,1,nádal,/VERB|<PREVERB<BE>>
nádaz,benádaz,1,nádaz,/VERB|<PREVERB<BE>>
tokosodik,betokosodik,4,tokosodik,/VERB|<PREVERB<BE>>
kucorog,bekucorog,1,kucorog,/VERB|<PREVERB<BE>>
feketedik,befeketedik,3,feketedik,/VERB|<PREVERB<BE>>
zár,bezár,19,zár,/VERB|<PREVERB<BE>>
pottyan,bepottyan,3,pottyan,/VERB|<PREVERB<BE>>
lobbant,belobbant,7,lobbant,/VERB|<PREVERB<BE>>
zubog,bezubog,1,zubog,/VERB|<PREVERB<BE>>
gyorsul,begyorsul,2,gyorsul,/VERB|<PREVERB<BE>>
verődik,beverődik,1,verődik,/VERB|<PREVERB<BE>>
billen,bebillen,5,billen,/VERB|<PREVERB<BE>>
billeg,bebilleg,1,billeg,/VERB|<PREVERB<BE>>
kandikál,bekandikál,8,kandikál,/VERB|<PREVERB<BE>>
zúg,bezúg,11,zúg,/VERB|<PREVERB<BE>>
zúz,bezúz,4,zúz,/VERB|<PREVERB<BE>>
vánszorog,bevánszorog,6,vánszorog,/VERB|<PREVERB<BE>>
lógat,belógat,1,lógat,/VERB|<PREVERB<BE>>
masírozik,bemasírozik,4,masírozik,/VERB|<PREVERB<BE>>
masírozik,bemasíroz,1,masírozik,/VERB|<PREVERB<BE>>
sötétedik,besötétedik,12,sötétedik,/VERB|<PREVERB<BE>>
pereg,bepereg,1,pereg,/VERB|<PREVERB<BE>>
dermed,bedermed,1,dermed,/VERB|<PREVERB<BE>>
perel,beperel,5,perel,/VERB|<PREVERB<BE>>
reccsen,bereccsen,7,reccsen,/VERB|<PREVERB<BE>>
szállít,beszállít,5,szállít,/VERB|<PREVERB<BE>>
foltoz,befoltoz,4,foltoz,/VERB|<PREVERB<BE>>
illeszkedik,beilleszkedik,11,illeszkedik,/VERB|<PREVERB<BE>>
vállal,bevállal,5,vállal,/VERB|<PREVERB<BE>>
világol,bevilágol,1,világol,/VERB|<PREVERB<BE>>
kocogtat,bekocogtat,3,kocogtat,/VERB|<PREVERB<BE>>
sározódik,besározódik,7,sározódik,/VERB|<PREVERB<BE>>
zuhog,bezuhog,5,zuhog,/VERB|<PREVERB<BE>>
golyózik,begolyózik,5,golyózik,/VERB|<PREVERB<BE>>
lódít,belódít,1,lódít,/VERB|<PREVERB<BE>>
zuhan,bezuhan,8,zuhan,/VERB|<PREVERB<BE>>
szúródik,beszúródik,1,szúródik,/VERB|<PREVERB<BE>>
veszik,beveszik,13,veszik,/VERB|<PREVERB<BE>>
tolakszik,betolakszik,10,tolakszik,/VERB|<PREVERB<BE>>
ültet,beültet,10,ültet,/VERB|<PREVERB<BE>>
lohol,belohol,2,lohol,/VERB|<PREVERB<BE>>
simul,besimul,7,simul,/VERB|<PREVERB<BE>>
hurcolkodik,behurcolkodik,3,hurcolkodik,/VERB|<PREVERB<BE>>
biflázik,bebifláz,1,biflázik,/VERB|<PREVERB<BE>>
reked,bereked,11,reked,/VERB|<PREVERB<BE>>
homályosít,behomályosít,2,homályosít,/VERB|<PREVERB<BE>>
alkonyul,bealkonyul,10,alkonyul,/VERB|<PREVERB<BE>>
ragaszt,beragaszt,3,ragaszt,/VERB|<PREVERB<BE>>
gombolkozik,begombolkozik,6,gombolkozik,/VERB|<PREVERB<BE>>
próbál,bepróbál,2,próbál,/VERB|<PREVERB<BE>>
mosódik,bemosódik,1,mosódik,/VERB|<PREVERB<BE>>
fényesít,befényesít,1,fényesít,/VERB|<PREVERB<BE>>
tántorog,betántorog,9,tántorog,/VERB|<PREVERB<BE>>
remeg,beremeg,4,remeg,/VERB|<PREVERB<BE>>
takarít,betakarít,9,takarít,/VERB|<PREVERB<BE>>
iktat,beiktat,8,iktat,/VERB|<PREVERB<BE>>
vitorlázik,bevitorlázik,1,vitorlázik,/VERB|<PREVERB<BE>>
barangol,bebarangol,4,barangol,/VERB|<PREVERB<BE>>
hátráltat,behátráltat,1,hátráltat,/VERB|<PREVERB<BE>>
reteszel,bereteszel,2,reteszel,/VERB|<PREVERB<BE>>
lázad,belázad,2,lázad,/VERB|<PREVERB<BE>>
szemlélődik,beszemlélődik,1,szemlélődik,/VERB|<PREVERB<BE>>
kanyarul,bekanyarul,2,kanyarul,/VERB|<PREVERB<BE>>
csavarodik,becsavarodik,8,csavarodik,/VERB|<PREVERB<BE>>
igazodik,beigazodik,1,igazodik,/VERB|<PREVERB<BE>>
panaszol,bepanaszol,7,panaszol,/VERB|<PREVERB<BE>>
zúzódik,bezúzódik,2,zúzódik,/VERB|<PREVERB<BE>>
deszkáz,bedeszkáz,3,deszkáz,/VERB|<PREVERB<BE>>
terjed,beterjed,4,terjed,/VERB|<PREVERB<BE>>
sűrít,besűrít,1,sűrít,/VERB|<PREVERB<BE>>
sirül,besirül,2,sirül,/VERB|<PREVERB<BE>>
fásodik,befásodik,1,fásodik,/VERB|<PREVERB<BE>>
bűnözik,bebűnözik,1,bűnözik,/VERB|<PREVERB<BE>>
gyorsít,begyorsít,1,gyorsít,/VERB|<PREVERB<BE>>
reped,bereped,7,reped,/VERB|<PREVERB<BE>>
tolódik,betolódik,2,tolódik,/VERB|<PREVERB<BE>>
pácol,bepácol,2,pácol,/VERB|<PREVERB<BE>>
linkel,belinkel,2,linkel,/VERB|<PREVERB<BE>>
sarjadzik,besarjadzik,1,sarjadzik,/VERB|<PREVERB<BE>>
csusszan,becsusszan,9,csusszan,/VERB|<PREVERB<BE>>
tegez,betegez,1,tegez,/VERB|<PREVERB<BE>>
szüntet,beszüntet,7,szüntet,/VERB|<PREVERB<BE>>
függ,befügg,3,függ,/VERB|<PREVERB<BE>>
regisztrál,beregisztrál,1,regisztrál,/VERB|<PREVERB<BE>>
szar,beszar,2,szar,/VERB|<PREVERB<BE>>
szab,beszab,2,szab,/VERB|<PREVERB<BE>>
szed,beszed,17,szed,/VERB|<PREVERB<BE>>
szel,beszel,17,szel,/VERB|<PREVERB<BE>>
szeg,beszeg,7,szeg,/VERB|<PREVERB<BE>>
hantol,behantol,2,hantol,/VERB|<PREVERB<BE>>
melegít,bemelegít,10,melegít,/VERB|<PREVERB<BE>>
pillézik,bepillézik,4,pillézik,/VERB|<PREVERB<BE>>
vezényel,bevezényel,2,vezényel,/VERB|<PREVERB<BE>>
szop,beszop,1,szop,/VERB|<PREVERB<BE>>
betonoz,bebetonoz,1,betonoz,/VERB|<PREVERB<BE>>
kasszíroz,bekasszíroz,1,kasszíroz,/VERB|<PREVERB<BE>>
melegszik,bemelegszik,11,melegszik,/VERB|<PREVERB<BE>>
érlelődik,beérlelődik,1,érlelődik,/VERB|<PREVERB<BE>>
söpör,besöpör,3,söpör,/VERB|<PREVERB<BE>>
repül,berepül,10,repül,/VERB|<PREVERB<BE>>
kovászol,bekovászol,2,kovászol,/VERB|<PREVERB<BE>>
legöngyöl,belegöngyöl,1,legöngyöl,/VERB|<PREVERB<BE>>
teljesül,beteljesül,12,teljesül,/VERB|<PREVERB<BE>>
sivít,besivít,7,sivít,/VERB|<PREVERB<BE>>
cseppen,becseppen,2,cseppen,/VERB|<PREVERB<BE>>
tehet,betehet,4,tehet,/VERB|<PREVERB<BE>>
teljesít,beteljesít,9,teljesít,/VERB|<PREVERB<BE>>
zupál,bezupál,2,zupál,/VERB|<PREVERB<BE>>
fizetődik,befizetődik,2,fizetődik,/VERB|<PREVERB<BE>>
csörtet,becsörtet,7,csörtet,/VERB|<PREVERB<BE>>
gyújt,begyújt,10,gyújt,/VERB|<PREVERB<BE>>
teker,beteker,7,teker,/VERB|<PREVERB<BE>>
hajszol,behajszol,2,hajszol,/VERB|<PREVERB<BE>>
kotródik,bekotródik,1,kotródik,/VERB|<PREVERB<BE>>
kelt,bekelt,2,kelt,/VERB|<PREVERB<BE>>
figyel,befigyel,1,figyel,/VERB|<PREVERB<BE>>
szán,beszán,1,szán,/VERB|<PREVERB<BE>>
kell,bekell,10,kell,/VERB|<PREVERB<BE>>
birkózik,bebirkózik,1,birkózik,/VERB|<PREVERB<BE>>
termel,betermel,3,termel,/VERB|<PREVERB<BE>>
szív,beszív,9,szív,/VERB|<PREVERB<BE>>
szít,beszít,3,szít,/VERB|<PREVERB<BE>>
kezd,bekezd,12,kezd,/VERB|<PREVERB<BE>>
szór,beszór,10,szór,/VERB|<PREVERB<BE>>
szól,beszól,11,szól,/VERB|<PREVERB<BE>>
vakoskodik,bevakoskodik,1,vakoskodik,/VERB|<PREVERB<BE>>
szúr,beszúr,51,szúr,/VERB|<PREVERB<BE>>
igazolódik,beigazolódik,13,igazolódik,/VERB|<PREVERB<BE>>
rezez,berezez,1,rezez,/VERB|<PREVERB<BE>>
rezel,berezel,10,rezel,/VERB|<PREVERB<BE>>
rezeg,berezeg,21,rezeg,/VERB|<PREVERB<BE>>
gubózik,begubózik,10,gubózik,/VERB|<PREVERB<BE>>
taslog,betaslog,1,taslog,/VERB|<PREVERB<BE>>
temet,betemet,14,temet,/VERB|<PREVERB<BE>>
telik,betelik,13,telik,/VERB|<PREVERB<BE>>
tart,betart,9,tart,/VERB|<PREVERB<BE>>
helyettesítődik,behelyettesítődik,2,helyettesítődik,/VERB|<PREVERB<BE>>
bóvliz,bebóvliz,1,bóvliz,/VERB|<PREVERB<BE>>
lealszik,belealszik,4,lealszik,/VERB|<PREVERB<BE>>
botorkál,bebotorkál,5,botorkál,/VERB|<PREVERB<BE>>
vetődik,bevetődik,7,vetődik,/VERB|<PREVERB<BE>>
vergődik,bevergődik,2,vergődik,/VERB|<PREVERB<BE>>
bont,bebont,2,bont,/VERB|<PREVERB<BE>>
szűr,beszűr,3,szűr,/VERB|<PREVERB<BE>>
biceg,bebiceg,3,biceg,/VERB|<PREVERB<BE>>
toppan,betoppan,10,toppan,/VERB|<PREVERB<BE>>
foglal,befoglal,8,foglal,/VERB|<PREVERB<BE>>
mószerol,bemószerol,4,mószerol,/VERB|<PREVERB<BE>>
telít,betelít,1,telít,/VERB|<PREVERB<BE>>
vevődik,bevevődik,1,vevődik,/VERB|<PREVERB<BE>>
vedel,bevedel,1,vedel,/VERB|<PREVERB<BE>>
tesz,betesz,12,tesz,/VERB|<PREVERB<BE>>
roskad,beroskad,8,roskad,/VERB|<PREVERB<BE>>
fogódzik,befogódzik,2,fogódzik,/VERB|<PREVERB<BE>>
parázik,beparázik,2,parázik,/VERB|<PREVERB<BE>>
durvul,bedurvul,1,durvul,/VERB|<PREVERB<BE>>
lepisál,belepisál,3,lepisál,/VERB|<PREVERB<BE>>
teper,beteper,1,teper,/VERB|<PREVERB<BE>>
végez,bevégez,9,végez,/VERB|<PREVERB<BE>>
fagyaszt,befagyaszt,2,fagyaszt,/VERB|<PREVERB<BE>>
lélegezik,belélegez,3,lélegezik,/VERB|<PREVERB<BE>>
párolog,bepárolog,2,párolog,/VERB|<PREVERB<BE>>
helyeződik,behelyeződik,2,helyeződik,/VERB|<PREVERB<BE>>
mélyed,bemélyed,10,mélyed,/VERB|<PREVERB<BE>>
taszigál,betaszigál,1,taszigál,/VERB|<PREVERB<BE>>
menetel,bemenetel,15,menetel,/VERB|<PREVERB<BE>>
büdösít,bebüdösít,2,büdösít,/VERB|<PREVERB<BE>>
terel,beterel,6,terel,/VERB|<PREVERB<BE>>
terem,beterem,3,terem,/VERB|<PREVERB<BE>>
magyaráz,bemagyaráz,1,magyaráz,/VERB|<PREVERB<BE>>
bujt,bebujt,13,bujt,/VERB|<PREVERB<BE>>
szerkeszt,beszerkeszt,2,szerkeszt,/VERB|<PREVERB<BE>>
tilt,betilt,11,tilt,/VERB|<PREVERB<BE>>
temetkezik,betemetkezik,4,temetkezik,/VERB|<PREVERB<BE>>
homályosodik,behomályosodik,1,homályosodik,/VERB|<PREVERB<BE>>
szüretel,beszüretel,1,szüretel,/VERB|<PREVERB<BE>>
durran,bedurran,16,durran,/VERB|<PREVERB<BE>>
karmol,bekarmol,2,karmol,/VERB|<PREVERB<BE>>
illan,beillan,1,illan,/VERB|<PREVERB<BE>>
szolgál,beszolgál,9,szolgál,/VERB|<PREVERB<BE>>
zúdul,bezúdul,7,zúdul,/VERB|<PREVERB<BE>>
instruál,beinstruál,1,instruál,/VERB|<PREVERB<BE>>
bebotlik,bebebotlik,1,bebotlik,/VERB|<PREVERB<BE>>
mutatkozik,bemutatkozik,10,mutatkozik,/VERB|<PREVERB<BE>>
mélyül,bemélyül,7,mélyül,/VERB|<PREVERB<BE>>
élesít,beélesít,1,élesít,/VERB|<PREVERB<BE>>
gurul,begurul,11,gurul,/VERB|<PREVERB<BE>>
szennyez,beszennyez,8,szennyez,/VERB|<PREVERB<BE>>
illik,beillik,11,illik,/VERB|<PREVERB<BE>>
illet,beillet,4,illet,/VERB|<PREVERB<BE>>
menekül,bemenekül,8,menekül,/VERB|<PREVERB<BE>>
térít,betérít,2,térít,/VERB|<PREVERB<BE>>
zörömböl,bezörömböl,1,zörömböl,/VERB|<PREVERB<BE>>
vételez,bevételez,4,vételez,/VERB|<PREVERB<BE>>
köszönt,beköszönt,13,köszönt,/VERB|<PREVERB<BE>>
térül,betérül,1,térül,/VERB|<PREVERB<BE>>
téved,betéved,9,téved,/VERB|<PREVERB<BE>>
erősít,beerősít,1,erősít,/VERB|<PREVERB<BE>>
terít,beterít,11,terít,/VERB|<PREVERB<BE>>
settenkedik,besettenkedik,3,settenkedik,/VERB|<PREVERB<BE>>
zúgat,bezúgat,1,zúgat,/VERB|<PREVERB<BE>>
óvakodik,beóvakodik,11,óvakodik,/VERB|<PREVERB<BE>>
rángat,berángat,3,rángat,/VERB|<PREVERB<BE>>
ijedezik,beijedezik,1,ijedezik,/VERB|<PREVERB<BE>>
rámol,berámol,1,rámol,/VERB|<PREVERB<BE>>
fogdos,befogdos,2,fogdos,/VERB|<PREVERB<BE>>
leselkedik,beleselkedik,2,leselkedik,/VERB|<PREVERB<BE>>
könyököl,bekönyököl,5,könyököl,/VERB|<PREVERB<BE>>
íródik,beíródik,10,íródik,/VERB|<PREVERB<BE>>
tetéz,betetéz,2,tetéz,/VERB|<PREVERB<BE>>
tarisznyázik,betarisznyáz,3,tarisznyázik,/VERB|<PREVERB<BE>>
gurít,begurít,2,gurít,/VERB|<PREVERB<BE>>
told,betold,8,told,/VERB|<PREVERB<BE>>
tartat,betartat,1,tartat,/VERB|<PREVERB<BE>>
rándul,berándul,5,rándul,/VERB|<PREVERB<BE>>
borotvál,beborotvál,1,borotvál,/VERB|<PREVERB<BE>>
zúdít,bezúdít,1,zúdít,/VERB|<PREVERB<BE>>
robog,berobog,9,robog,/VERB|<PREVERB<BE>>
képzel,beképzel,3,képzel,/VERB|<PREVERB<BE>>
mocskol,bemocskol,11,mocskol,/VERB|<PREVERB<BE>>
horpaszt,behorpaszt,1,horpaszt,/VERB|<PREVERB<BE>>
szoronkodik,beszoronkodik,1,szoronkodik,/VERB|<PREVERB<BE>>
párásodik,bepárásodik,9,párásodik,/VERB|<PREVERB<BE>>
szenved,beszenved,1,szenved,/VERB|<PREVERB<BE>>
poroz,beporoz,3,poroz,/VERB|<PREVERB<BE>>
csavargat,becsavargat,1,csavargat,/VERB|<PREVERB<BE>>
pörget,bepörget,1,pörget,/VERB|<PREVERB<BE>>
lehajigál,belehajigál,1,lehajigál,/VERB|<PREVERB<BE>>
szippant,beszippant,9,szippant,/VERB|<PREVERB<BE>>
döndül,bedöndül,3,döndül,/VERB|<PREVERB<BE>>
ajánl,beajánl,8,ajánl,/VERB|<PREVERB<BE>>
billeget,bebilleget,1,billeget,/VERB|<PREVERB<BE>>
fürdik,befürdik,2,fürdik,/VERB|<PREVERB<BE>>
bolondít,bebolondít,1,bolondít,/VERB|<PREVERB<BE>>
fenekel,befenekel,2,fenekel,/VERB|<PREVERB<BE>>
lágyul,belágyul,1,lágyul,/VERB|<PREVERB<BE>>
tömjénez,betömjénez,1,tömjénez,/VERB|<PREVERB<BE>>
alkonyodik,bealkonyodik,9,alkonyodik,/VERB|<PREVERB<BE>>
csökönyösödik,becsökönyösödik,1,csökönyösödik,/VERB|<PREVERB<BE>>
robban,berobban,10,robban,/VERB|<PREVERB<BE>>
rohan,berohan,12,rohan,/VERB|<PREVERB<BE>>
rohad,berohad,1,rohad,/VERB|<PREVERB<BE>>
pótol,bepótol,5,pótol,/VERB|<PREVERB<BE>>
szentel,beszentel,2,szentel,/VERB|<PREVERB<BE>>
vetet,bevetet,1,vetet,/VERB|<PREVERB<BE>>
karcol,bekarcol,3,karcol,/VERB|<PREVERB<BE>>
véset,bevéset,2,véset,/VERB|<PREVERB<BE>>
fejeződik,befejeződik,12,fejeződik,/VERB|<PREVERB<BE>>
vénül,bevénül,1,vénül,/VERB|<PREVERB<BE>>
kokszol,bekokszol,1,kokszol,/VERB|<PREVERB<BE>>
homorít,behomorít,1,homorít,/VERB|<PREVERB<BE>>
passzol,bepasszol,1,passzol,/VERB|<PREVERB<BE>>
szimatol,beszimatol,2,szimatol,/VERB|<PREVERB<BE>>
rovátkol,berovátkol,1,rovátkol,/VERB|<PREVERB<BE>>
legyint,belegyint,1,legyint,/VERB|<PREVERB<BE>>
kacsázik,bekacsázik,1,kacsázik,/VERB|<PREVERB<BE>>
szakít,beszakít,2,szakít,/VERB|<PREVERB<BE>>
csatol,becsatol,3,csatol,/VERB|<PREVERB<BE>>
keresztel,bekeresztel,1,keresztel,/VERB|<PREVERB<BE>>
törtet,betörtet,2,törtet,/VERB|<PREVERB<BE>>
igazol,beigazol,3,igazol,/VERB|<PREVERB<BE>>
helyez,behelyez,8,helyez,/VERB|<PREVERB<BE>>
leröpít,beleröpít,1,leröpít,/VERB|<PREVERB<BE>>
kulcsol,bekulcsol,1,kulcsol,/VERB|<PREVERB<BE>>
igazul,beigazul,1,igazul,/VERB|<PREVERB<BE>>
nyomat,benyomat,3,nyomat,/VERB|<PREVERB<BE>>
gőzöl,begőzöl,1,gőzöl,/VERB|<PREVERB<BE>>
hurkol,behurkol,1,hurkol,/VERB|<PREVERB<BE>>
setteng,besetteng,1,setteng,/VERB|<PREVERB<BE>>
tálal,betálal,1,tálal,/VERB|<PREVERB<BE>>
szüremlik,beszüremlik,8,szüremlik,/VERB|<PREVERB<BE>>
hamvad,behamvad,1,hamvad,/VERB|<PREVERB<BE>>
csináltat,becsináltat,5,csináltat,/VERB|<PREVERB<BE>>
szurkál,beszurkál,1,szurkál,/VERB|<PREVERB<BE>>
elégszik,beelégszik,5,elégszik,/VERB|<PREVERB<BE>>
bokszol,bebokszol,1,bokszol,/VERB|<PREVERB<BE>>
nyomul,benyomul,10,nyomul,/VERB|<PREVERB<BE>>
nyitogat,benyitogat,2,nyitogat,/VERB|<PREVERB<BE>>
murdel,bemurdel,1,murdel,/VERB|<PREVERB<BE>>
hallgat,behallgat,1,hallgat,/VERB|<PREVERB<BE>>
fertőződik,befertőződik,1,fertőződik,/VERB|<PREVERB<BE>>
oktat,beoktat,2,oktat,/VERB|<PREVERB<BE>>
vezet,bevezet,18,vezet,/VERB|<PREVERB<BE>>
szurkoz,beszurkoz,2,szurkoz,/VERB|<PREVERB<BE>>
fehérít,befehérít,1,fehérít,/VERB|<PREVERB<BE>>
keretez,bekeretez,2,keretez,/VERB|<PREVERB<BE>>
támad,betámad,5,támad,/VERB|<PREVERB<BE>>
döcög,bedöcög,4,döcög,/VERB|<PREVERB<BE>>
bunkósodik,bebunkósodik,1,bunkósodik,/VERB|<PREVERB<BE>>
vetül,bevetül,2,vetül,/VERB|<PREVERB<BE>>
lélegzik,belélegzik,9,lélegzik,/VERB|<PREVERB<BE>>
szarik,beszarik,5,szarik,/VERB|<PREVERB<BE>>
öregszik,beöregszik,2,öregszik,/VERB|<PREVERB<BE>>
lelkesedik,belelkesedik,2,lelkesedik,/VERB|<PREVERB<BE>>
költözik,beköltözik,10,költözik,/VERB|<PREVERB<BE>>
csavar,becsavar,3,csavar,/VERB|<PREVERB<BE>>
következik,bekövetkezik,13,következik,/VERB|<PREVERB<BE>>
púderez,bepúderez,4,púderez,/VERB|<PREVERB<BE>>
penészedik,bepenészedik,6,penészedik,/VERB|<PREVERB<BE>>
mángorol,bemángorol,1,mángorol,/VERB|<PREVERB<BE>>
trombitál,betrombitál,1,trombitál,/VERB|<PREVERB<BE>>
lejt,belejt,4,lejt,/VERB|<PREVERB<BE>>
leng,beleng,9,leng,/VERB|<PREVERB<BE>>
hány,behány,9,hány,/VERB|<PREVERB<BE>>
érződik,beérződik,1,érződik,/VERB|<PREVERB<BE>>
céloz,becéloz,1,céloz,/VERB|<PREVERB<BE>>
satíroz,besatíroz,1,satíroz,/VERB|<PREVERB<BE>>
lesz,belesz,4,lesz,/VERB|<PREVERB<BE>>
szennyeződik,beszennyeződik,9,szennyeződik,/VERB|<PREVERB<BE>>
töltődik,betöltődik,12,töltődik,/VERB|<PREVERB<BE>>
vereget,bevereget,1,vereget,/VERB|<PREVERB<BE>>
támít,betámít,3,támít,/VERB|<PREVERB<BE>>
erdősül,beerdősül,1,erdősül,/VERB|<PREVERB<BE>>
könnyezik,bekönnyezik,5,könnyezik,/VERB|<PREVERB<BE>>
dübörög,bedübörög,3,dübörög,/VERB|<PREVERB<BE>>
tódul,betódul,10,tódul,/VERB|<PREVERB<BE>>
vádol,bevádol,6,vádol,/VERB|<PREVERB<BE>>
lázasodik,belázasodik,8,lázasodik,/VERB|<PREVERB<BE>>
maszatolódik,bemaszatolódik,1,maszatolódik,/VERB|<PREVERB<BE>>
torlódik,betorlódik,2,torlódik,/VERB|<PREVERB<BE>>
iszogat,beiszogat,1,iszogat,/VERB|<PREVERB<BE>>
szavaz,beszavaz,1,szavaz,/VERB|<PREVERB<BE>>
roppant,beroppant,7,roppant,/VERB|<PREVERB<BE>>
hurcol,behurcol,4,hurcol,/VERB|<PREVERB<BE>>
kényszerül,bekényszerül,3,kényszerül,/VERB|<PREVERB<BE>>
vásárol,bevásárol,11,vásárol,/VERB|<PREVERB<BE>>
bábozódik,bebábozódik,4,bábozódik,/VERB|<PREVERB<BE>>
szolgáltat,beszolgáltat,7,szolgáltat,/VERB|<PREVERB<BE>>
sejlik,besejlik,1,sejlik,/VERB|<PREVERB<BE>>
zavarodik,bezavarodik,1,zavarodik,/VERB|<PREVERB<BE>>
tojik,betojik,1,tojik,/VERB|<PREVERB<BE>>
csepegtet,becsepegtet,1,csepegtet,/VERB|<PREVERB<BE>>
recseg,berecseg,1,recseg,/VERB|<PREVERB<BE>>
autózik,beautózik,1,autózik,/VERB|<PREVERB<BE>>
csapol,becsapol,2,csapol,/VERB|<PREVERB<BE>>
csapat,becsapat,1,csapat,/VERB|<PREVERB<BE>>
társul,betársul,10,társul,/VERB|<PREVERB<BE>>
csempészik,becsempészik,9,csempészik,/VERB|<PREVERB<BE>>
csempészik,becsempész,7,csempészik,/VERB|<PREVERB<BE>>
kényszerít,bekényszerít,3,kényszerít,/VERB|<PREVERB<BE>>
sántikál,besántikál,3,sántikál,/VERB|<PREVERB<BE>>
itatódik,beitatódik,2,itatódik,/VERB|<PREVERB<BE>>
keményít,bekeményít,6,keményít,/VERB|<PREVERB<BE>>
alszik,bealszik,2,alszik,/VERB|<PREVERB<BE>>
tolul,betolul,1,tolul,/VERB|<PREVERB<BE>>
válik,beválik,13,válik,/VERB|<PREVERB<BE>>
fűlik,befűlik,3,fűlik,/VERB|<PREVERB<BE>>
fűlik,befűl,3,fűlik,/VERB|<PREVERB<BE>>
zökkent,bezökkent,2,zökkent,/VERB|<PREVERB<BE>>
szívódik,beszívódik,6,szívódik,/VERB|<PREVERB<BE>>
tolat,betolat,7,tolat,/VERB|<PREVERB<BE>>
dugaszol,bedugaszol,2,dugaszol,/VERB|<PREVERB<BE>>
csap,becsap,16,csap,/VERB|<PREVERB<BE>>
csal,becsal,5,csal,/VERB|<PREVERB<BE>>
csen,becsen,9,csen,/VERB|<PREVERB<BE>>
ugat,beugat,3,ugat,/VERB|<PREVERB<BE>>
rosál,berosál,3,rosál,/VERB|<PREVERB<BE>>
kullog,bekullog,2,kullog,/VERB|<PREVERB<BE>>
mozgósít,bemozgósít,1,mozgósít,/VERB|<PREVERB<BE>>
csuk,becsuk,11,csuk,/VERB|<PREVERB<BE>>
födöz,befödöz,1,födöz,/VERB|<PREVERB<BE>>
fészkel,befészkel,6,fészkel,/VERB|<PREVERB<BE>>
keccsel,bekeccsel,6,keccsel,/VERB|<PREVERB<BE>>
mosakszik,bemosakszik,4,mosakszik,/VERB|<PREVERB<BE>>
pólyál,bepólyál,4,pólyál,/VERB|<PREVERB<BE>>
számoltat,beszámoltat,5,számoltat,/VERB|<PREVERB<BE>>
havazik,behavazik,2,havazik,/VERB|<PREVERB<BE>>
pólyáz,bepólyáz,5,pólyáz,/VERB|<PREVERB<BE>>
bekandikál,bebekandikál,1,bekandikál,/VERB|<PREVERB<BE>>
varasodik,bevarasodik,2,varasodik,/VERB|<PREVERB<BE>>
iszkol,beiszkol,1,iszkol,/VERB|<PREVERB<BE>>
savanyít,besavanyít,2,savanyít,/VERB|<PREVERB<BE>>
zárkózik,bezárkózik,11,zárkózik,/VERB|<PREVERB<BE>>
furakodik,befurakodik,10,furakodik,/VERB|<PREVERB<BE>>
furakodik,befurakszik,10,furakodik,/VERB|<PREVERB<BE>>
süllyed,besüllyed,6,süllyed,/VERB|<PREVERB<BE>>
szitál,beszitál,3,szitál,/VERB|<PREVERB<BE>>
tördel,betördel,1,tördel,/VERB|<PREVERB<BE>>
kaffant,bekaffant,1,kaffant,/VERB|<PREVERB<BE>>
kémlelődik,bekémlelődik,1,kémlelődik,/VERB|<PREVERB<BE>>
topog,betopog,2,topog,/VERB|<PREVERB<BE>>
csíp,becsíp,8,csíp,/VERB|<PREVERB<BE>>
hangol,behangol,2,hangol,/VERB|<PREVERB<BE>>
hidal,behidal,1,hidal,/VERB|<PREVERB<BE>>
cserkel,becserkel,2,cserkel,/VERB|<PREVERB<BE>>
kísért,bekísért,9,kísért,/VERB|<PREVERB<BE>>
dagaszt,bedagaszt,4,dagaszt,/VERB|<PREVERB<BE>>
enged,beenged,10,enged,/VERB|<PREVERB<BE>>
azonosít,beazonosít,2,azonosít,/VERB|<PREVERB<BE>>
dagad,bedagad,8,dagad,/VERB|<PREVERB<BE>>
tetejez,betetejez,1,tetejez,/VERB|<PREVERB<BE>>
illatosít,beillatosít,1,illatosít,/VERB|<PREVERB<BE>>
iratkozik,beiratkozik,10,iratkozik,/VERB|<PREVERB<BE>>
gombol,begombol,4,gombol,/VERB|<PREVERB<BE>>
szamaragol,beszamaragol,1,szamaragol,/VERB|<PREVERB<BE>>
cuppant,becuppant,1,cuppant,/VERB|<PREVERB<BE>>
özönlik,beözönlik,8,özönlik,/VERB|<PREVERB<BE>>
látogat,belátogat,8,látogat,/VERB|<PREVERB<BE>>
nyálaz,benyálaz,6,nyálaz,/VERB|<PREVERB<BE>>
bocsátkozik,bebocsátkozik,3,bocsátkozik,/VERB|<PREVERB<BE>>
szabad,beszabad,1,szabad,/VERB|<PREVERB<BE>>
tétetik,betétetik,2,tétetik,/VERB|<PREVERB<BE>>
forrósít,beforrósít,2,forrósít,/VERB|<PREVERB<BE>>
szagol,beszagol,2,szagol,/VERB|<PREVERB<BE>>
húzódik,behúzódik,9,húzódik,/VERB|<PREVERB<BE>>
hallszik,behallszik,1,hallszik,/VERB|<PREVERB<BE>>
zsuppol,bezsuppol,2,zsuppol,/VERB|<PREVERB<BE>>
csillant,becsillant,4,csillant,/VERB|<PREVERB<BE>>
csúsztat,becsúsztat,2,csúsztat,/VERB|<PREVERB<BE>>
fizet,befizet,10,fizet,/VERB|<PREVERB<BE>>
ékelődik,beékelődik,13,ékelődik,/VERB|<PREVERB<BE>>
kukucskál,bekukucskál,11,kukucskál,/VERB|<PREVERB<BE>>
nyomakodik,benyomakodik,1,nyomakodik,/VERB|<PREVERB<BE>>
tereget,betereget,1,tereget,/VERB|<PREVERB<BE>>
volna,bevolna,4,volna,/VERB|<PREVERB<BE>>
kiált,bekiált,12,kiált,/VERB|<PREVERB<BE>>
sajtol,besajtol,2,sajtol,/VERB|<PREVERB<BE>>
utaz,beutaz,3,utaz,/VERB|<PREVERB<BE>>
utal,beutal,5,utal,/VERB|<PREVERB<BE>>
takarmányoz,betakarmányoz,1,takarmányoz,/VERB|<PREVERB<BE>>
szabályoz,beszabályoz,2,szabályoz,/VERB|<PREVERB<BE>>
vonul,bevonul,42,vonul,/VERB|<PREVERB<BE>>
szakad,beszakad,11,szakad,/VERB|<PREVERB<BE>>
csámpázik,becsámpázik,1,csámpázik,/VERB|<PREVERB<BE>>
igazít,beigazít,3,igazít,/VERB|<PREVERB<BE>>
jajdul,bejajdul,1,jajdul,/VERB|<PREVERB<BE>>
vonat,bevonat,78,vonat,/VERB|<PREVERB<BE>>
sóhajtozik,besóhajtozik,1,sóhajtozik,/VERB|<PREVERB<BE>>
hallatszik,behallatszik,10,hallatszik,/VERB|<PREVERB<BE>>
mutat,bemutat,10,mutat,/VERB|<PREVERB<BE>>
szalad,beszalad,14,szalad,/VERB|<PREVERB<BE>>
szoktat,beszoktat,1,szoktat,/VERB|<PREVERB<BE>>
villog,bevillog,1,villog,/VERB|<PREVERB<BE>>
kongat,bekongat,1,kongat,/VERB|<PREVERB<BE>>
göngyölődik,begöngyölődik,1,göngyölődik,/VERB|<PREVERB<BE>>
csillámlik,becsillámlik,1,csillámlik,/VERB|<PREVERB<BE>>
villan,bevillan,11,villan,/VERB|<PREVERB<BE>>
tintázik,betintázik,1,tintázik,/VERB|<PREVERB<BE>>
tintázik,betintáz,1,tintázik,/VERB|<PREVERB<BE>>
őrül,beőrül,1,őrül,/VERB|<PREVERB<BE>>
gyepesít,begyepesít,2,gyepesít,/VERB|<PREVERB<BE>>
maszatol,bemaszatol,2,maszatol,/VERB|<PREVERB<BE>>
lendül,belendül,3,lendül,/VERB|<PREVERB<BE>>
rendezkedik,berendezkedik,11,rendezkedik,/VERB|<PREVERB<BE>>
fűszerez,befűszerez,1,fűszerez,/VERB|<PREVERB<BE>>
lézeng,belézeng,1,lézeng,/VERB|<PREVERB<BE>>
torlik,betorlik,1,torlik,/VERB|<PREVERB<BE>>
omlaszt,beomlaszt,1,omlaszt,/VERB|<PREVERB<BE>>
ólmoz,beólmoz,1,ólmoz,/VERB|<PREVERB<BE>>
srófol,besrófol,1,srófol,/VERB|<PREVERB<BE>>
robbant,berobbant,12,robbant,/VERB|<PREVERB<BE>>
vontat,bevontat,4,vontat,/VERB|<PREVERB<BE>>
sandít,besandít,2,sandít,/VERB|<PREVERB<BE>>
keményedik,bekeményedik,1,keményedik,/VERB|<PREVERB<BE>>
torkol,betorkol,2,torkol,/VERB|<PREVERB<BE>>
közösít,beközösít,1,közösít,/VERB|<PREVERB<BE>>
változik,beváltozik,1,változik,/VERB|<PREVERB<BE>>
hívat,behívat,7,hívat,/VERB|<PREVERB<BE>>
lepislant,belepislant,2,lepislant,/VERB|<PREVERB<BE>>
lekattint,belekattint,1,lekattint,/VERB|<PREVERB<BE>>
hivat,behivat,3,hivat,/VERB|<PREVERB<BE>>
fröccsent,befröccsent,2,fröccsent,/VERB|<PREVERB<BE>>
darál,bedarál,6,darál,/VERB|<PREVERB<BE>>
tüzel,betüzel,2,tüzel,/VERB|<PREVERB<BE>>
csúszik,becsúszik,10,csúszik,/VERB|<PREVERB<BE>>
lépeget,belépeget,2,lépeget,/VERB|<PREVERB<BE>>
karikázik,bekarikázik,2,karikázik,/VERB|<PREVERB<BE>>
mintáz,bemintáz,1,mintáz,/VERB|<PREVERB<BE>>
fakul,befakul,2,fakul,/VERB|<PREVERB<BE>>
döglik,bedöglik,10,döglik,/VERB|<PREVERB<BE>>
gyűrűzik,begyűrűzik,8,gyűrűzik,/VERB|<PREVERB<BE>>
berreg,beberreg,1,berreg,/VERB|<PREVERB<BE>>
falaz,befalaz,5,falaz,/VERB|<PREVERB<BE>>
ivódik,beivódik,11,ivódik,/VERB|<PREVERB<BE>>
végződik,bevégződik,9,végződik,/VERB|<PREVERB<BE>>
hörpint,behörpint,2,hörpint,/VERB|<PREVERB<BE>>
szúrat,beszúrat,1,szúrat,/VERB|<PREVERB<BE>>
megy,bemegy,16,megy,/VERB|<PREVERB<BE>>
vándorol,bevándorol,9,vándorol,/VERB|<PREVERB<BE>>
ment,bement,26,ment,/VERB|<PREVERB<BE>>
akaszt,beakaszt,6,akaszt,/VERB|<PREVERB<BE>>
rekeszt,berekeszt,11,rekeszt,/VERB|<PREVERB<BE>>
olvad,beolvad,10,olvad,/VERB|<PREVERB<BE>>
érkezik,beérkezik,19,érkezik,/VERB|<PREVERB<BE>>
gépel,begépel,8,gépel,/VERB|<PREVERB<BE>>
olvas,beolvas,10,olvas,/VERB|<PREVERB<BE>>
fakad,befakad,1,fakad,/VERB|<PREVERB<BE>>
dilizik,bedilizik,7,dilizik,/VERB|<PREVERB<BE>>
dühödik,bedühödik,3,dühödik,/VERB|<PREVERB<BE>>
csüng,becsüng,2,csüng,/VERB|<PREVERB<BE>>
csíkozódik,becsíkozódik,1,csíkozódik,/VERB|<PREVERB<BE>>
hízik,behízik,2,hízik,/VERB|<PREVERB<BE>>
vegyül,bevegyül,2,vegyül,/VERB|<PREVERB<BE>>
csügg,becsügg,1,csügg,/VERB|<PREVERB<BE>>
slisszol,beslisszol,5,slisszol,/VERB|<PREVERB<BE>>
zakatol,bezakatol,1,zakatol,/VERB|<PREVERB<BE>>
vall,bevall,13,vall,/VERB|<PREVERB<BE>>
kávézik,bekávézik,4,kávézik,/VERB|<PREVERB<BE>>
varr,bevarr,13,varr,/VERB|<PREVERB<BE>>
helyezkedik,behelyezkedik,4,helyezkedik,/VERB|<PREVERB<BE>>
jelent,bejelent,10,jelent,/VERB|<PREVERB<BE>>
remekel,beremekel,1,remekel,/VERB|<PREVERB<BE>>
tettet,betettet,1,tettet,/VERB|<PREVERB<BE>>
náthásodik,benáthásodik,1,náthásodik,/VERB|<PREVERB<BE>>
evickél,beevickél,1,evickél,/VERB|<PREVERB<BE>>
ereszt,beereszt,8,ereszt,/VERB|<PREVERB<BE>>
nyakal,benyakal,3,nyakal,/VERB|<PREVERB<BE>>
sugárzik,besugárzik,6,sugárzik,/VERB|<PREVERB<BE>>
fénylik,befénylik,2,fénylik,/VERB|<PREVERB<BE>>
spriccel,bespriccel,2,spriccel,/VERB|<PREVERB<BE>>
libeg,belibeg,8,libeg,/VERB|<PREVERB<BE>>
csillagoz,becsillagoz,1,csillagoz,/VERB|<PREVERB<BE>>
farag,befarag,1,farag,/VERB|<PREVERB<BE>>
zápul,bezápul,2,zápul,/VERB|<PREVERB<BE>>
terjeszt,beterjeszt,4,terjeszt,/VERB|<PREVERB<BE>>
göndörödik,begöndörödik,1,göndörödik,/VERB|<PREVERB<BE>>
tömköd,betömköd,1,tömköd,/VERB|<PREVERB<BE>>
farol,befarol,2,farol,/VERB|<PREVERB<BE>>
ránt,beránt,6,ránt,/VERB|<PREVERB<BE>>
rúgtat,berúgtat,2,rúgtat,/VERB|<PREVERB<BE>>
vesz,bevesz,11,vesz,/VERB|<PREVERB<BE>>
plántál,beplántál,2,plántál,/VERB|<PREVERB<BE>>
ledolgozik,beledolgoz,1,ledolgozik,/VERB|<PREVERB<BE>>
indul,beindul,11,indul,/VERB|<PREVERB<BE>>
kúpol,bekúpol,2,kúpol,/VERB|<PREVERB<BE>>
vacsorál,bevacsorál,1,vacsorál,/VERB|<PREVERB<BE>>
festet,befestet,5,festet,/VERB|<PREVERB<BE>>
fecskend,befecskend,1,fecskend,/VERB|<PREVERB<BE>>
szegel,beszegel,1,szegel,/VERB|<PREVERB<BE>>
szegez,beszegez,1,szegez,/VERB|<PREVERB<BE>>
rögződik,berögződik,4,rögződik,/VERB|<PREVERB<BE>>
zárul,bezárul,15,zárul,/VERB|<PREVERB<BE>>
illeszt,beilleszt,12,illeszt,/VERB|<PREVERB<BE>>
zárol,bezárol,1,zárol,/VERB|<PREVERB<BE>>
zárat,bezárat,5,zárat,/VERB|<PREVERB<BE>>
rinyál,berinyál,12,rinyál,/VERB|<PREVERB<BE>>
pötyög,bepötyög,3,pötyög,/VERB|<PREVERB<BE>>
bolyong,bebolyong,2,bolyong,/VERB|<PREVERB<BE>>
kígyózik,bekígyózik,2,kígyózik,/VERB|<PREVERB<BE>>
füstöl,befüstöl,1,füstöl,/VERB|<PREVERB<BE>>
ígérkezik,beígérkezik,1,ígérkezik,/VERB|<PREVERB<BE>>
abrakol,beabrakol,1,abrakol,/VERB|<PREVERB<BE>>
lehint,belehint,1,lehint,/VERB|<PREVERB<BE>>
földel,beföldel,2,földel,/VERB|<PREVERB<BE>>
mond,bemond,5,mond,/VERB|<PREVERB<BE>>
szedet,beszedet,6,szedet,/VERB|<PREVERB<BE>>
tenyerel,betenyerel,1,tenyerel,/VERB|<PREVERB<BE>>
visz,bevisz,10,visz,/VERB|<PREVERB<BE>>
indít,beindít,7,indít,/VERB|<PREVERB<BE>>
öltözködik,beöltözködik,4,öltözködik,/VERB|<PREVERB<BE>>
liheg,beliheg,1,liheg,/VERB|<PREVERB<BE>>
gyepesedik,begyepesedik,5,gyepesedik,/VERB|<PREVERB<BE>>
üvegez,beüvegez,2,üvegez,/VERB|<PREVERB<BE>>
szállingózik,beszállingózik,1,szállingózik,/VERB|<PREVERB<BE>>
halad,behalad,2,halad,/VERB|<PREVERB<BE>>
ágyal,beágyal,2,ágyal,/VERB|<PREVERB<BE>>
csepeg,becsepeg,1,csepeg,/VERB|<PREVERB<BE>>
ágyaz,beágyaz,9,ágyaz,/VERB|<PREVERB<BE>>
ágazik,beágazik,1,ágazik,/VERB|<PREVERB<BE>>
lerokkan,belerokkan,10,lerokkan,/VERB|<PREVERB<BE>>
hízeleg,behízeleg,2,hízeleg,/VERB|<PREVERB<BE>>
sötétül,besötétül,10,sötétül,/VERB|<PREVERB<BE>>
boronál,beboronál,3,boronál,/VERB|<PREVERB<BE>>
takargat,betakargat,5,takargat,/VERB|<PREVERB<BE>>
kancsalít,bekancsalít,1,kancsalít,/VERB|<PREVERB<BE>>
töltet,betöltet,4,töltet,/VERB|<PREVERB<BE>>
hajol,behajol,10,hajol,/VERB|<PREVERB<BE>>
injekcióz,beinjekcióz,1,injekcióz,/VERB|<PREVERB<BE>>
sötétít,besötétít,4,sötétít,/VERB|<PREVERB<BE>>
pofátlankodik,bepofátlankodik,2,pofátlankodik,/VERB|<PREVERB<BE>>
hajít,behajít,6,hajít,/VERB|<PREVERB<BE>>
fektet,befektet,9,fektet,/VERB|<PREVERB<BE>>
zsúfolódik,bezsúfolódik,2,zsúfolódik,/VERB|<PREVERB<BE>>
fonódik,befonódik,3,fonódik,/VERB|<PREVERB<BE>>
lenyújt,belenyújt,1,lenyújt,/VERB|<PREVERB<BE>>
vésődik,bevésődik,8,vésődik,/VERB|<PREVERB<BE>>
üzemel,beüzemel,1,üzemel,/VERB|<PREVERB<BE>>
lökődik,belökődik,2,lökődik,/VERB|<PREVERB<BE>>
nyílik,benyílik,3,nyílik,/VERB|<PREVERB<BE>>
lelkesül,belelkesül,2,lelkesül,/VERB|<PREVERB<BE>>
erdősödik,beerdősödik,1,erdősödik,/VERB|<PREVERB<BE>>
loccsant,beloccsant,3,loccsant,/VERB|<PREVERB<BE>>
aggat,beaggat,2,aggat,/VERB|<PREVERB<BE>>
nyálkásít,benyálkásít,1,nyálkásít,/VERB|<PREVERB<BE>>
balzsamoz,bebalzsamoz,3,balzsamoz,/VERB|<PREVERB<BE>>
lilul,belilul,1,lilul,/VERB|<PREVERB<BE>>
újít,beújít,3,újít,/VERB|<PREVERB<BE>>
kattan,bekattan,13,kattan,/VERB|<PREVERB<BE>>
kefél,bekefél,1,kefél,/VERB|<PREVERB<BE>>
volt,bevolt,8,volt,/VERB|<PREVERB<BE>>
vonz,bevonz,5,vonz,/VERB|<PREVERB<BE>>
kocsizik,bekocsizik,3,kocsizik,/VERB|<PREVERB<BE>>
fordít,befordít,2,fordít,/VERB|<PREVERB<BE>>
surrog,besurrog,1,surrog,/VERB|<PREVERB<BE>>
suhog,besuhog,2,suhog,/VERB|<PREVERB<BE>>
kászálódik,bekászálódik,3,kászálódik,/VERB|<PREVERB<BE>>
forgat,beforgat,1,forgat,/VERB|<PREVERB<BE>>
heppen,beheppen,1,heppen,/VERB|<PREVERB<BE>>
suhan,besuhan,9,suhan,/VERB|<PREVERB<BE>>
paskol,bepaskol,1,paskol,/VERB|<PREVERB<BE>>
sokall,besokall,8,sokall,/VERB|<PREVERB<BE>>
utazik,beutazik,5,utazik,/VERB|<PREVERB<BE>>
kúszik,bekúszik,9,kúszik,/VERB|<PREVERB<BE>>
száll,beszáll,14,száll,/VERB|<PREVERB<BE>>
harap,beharap,3,harap,/VERB|<PREVERB<BE>>
omlik,beomlik,13,omlik,/VERB|<PREVERB<BE>>
áll,beáll,12,áll,/VERB|<PREVERB<BE>>
löket,belöket,2,löket,/VERB|<PREVERB<BE>>
árt,beárt,2,árt,/VERB|<PREVERB<BE>>
borozik,beborozik,2,borozik,/VERB|<PREVERB<BE>>
borozik,beboroz,4,borozik,/VERB|<PREVERB<BE>>
dutyiz,bedutyiz,1,dutyiz,/VERB|<PREVERB<BE>>
hegyez,behegyez,1,hegyez,/VERB|<PREVERB<BE>>
kukkant,bekukkant,10,kukkant,/VERB|<PREVERB<BE>>
dörzsöl,bedörzsöl,18,dörzsöl,/VERB|<PREVERB<BE>>
surran,besurran,10,surran,/VERB|<PREVERB<BE>>
baszik,bebaszik,3,baszik,/VERB|<PREVERB<BE>>
fellegzik,befellegzik,10,fellegzik,/VERB|<PREVERB<BE>>
foltosodik,befoltosodik,1,foltosodik,/VERB|<PREVERB<BE>>
lakmározik,belakmározik,1,lakmározik,/VERB|<PREVERB<BE>>
köttet,beköttet,3,köttet,/VERB|<PREVERB<BE>>
hatol,behatol,10,hatol,/VERB|<PREVERB<BE>>
sikeredik,besikeredik,1,sikeredik,/VERB|<PREVERB<BE>>
kénez,bekénez,1,kénez,/VERB|<PREVERB<BE>>
tekint,betekint,11,tekint,/VERB|<PREVERB<BE>>
kommendál,bekommendál,1,kommendál,/VERB|<PREVERB<BE>>
falcol,befalcol,25,falcol,/VERB|<PREVERB<BE>>
teljesedik,beteljesedik,15,teljesedik,/VERB|<PREVERB<BE>>
hasad,behasad,3,hasad,/VERB|<PREVERB<BE>>
zsákol,bezsákol,4,zsákol,/VERB|<PREVERB<BE>>
támaszt,betámaszt,2,támaszt,/VERB|<PREVERB<BE>>
biciklizik,bebiciklizik,3,biciklizik,/VERB|<PREVERB<BE>>
kékül,bekékül,2,kékül,/VERB|<PREVERB<BE>>
gyalogol,begyalogol,5,gyalogol,/VERB|<PREVERB<BE>>
fordul,befordul,14,fordul,/VERB|<PREVERB<BE>>
hártyásodik,behártyásodik,1,hártyásodik,/VERB|<PREVERB<BE>>
kiabál,bekiabál,12,kiabál,/VERB|<PREVERB<BE>>
olvaszt,beolvaszt,7,olvaszt,/VERB|<PREVERB<BE>>
havaz,behavaz,9,havaz,/VERB|<PREVERB<BE>>
gyűröget,begyűröget,1,gyűröget,/VERB|<PREVERB<BE>>
gerjed,begerjed,10,gerjed,/VERB|<PREVERB<BE>>
melegedik,bemelegedik,3,melegedik,/VERB|<PREVERB<BE>>
melegedik,bemelegszik,11,melegedik,/VERB|<PREVERB<BE>>
feszít,befeszít,9,feszít,/VERB|<PREVERB<BE>>
orgonál,beorgonál,3,orgonál,/VERB|<PREVERB<BE>>
férkőzik,beférkőzik,10,férkőzik,/VERB|<PREVERB<BE>>
keres,bekeres,2,keres,/VERB|<PREVERB<BE>>
vidámkodik,bevidámkodik,1,vidámkodik,/VERB|<PREVERB<BE>>
osztat,beosztat,2,osztat,/VERB|<PREVERB<BE>>
csattant,becsattant,3,csattant,/VERB|<PREVERB<BE>>
aranyoz,bearanyoz,8,aranyoz,/VERB|<PREVERB<BE>>
leröppen,beleröppen,2,leröppen,/VERB|<PREVERB<BE>>
hasít,behasít,4,hasít,/VERB|<PREVERB<BE>>
dörrent,bedörrent,1,dörrent,/VERB|<PREVERB<BE>>
vonódik,bevonódik,7,vonódik,/VERB|<PREVERB<BE>>
röppen,beröppen,9,röppen,/VERB|<PREVERB<BE>>
ért,beért,11,ért,/VERB|<PREVERB<BE>>
éget,beéget,3,éget,/VERB|<PREVERB<BE>>
bújtat,bebújtat,2,bújtat,/VERB|<PREVERB<BE>>
szegecsel,beszegecsel,1,szegecsel,/VERB|<PREVERB<BE>>
rezonál,berezonál,6,rezonál,/VERB|<PREVERB<BE>>
csukódik,becsukódik,11,csukódik,/VERB|<PREVERB<BE>>
pöccent,bepöccent,3,pöccent,/VERB|<PREVERB<BE>>
ruccan,beruccan,4,ruccan,/VERB|<PREVERB<BE>>
kívánkozik,bekívánkozik,5,kívánkozik,/VERB|<PREVERB<BE>>
lopódzkodik,belopódzkodik,4,lopódzkodik,/VERB|<PREVERB<BE>>
lovagol,belovagol,10,lovagol,/VERB|<PREVERB<BE>>
sövényez,besövényez,1,sövényez,/VERB|<PREVERB<BE>>
leskelődik,beleskelődik,2,leskelődik,/VERB|<PREVERB<BE>>
kerül,bekerül,14,kerül,/VERB|<PREVERB<BE>>
kever,bekever,4,kever,/VERB|<PREVERB<BE>>
kerít,bekerít,10,kerít,/VERB|<PREVERB<BE>>
sugároz,besugároz,4,sugároz,/VERB|<PREVERB<BE>>
besuhan,bebesuhan,1,besuhan,/VERB|<PREVERB<BE>>
büdösödik,bebüdösödik,3,büdösödik,/VERB|<PREVERB<BE>>
ékel,beékel,6,ékel,/VERB|<PREVERB<BE>>
ékez,beékez,2,ékez,/VERB|<PREVERB<BE>>
konferál,bekonferál,3,konferál,/VERB|<PREVERB<BE>>
rendez,berendez,13,rendez,/VERB|<PREVERB<BE>>
rendel,berendel,5,rendel,/VERB|<PREVERB<BE>>
lépked,belépked,2,lépked,/VERB|<PREVERB<BE>>
pillantat,bepillantat,1,pillantat,/VERB|<PREVERB<BE>>
leplez,beleplez,1,leplez,/VERB|<PREVERB<BE>>
küldözget,beküldözget,1,küldözget,/VERB|<PREVERB<BE>>
köszön,beköszön,10,köszön,/VERB|<PREVERB<BE>>
domborodik,bedomborodik,1,domborodik,/VERB|<PREVERB<BE>>
szivárog,beszivárog,11,szivárog,/VERB|<PREVERB<BE>>
kerget,bekerget,4,kerget,/VERB|<PREVERB<BE>>
csukat,becsukat,6,csukat,/VERB|<PREVERB<BE>>
emel,beemel,7,emel,/VERB|<PREVERB<BE>>
sikolt,besikolt,1,sikolt,/VERB|<PREVERB<BE>>
mekeg,bemekeg,1,mekeg,/VERB|<PREVERB<BE>>
alázatoskodik,bealázatoskodik,1,alázatoskodik,/VERB|<PREVERB<BE>>
gázol,begázol,12,gázol,/VERB|<PREVERB<BE>>
újságol,beújságol,1,újságol,/VERB|<PREVERB<BE>>
gombolódik,begombolódik,1,gombolódik,/VERB|<PREVERB<BE>>
csurog,becsurog,9,csurog,/VERB|<PREVERB<BE>>
gyülekezik,begyülekezik,1,gyülekezik,/VERB|<PREVERB<BE>>
szegődik,beszegődik,10,szegődik,/VERB|<PREVERB<BE>>
válhatik,beválhatik,1,válhatik,/VERB|<PREVERB<BE>>
zsibong,bezsibong,1,zsibong,/VERB|<PREVERB<BE>>
kezel,bekezel,1,kezel,/VERB|<PREVERB<BE>>
zaboláz,bezaboláz,1,zaboláz,/VERB|<PREVERB<BE>>
caplat,becaplat,2,caplat,/VERB|<PREVERB<BE>>
tolakodik,betolakodik,9,tolakodik,/VERB|<PREVERB<BE>>
tolakodik,betolakszik,10,tolakodik,/VERB|<PREVERB<BE>>
csumáz,becsumáz,1,csumáz,/VERB|<PREVERB<BE>>
lisztez,belisztez,1,lisztez,/VERB|<PREVERB<BE>>
asszociál,beasszociál,1,asszociál,/VERB|<PREVERB<BE>>
gördít,begördít,2,gördít,/VERB|<PREVERB<BE>>
vonultat,bevonultat,1,vonultat,/VERB|<PREVERB<BE>>
gördül,begördül,8,gördül,/VERB|<PREVERB<BE>>
pillant,bepillant,9,pillant,/VERB|<PREVERB<BE>>
épit,beépit,1,épit,/VERB|<PREVERB<BE>>
merészel,bemerészel,1,merészel,/VERB|<PREVERB<BE>>
ledöglik,beledöglik,10,ledöglik,/VERB|<PREVERB<BE>>
tapogat,betapogat,1,tapogat,/VERB|<PREVERB<BE>>
esküszik,beesküszik,3,esküszik,/VERB|<PREVERB<BE>>
préselődik,bepréselődik,4,préselődik,/VERB|<PREVERB<BE>>
avatkozik,beavatkozik,10,avatkozik,/VERB|<PREVERB<BE>>
görbít,begörbít,4,görbít,/VERB|<PREVERB<BE>>
bicsakol,bebicsakol,1,bicsakol,/VERB|<PREVERB<BE>>
káfol,bekáfol,3,káfol,/VERB|<PREVERB<BE>>
nyomint,benyomint,1,nyomint,/VERB|<PREVERB<BE>>
fuvaroz,befuvaroz,1,fuvaroz,/VERB|<PREVERB<BE>>
görbül,begörbül,9,görbül,/VERB|<PREVERB<BE>>
dokkol,bedokkol,1,dokkol,/VERB|<PREVERB<BE>>
csattan,becsattan,5,csattan,/VERB|<PREVERB<BE>>
méret,beméret,1,méret,/VERB|<PREVERB<BE>>
érez,beérez,1,érez,/VERB|<PREVERB<BE>>
érik,beérik,11,érik,/VERB|<PREVERB<BE>>
sittel,besittel,1,sittel,/VERB|<PREVERB<BE>>
mered,bemered,1,mered,/VERB|<PREVERB<BE>>
esik,beesik,11,esik,/VERB|<PREVERB<BE>>
tessékel,betessékel,8,tessékel,/VERB|<PREVERB<BE>>
lakik,belakik,6,lakik,/VERB|<PREVERB<BE>>
kutyagol,bekutyagol,1,kutyagol,/VERB|<PREVERB<BE>>
tagozódik,betagozódik,7,tagozódik,/VERB|<PREVERB<BE>>
szakaszt,beszakaszt,1,szakaszt,/VERB|<PREVERB<BE>>
szaporodik,beszaporodik,1,szaporodik,/VERB|<PREVERB<BE>>
ölt,beölt,1,ölt,/VERB|<PREVERB<BE>>
önt,beönt,5,önt,/VERB|<PREVERB<BE>>
vagyon,bevagyon,3,vagyon,/VERB|<PREVERB<BE>>
etet,beetet,2,etet,/VERB|<PREVERB<BE>>
perget,beperget,2,perget,/VERB|<PREVERB<BE>>
parancsol,beparancsol,4,parancsol,/VERB|<PREVERB<BE>>
metsz,bemetsz,5,metsz,/VERB|<PREVERB<BE>>
bónyál,bebónyál,1,bónyál,/VERB|<PREVERB<BE>>
gyullad,begyullad,10,gyullad,/VERB|<PREVERB<BE>>
épít,beépít,11,épít,/VERB|<PREVERB<BE>>
somfordál,besomfordál,5,somfordál,/VERB|<PREVERB<BE>>
épül,beépül,12,épül,/VERB|<PREVERB<BE>>
kíváncsiskodik,bekíváncsiskodik,1,kíváncsiskodik,/VERB|<PREVERB<BE>>
jegesedik,bejegesedik,2,jegesedik,/VERB|<PREVERB<BE>>
szőkül,beszőkül,1,szőkül,/VERB|<PREVERB<BE>>
merül,bemerül,8,merül,/VERB|<PREVERB<BE>>
igyekszik,beigyekszik,1,igyekszik,/VERB|<PREVERB<BE>>
perdül,beperdül,6,perdül,/VERB|<PREVERB<BE>>
foglaltatik,befoglaltatik,5,foglaltatik,/VERB|<PREVERB<BE>>
evez,beevez,7,evez,/VERB|<PREVERB<BE>>
rukkol,berukkol,5,rukkol,/VERB|<PREVERB<BE>>
görbed,begörbed,2,görbed,/VERB|<PREVERB<BE>>
merít,bemerít,49,merít,/VERB|<PREVERB<BE>>
kapcsolódik,bekapcsolódik,12,kapcsolódik,/VERB|<PREVERB<BE>>
kalauzol,bekalauzol,1,kalauzol,/VERB|<PREVERB<BE>>
lapul,belapul,9,lapul,/VERB|<PREVERB<BE>>
csődül,becsődül,4,csődül,/VERB|<PREVERB<BE>>
léptet,beléptet,6,léptet,/VERB|<PREVERB<BE>>
csődöl,becsődöl,6,csődöl,/VERB|<PREVERB<BE>>
görcsöl,begörcsöl,5,görcsöl,/VERB|<PREVERB<BE>>
invitál,beinvitál,5,invitál,/VERB|<PREVERB<BE>>
csődít,becsődít,3,csődít,/VERB|<PREVERB<BE>>
koronáz,bekoronáz,1,koronáz,/VERB|<PREVERB<BE>>
bőrösödik,bebőrösödik,3,bőrösödik,/VERB|<PREVERB<BE>>
száguld,beszáguld,2,száguld,/VERB|<PREVERB<BE>>
takarózik,betakarózik,9,takarózik,/VERB|<PREVERB<BE>>
bátorkodik,bebátorkodik,1,bátorkodik,/VERB|<PREVERB<BE>>
nyomkod,benyomkod,1,nyomkod,/VERB|<PREVERB<BE>>
leugrat,beleugrat,2,leugrat,/VERB|<PREVERB<BE>>
függönyöz,befüggönyöz,1,függönyöz,/VERB|<PREVERB<BE>>
tuszkol,betuszkol,3,tuszkol,/VERB|<PREVERB<BE>>
pirul,bepirul,1,pirul,/VERB|<PREVERB<BE>>
koppant,bekoppant,5,koppant,/VERB|<PREVERB<BE>>
takaródzik,betakaródzik,6,takaródzik,/VERB|<PREVERB<BE>>
emelkedik,beemelkedik,1,emelkedik,/VERB|<PREVERB<BE>>
autókázik,beautókázik,1,autókázik,/VERB|<PREVERB<BE>>
pöfög,bepöfög,2,pöfög,/VERB|<PREVERB<BE>>
rókázik,berókázik,1,rókázik,/VERB|<PREVERB<BE>>
hullik,behull,5,hullik,/VERB|<PREVERB<BE>>
penészesedik,bepenészesedik,1,penészesedik,/VERB|<PREVERB<BE>>
süllyeszt,besüllyeszt,1,süllyeszt,/VERB|<PREVERB<BE>>
takarodik,betakarodik,1,takarodik,/VERB|<PREVERB<BE>>
fekszik,befeküszik,1,fekszik,/VERB|<PREVERB<BE>>
fekszik,befekszik,10,fekszik,/VERB|<PREVERB<BE>>
vágtat,bevágtat,9,vágtat,/VERB|<PREVERB<BE>>
pisil,bepisil,9,pisil,/VERB|<PREVERB<BE>>
virágosodik,bevirágosodik,1,virágosodik,/VERB|<PREVERB<BE>>
tudódik,betudódik,1,tudódik,/VERB|<PREVERB<BE>>
firkál,befirkál,3,firkál,/VERB|<PREVERB<BE>>
csordogál,becsordogál,1,csordogál,/VERB|<PREVERB<BE>>
bukik,bebukik,7,bukik,/VERB|<PREVERB<BE>>
pisál,bepisál,3,pisál,/VERB|<PREVERB<BE>>
hugyozik,behugyozik,1,hugyozik,/VERB|<PREVERB<BE>>
öregedik,beöregszik,2,öregedik,/VERB|<PREVERB<BE>>
használ,behasznál,1,használ,/VERB|<PREVERB<BE>>
tervez,betervez,2,tervez,/VERB|<PREVERB<BE>>
közelget,beközelget,1,közelget,/VERB|<PREVERB<BE>>
burkolódzik,beburkolódzik,3,burkolódzik,/VERB|<PREVERB<BE>>
kócol,bekócol,1,kócol,/VERB|<PREVERB<BE>>
keveredik,bekeveredik,4,keveredik,/VERB|<PREVERB<BE>>
toppant,betoppant,11,toppant,/VERB|<PREVERB<BE>>
kocog,bekocog,8,kocog,/VERB|<PREVERB<BE>>
füttyent,befüttyent,1,füttyent,/VERB|<PREVERB<BE>>
áztat,beáztat,7,áztat,/VERB|<PREVERB<BE>>
hintet,behintet,1,hintet,/VERB|<PREVERB<BE>>
biztosít,bebiztosít,5,biztosít,/VERB|<PREVERB<BE>>
károg,bekárog,2,károg,/VERB|<PREVERB<BE>>
nyal,benyal,6,nyal,/VERB|<PREVERB<BE>>
nyel,benyel,8,nyel,/VERB|<PREVERB<BE>>
nyes,benyes,4,nyes,/VERB|<PREVERB<BE>>
nyit,benyit,11,nyit,/VERB|<PREVERB<BE>>
nyom,benyom,13,nyom,/VERB|<PREVERB<BE>>
slattyog,beslattyog,1,slattyog,/VERB|<PREVERB<BE>>
vagdos,bevagdos,4,vagdos,/VERB|<PREVERB<BE>>
fagy,befagy,10,fagy,/VERB|<PREVERB<BE>>
vagdal,bevagdal,3,vagdal,/VERB|<PREVERB<BE>>
tűzdel,betűzdel,1,tűzdel,/VERB|<PREVERB<BE>>
tekeredik,betekeredik,1,tekeredik,/VERB|<PREVERB<BE>>
türemkedik,betüremkedik,5,türemkedik,/VERB|<PREVERB<BE>>
parkol,beparkol,1,parkol,/VERB|<PREVERB<BE>>
játszik,bejátszik,11,játszik,/VERB|<PREVERB<BE>>
kertel,bekertel,8,kertel,/VERB|<PREVERB<BE>>
tábláz,betábláz,4,tábláz,/VERB|<PREVERB<BE>>
dulakodik,bedulakodik,1,dulakodik,/VERB|<PREVERB<BE>>
fröcsköl,befröcsköl,11,fröcsköl,/VERB|<PREVERB<BE>>
szerződtet,beszerződtet,1,szerződtet,/VERB|<PREVERB<BE>>
vigyorodik,bevigyorodik,1,vigyorodik,/VERB|<PREVERB<BE>>
pörög,bepörög,5,pörög,/VERB|<PREVERB<BE>>
pöröl,bepöröl,6,pöröl,/VERB|<PREVERB<BE>>
padol,bepadol,1,padol,/VERB|<PREVERB<BE>>
nyír,benyír,1,nyír,/VERB|<PREVERB<BE>>
ájul,beájul,2,ájul,/VERB|<PREVERB<BE>>
fedd,befedd,2,fedd,/VERB|<PREVERB<BE>>
nyúl,benyúl,14,nyúl,/VERB|<PREVERB<BE>>
zsebel,bezsebel,4,zsebel,/VERB|<PREVERB<BE>>
fejt,befejt,8,fejt,/VERB|<PREVERB<BE>>
porosodik,beporosodik,2,porosodik,/VERB|<PREVERB<BE>>
fakaszt,befakaszt,1,fakaszt,/VERB|<PREVERB<BE>>
fest,befest,3,fest,/VERB|<PREVERB<BE>>
koppan,bekoppan,1,koppan,/VERB|<PREVERB<BE>>
gyűjt,begyűjt,12,gyűjt,/VERB|<PREVERB<BE>>
röhög,beröhög,4,röhög,/VERB|<PREVERB<BE>>
óvatoskodik,beóvatoskodik,2,óvatoskodik,/VERB|<PREVERB<BE>>
iskoláz,beiskoláz,3,iskoláz,/VERB|<PREVERB<BE>>
dugul,bedugul,10,dugul,/VERB|<PREVERB<BE>>
halász,behalász,1,halász,/VERB|<PREVERB<BE>>
güzül,begüzül,1,güzül,/VERB|<PREVERB<BE>>
szekerezik,beszekerezik,1,szekerezik,/VERB|<PREVERB<BE>>
zörget,bezörget,11,zörget,/VERB|<PREVERB<BE>>
mákoz,bemákoz,1,mákoz,/VERB|<PREVERB<BE>>
legyen,belegyen,2,legyen,/VERB|<PREVERB<BE>>
zálogosít,bezálogosít,1,zálogosít,/VERB|<PREVERB<BE>>
legyez,belegyez,2,legyez,/VERB|<PREVERB<BE>>
lépdel,belépdel,4,lépdel,/VERB|<PREVERB<BE>>
telepszik,betelepszik,11,telepszik,/VERB|<PREVERB<BE>>
vágyik,bevágyik,2,vágyik,/VERB|<PREVERB<BE>>
lyukad,belyukad,4,lyukad,/VERB|<PREVERB<BE>>
siklik,besiklik,7,siklik,/VERB|<PREVERB<BE>>
szaladgál,beszaladgál,1,szaladgál,/VERB|<PREVERB<BE>>
dudál,bedudál,1,dudál,/VERB|<PREVERB<BE>>
taszít,betaszít,6,taszít,/VERB|<PREVERB<BE>>
gömbölyödik,begömbölyödik,1,gömbölyödik,/VERB|<PREVERB<BE>>
tanyázik,betanyáz,1,tanyázik,/VERB|<PREVERB<BE>>
tanyázik,betanyázik,1,tanyázik,/VERB|<PREVERB<BE>>
bujdosik,bebujdosik,1,bujdosik,/VERB|<PREVERB<BE>>
bujdosik,bebujdos,1,bujdosik,/VERB|<PREVERB<BE>>
pakol,bepakol,11,pakol,/VERB|<PREVERB<BE>>
gyere,begyere,3,gyere,/VERB|<PREVERB<BE>>
hajtódik,behajtódik,2,hajtódik,/VERB|<PREVERB<BE>>
zárjelez,bezárjelez,1,zárjelez,/VERB|<PREVERB<BE>>
kopog,bekopog,11,kopog,/VERB|<PREVERB<BE>>
csatangol,becsatangol,1,csatangol,/VERB|<PREVERB<BE>>
mentet,bementet,3,mentet,/VERB|<PREVERB<BE>>
csordul,becsordul,1,csordul,/VERB|<PREVERB<BE>>
barnul,bebarnul,32,barnul,/VERB|<PREVERB<BE>>
szögellik,beszögellik,3,szögellik,/VERB|<PREVERB<BE>>
szivárogtat,beszivárogtat,1,szivárogtat,/VERB|<PREVERB<BE>>
korlátoz,bekorlátoz,2,korlátoz,/VERB|<PREVERB<BE>>
kopik,bekopik,1,kopik,/VERB|<PREVERB<BE>>
áraz,beáraz,1,áraz,/VERB|<PREVERB<BE>>
árad,beárad,10,árad,/VERB|<PREVERB<BE>>
erőszakol,beerőszakol,1,erőszakol,/VERB|<PREVERB<BE>>
mélyeszt,bemélyeszt,1,mélyeszt,/VERB|<PREVERB<BE>>
seper,beseper,4,seper,/VERB|<PREVERB<BE>>
fogódik,befogódik,2,fogódik,/VERB|<PREVERB<BE>>
lüktet,belüktet,1,lüktet,/VERB|<PREVERB<BE>>
csomóz,becsomóz,1,csomóz,/VERB|<PREVERB<BE>>
öltözik,beöltözik,9,öltözik,/VERB|<PREVERB<BE>>
gyűrődik,begyűrődik,4,gyűrődik,/VERB|<PREVERB<BE>>
vérzik,bevérzik,6,vérzik,/VERB|<PREVERB<BE>>
oson,beoson,10,oson,/VERB|<PREVERB<BE>>
leskel,beleskel,2,leskel,/VERB|<PREVERB<BE>>
törik,betörik,14,törik,/VERB|<PREVERB<BE>>
oszt,beoszt,8,oszt,/VERB|<PREVERB<BE>>
sorakozik,besorakozik,4,sorakozik,/VERB|<PREVERB<BE>>
roggyan,beroggyan,3,roggyan,/VERB|<PREVERB<BE>>
dülöng,bedülöng,1,dülöng,/VERB|<PREVERB<BE>>
bújik,bebújik,12,bújik,/VERB|<PREVERB<BE>>
csomagol,becsomagol,10,csomagol,/VERB|<PREVERB<BE>>
láttat,beláttat,2,láttat,/VERB|<PREVERB<BE>>
lakatol,belakatol,2,lakatol,/VERB|<PREVERB<BE>>
suttog,besuttog,1,suttog,/VERB|<PREVERB<BE>>
zarándokol,bezarándokol,1,zarándokol,/VERB|<PREVERB<BE>>
jelentkezik,bejelentkezik,13,jelentkezik,/VERB|<PREVERB<BE>>
tagol,betagol,1,tagol,/VERB|<PREVERB<BE>>
bizonyosodik,bebizonyosodik,13,bizonyosodik,/VERB|<PREVERB<BE>>
szárad,beszárad,10,szárad,/VERB|<PREVERB<BE>>
merevedik,bemerevedik,1,merevedik,/VERB|<PREVERB<BE>>
osztódik,beosztódik,1,osztódik,/VERB|<PREVERB<BE>>
forraszt,beforraszt,3,forraszt,/VERB|<PREVERB<BE>>
számít,beszámít,9,számít,/VERB|<PREVERB<BE>>
költ,bekölt,1,költ,/VERB|<PREVERB<BE>>
csobban,becsobban,3,csobban,/VERB|<PREVERB<BE>>
sétál,besétál,11,sétál,/VERB|<PREVERB<BE>>
esteledik,beesteledik,10,esteledik,/VERB|<PREVERB<BE>>
sötétlik,besötétlik,1,sötétlik,/VERB|<PREVERB<BE>>
szólal,beszólal,1,szólal,/VERB|<PREVERB<BE>>
juttat,bejuttat,7,juttat,/VERB|<PREVERB<BE>>
kapaszkodik,bekapaszkodik,3,kapaszkodik,/VERB|<PREVERB<BE>>
vitet,bevitet,2,vitet,/VERB|<PREVERB<BE>>
takar,betakar,12,takar,/VERB|<PREVERB<BE>>
integrálódik,beintegrálódik,1,integrálódik,/VERB|<PREVERB<BE>>
zöldül,bezöldül,5,zöldül,/VERB|<PREVERB<BE>>
szokik,beszokik,3,szokik,/VERB|<PREVERB<BE>>
virít,bevirít,3,virít,/VERB|<PREVERB<BE>>
csalogat,becsalogat,4,csalogat,/VERB|<PREVERB<BE>>
hajtat,behajtat,6,hajtat,/VERB|<PREVERB<BE>>
szólít,beszólít,8,szólít,/VERB|<PREVERB<BE>>
vizel,bevizel,10,vizel,/VERB|<PREVERB<BE>>
üvölt,beüvölt,2,üvölt,/VERB|<PREVERB<BE>>
hunyt,behunyt,14,hunyt,/VERB|<PREVERB<BE>>
imbolyog,beimbolyog,4,imbolyog,/VERB|<PREVERB<BE>>
küld,beküld,12,küld,/VERB|<PREVERB<BE>>
tölt,betölt,13,tölt,/VERB|<PREVERB<BE>>
üzen,beüzen,6,üzen,/VERB|<PREVERB<BE>>
kéredzkedik,bekéredzkedik,7,kéredzkedik,/VERB|<PREVERB<BE>>
ugraszt,beugraszt,1,ugraszt,/VERB|<PREVERB<BE>>
szappanoz,beszappanoz,3,szappanoz,/VERB|<PREVERB<BE>>
talál,betalál,8,talál,/VERB|<PREVERB<BE>>
tapad,betapad,1,tapad,/VERB|<PREVERB<BE>>
búvik,bebúvik,9,búvik,/VERB|<PREVERB<BE>>
csörrent,becsörrent,2,csörrent,/VERB|<PREVERB<BE>>
verekedik,beverekedik,2,verekedik,/VERB|<PREVERB<BE>>
eresztet,beeresztet,2,eresztet,/VERB|<PREVERB<BE>>
tanul,betanul,6,tanul,/VERB|<PREVERB<BE>>
karikáz,bekarikáz,3,karikáz,/VERB|<PREVERB<BE>>
akadozik,beakadozik,1,akadozik,/VERB|<PREVERB<BE>>
