árok,árokné,4,árok,/NOUN|[MRS]
árva,árváné,1,árva,/NOUN|[MRS]
parancsnok,parancsnokné,3,parancsnok,/NOUN|[MRS]
márki,márkiné,19,márki,/NOUN|[MRS]
korsó,korsóné,13,korsó,/NOUN|[MRS]
majszter,majszterné,2,majszter,/NOUN|[MRS]
sült,sültné,1,sült,/NOUN|[MRS]
vértes,vértesné,1,vértes,/NOUN|[MRS]
kretén,kreténné,2,kretén,/NOUN|[MRS]
korda,kordáné,1,korda,/NOUN|[MRS]
sütő,sütőné,4,sütő,/NOUN|[MRS]
konszern,konszernné,1,konszern,/NOUN|[MRS]
fillér,fillérné,40,fillér,/NOUN|[MRS]
vastag,vastagné,2,vastag,/NOUN|[MRS]
remény,reményné,1,remény,/NOUN|[MRS]
martin,martinné,71,martin,/NOUN|[MRS]
piktor,piktorné,2,piktor,/NOUN|[MRS]
mesterember,mesteremberné,1,mesterember,/NOUN|[MRS]
al,alné,2,al,/NOUN|[MRS]
as,asné,1,as,/NOUN|[MRS]
komédiás,komédiásné,7,komédiás,/NOUN|[MRS]
bá,báné,8,bá,/NOUN|[MRS]
bé,béné,4,bé,/NOUN|[MRS]
dó,dóné,2,dó,/NOUN|[MRS]
bű,bűné,10,bű,/NOUN|[MRS]
gó,góné,1,gó,/NOUN|[MRS]
la,lané,3,la,/NOUN|[MRS]
la,láné,2,la,/NOUN|[MRS]
hó,hóné,3,hó,/NOUN|[MRS]
ma,máné,5,ma,/NOUN|[MRS]
jó,jóné,11,jó,/NOUN|[MRS]
rabbi,rabbiné,4,rabbi,/NOUN|[MRS]
lé,léné,1,lé,/NOUN|[MRS]
ló,lóné,4,ló,/NOUN|[MRS]
re,réné,3,re,/NOUN|[MRS]
kő,kőné,1,kő,/NOUN|[MRS]
pá,páné,4,pá,/NOUN|[MRS]
nő,nőné,5,nő,/NOUN|[MRS]
sí,síné,7,sí,/NOUN|[MRS]
só,sóné,3,só,/NOUN|[MRS]
tó,tóné,1,tó,/NOUN|[MRS]
tő,tőné,1,tő,/NOUN|[MRS]
napszámos,napszámosné,5,napszámos,/NOUN|[MRS]
cselédszerző,cselédszerzőné,1,cselédszerző,/NOUN|[MRS]
tímár,tímárné,5,tímár,/NOUN|[MRS]
szerencsétlen,szerencsétlenné,15,szerencsétlen,/NOUN|[MRS]
borbolya,borbolyáné,3,borbolya,/NOUN|[MRS]
galamb,galambné,3,galamb,/NOUN|[MRS]
okos,okosné,4,okos,/NOUN|[MRS]
bíró,bíróné,17,bíró,/NOUN|[MRS]
keresztyén,keresztyénné,15,keresztyén,/NOUN|[MRS]
árkus,árkusné,5,árkus,/NOUN|[MRS]
hadisten,hadistenné,3,hadisten,/NOUN|[MRS]
kozma,kozmáné,13,kozma,/NOUN|[MRS]
éj,éjné,1,éj,/NOUN|[MRS]
ék,ékné,1,ék,/NOUN|[MRS]
él,élné,10,él,/NOUN|[MRS]
én,énné,12,én,/NOUN|[MRS]
ér,érné,13,ér,/NOUN|[MRS]
ír,írné,2,ír,/NOUN|[MRS]
öl,ölné,10,öl,/NOUN|[MRS]
úr,úrné,12,úr,/NOUN|[MRS]
főtanácsos,főtanácsosné,3,főtanácsos,/NOUN|[MRS]
ük,ükné,1,ük,/NOUN|[MRS]
pauza,pauzáné,1,pauza,/NOUN|[MRS]
premier,premierné,1,premier,/NOUN|[MRS]
cserepes,cserepesné,4,cserepes,/NOUN|[MRS]
futó,futóné,15,futó,/NOUN|[MRS]
oroszlán,oroszlánné,3,oroszlán,/NOUN|[MRS]
oláh,oláhné,7,oláh,/NOUN|[MRS]
szolgabíró,szolgabíróné,3,szolgabíró,/NOUN|[MRS]
tiszt,tisztné,2,tiszt,/NOUN|[MRS]
patkó,patkóné,5,patkó,/NOUN|[MRS]
államelnök,államelnökné,2,államelnök,/NOUN|[MRS]
őz,őzné,1,őz,/NOUN|[MRS]
esztelen,esztelenné,7,esztelen,/NOUN|[MRS]
bóna,bónáné,1,bóna,/NOUN|[MRS]
markos,markosné,2,markos,/NOUN|[MRS]
zálogos,zálogosné,1,zálogos,/NOUN|[MRS]
árkád,árkádné,1,árkád,/NOUN|[MRS]
kozák,kozákné,2,kozák,/NOUN|[MRS]
nyugat,nyugatné,2,nyugat,/NOUN|[MRS]
lovász,lovászné,2,lovász,/NOUN|[MRS]
elégtelen,elégtelenné,11,elégtelen,/NOUN|[MRS]
rajkó,rajkóné,1,rajkó,/NOUN|[MRS]
rajta,rajtáné,1,rajta,/NOUN|[MRS]
herceg,hercegné,30,herceg,/NOUN|[MRS]
csorba,csorbáné,1,csorba,/NOUN|[MRS]
soltész,soltészné,7,soltész,/NOUN|[MRS]
arató,aratóné,1,arató,/NOUN|[MRS]
alkirály,alkirályné,2,alkirály,/NOUN|[MRS]
arany,aranyné,8,arany,/NOUN|[MRS]
kalandor,kalandorné,1,kalandor,/NOUN|[MRS]
sulyok,sulyokné,26,sulyok,/NOUN|[MRS]
esperes,esperesné,19,esperes,/NOUN|[MRS]
töret,töretné,3,töret,/NOUN|[MRS]
páncél,páncélné,1,páncél,/NOUN|[MRS]
tévé,tévéné,2,tévé,/NOUN|[MRS]
törpe,törpéné,1,törpe,/NOUN|[MRS]
opál,opálné,1,opál,/NOUN|[MRS]
csiszár,csiszárné,5,csiszár,/NOUN|[MRS]
aradi,aradiné,5,aradi,/NOUN|[MRS]
vízözön,vízözönné,2,vízözön,/NOUN|[MRS]
kántor,kántorné,54,kántor,/NOUN|[MRS]
főpap,főpapné,1,főpap,/NOUN|[MRS]
laboda,labodáné,2,laboda,/NOUN|[MRS]
tanyás,tanyásné,7,tanyás,/NOUN|[MRS]
csülök,csülökné,1,csülök,/NOUN|[MRS]
órás,órásné,10,órás,/NOUN|[MRS]
patrícius,patríciusné,4,patrícius,/NOUN|[MRS]
lakatos,lakatosné,15,lakatos,/NOUN|[MRS]
szuverén,szuverénné,5,szuverén,/NOUN|[MRS]
furkó,furkóné,6,furkó,/NOUN|[MRS]
altábornagy,altábornagyné,1,altábornagy,/NOUN|[MRS]
koronaherceg,koronahercegné,1,koronaherceg,/NOUN|[MRS]
prédikátor,prédikátorné,4,prédikátor,/NOUN|[MRS]
főpolgármester,főpolgármesterné,1,főpolgármester,/NOUN|[MRS]
kalapos,kalaposné,2,kalapos,/NOUN|[MRS]
kolompár,kolompárné,1,kolompár,/NOUN|[MRS]
szeptemvir,szeptemvirné,1,szeptemvir,/NOUN|[MRS]
vasaló,vasalóné,4,vasaló,/NOUN|[MRS]
temető,temetőné,2,temető,/NOUN|[MRS]
mézeskalácsos,mézeskalácsosné,7,mézeskalácsos,/NOUN|[MRS]
számtartó,számtartóné,2,számtartó,/NOUN|[MRS]
tulajdonos,tulajdonosné,5,tulajdonos,/NOUN|[MRS]
portás,portásné,14,portás,/NOUN|[MRS]
gépész,gépészné,10,gépész,/NOUN|[MRS]
játékszín,játékszínné,2,játékszín,/NOUN|[MRS]
udvarbíró,udvarbíróné,2,udvarbíró,/NOUN|[MRS]
adminisztrátor,adminisztrátorné,1,adminisztrátor,/NOUN|[MRS]
patikárius,patikáriusné,10,patikárius,/NOUN|[MRS]
csősz,csőszné,3,csősz,/NOUN|[MRS]
kompozit,kompozitné,4,kompozit,/NOUN|[MRS]
zsoldos,zsoldosné,5,zsoldos,/NOUN|[MRS]
kokárda,kokárdáné,3,kokárda,/NOUN|[MRS]
vérözön,vérözönné,2,vérözön,/NOUN|[MRS]
futár,futárné,3,futár,/NOUN|[MRS]
gentleman,gentlemanné,4,gentleman,/NOUN|[MRS]
rongyász,rongyászné,1,rongyász,/NOUN|[MRS]
papi,papiné,1,papi,/NOUN|[MRS]
üzem,üzemné,1,üzem,/NOUN|[MRS]
somlai,somlainé,2,somlai,/NOUN|[MRS]
törő,törőné,1,törő,/NOUN|[MRS]
szappanos,szappanosné,5,szappanos,/NOUN|[MRS]
gida,gidáné,2,gida,/NOUN|[MRS]
építés,építésné,1,építés,/NOUN|[MRS]
fejetlen,fejetlenné,1,fejetlen,/NOUN|[MRS]
szablya,szablyáné,5,szablya,/NOUN|[MRS]
ménesmester,ménesmesterné,1,ménesmester,/NOUN|[MRS]
karikás,karikásné,2,karikás,/NOUN|[MRS]
helység,helységné,1,helység,/NOUN|[MRS]
tarja,tarjáné,2,tarja,/NOUN|[MRS]
tanár,tanárné,17,tanár,/NOUN|[MRS]
borostyán,borostyánné,4,borostyán,/NOUN|[MRS]
herold,heroldné,1,herold,/NOUN|[MRS]
felhasználó,felhasználóné,1,felhasználó,/NOUN|[MRS]
bárány,bárányné,10,bárány,/NOUN|[MRS]
láng,lángné,6,láng,/NOUN|[MRS]
nagyúr,nagyúrné,2,nagyúr,/NOUN|[MRS]
vadon,vadonné,2,vadon,/NOUN|[MRS]
tapasztó,tapasztóné,1,tapasztó,/NOUN|[MRS]
tamás,tamásné,17,tamás,/NOUN|[MRS]
ezred,ezredné,1,ezred,/NOUN|[MRS]
ismeretlen,ismeretlenné,10,ismeretlen,/NOUN|[MRS]
sáfár,sáfárné,17,sáfár,/NOUN|[MRS]
vándorkomédiás,vándorkomédiásné,2,vándorkomédiás,/NOUN|[MRS]
őrgróf,őrgrófné,11,őrgróf,/NOUN|[MRS]
vezérigazgató,vezérigazgatóné,2,vezérigazgató,/NOUN|[MRS]
angyal,angyalné,4,angyal,/NOUN|[MRS]
fráter,fráterné,2,fráter,/NOUN|[MRS]
próféta,prófétáné,2,próféta,/NOUN|[MRS]
tarkó,tarkóné,22,tarkó,/NOUN|[MRS]
táncos,táncosné,15,táncos,/NOUN|[MRS]
vajda,vajdáné,9,vajda,/NOUN|[MRS]
pikó,pikóné,2,pikó,/NOUN|[MRS]
kalmár,kalmárné,25,kalmár,/NOUN|[MRS]
kőfaragó,kőfaragóné,3,kőfaragó,/NOUN|[MRS]
újságíró,újságíróné,1,újságíró,/NOUN|[MRS]
sánta,sántáné,12,sánta,/NOUN|[MRS]
ködmön,ködmönné,3,ködmön,/NOUN|[MRS]
kapitány,kapitányné,16,kapitány,/NOUN|[MRS]
ihlet,ihletné,2,ihlet,/NOUN|[MRS]
vizsgálóbíró,vizsgálóbíróné,1,vizsgálóbíró,/NOUN|[MRS]
tatár,tatárné,9,tatár,/NOUN|[MRS]
pusztabíró,pusztabíróné,1,pusztabíró,/NOUN|[MRS]
fibrin,fibrinné,1,fibrin,/NOUN|[MRS]
kimenetel,kimenetelné,1,kimenetel,/NOUN|[MRS]
sódar,sódarné,56,sódar,/NOUN|[MRS]
virágözön,virágözönné,1,virágözön,/NOUN|[MRS]
fogorvos,fogorvosné,1,fogorvos,/NOUN|[MRS]
öregbíró,öregbíróné,3,öregbíró,/NOUN|[MRS]
birtokos,birtokosné,5,birtokos,/NOUN|[MRS]
kórista,kóristáné,6,kórista,/NOUN|[MRS]
sógor,sógorné,15,sógor,/NOUN|[MRS]
bakter,bakterné,8,bakter,/NOUN|[MRS]
kisbíró,kisbíróné,2,kisbíró,/NOUN|[MRS]
guba,gubáné,2,guba,/NOUN|[MRS]
sáska,sáskáné,1,sáska,/NOUN|[MRS]
ezredorvos,ezredorvosné,2,ezredorvos,/NOUN|[MRS]
bendő,bendőné,1,bendő,/NOUN|[MRS]
tartó,tartóné,1,tartó,/NOUN|[MRS]
táncos,táncosné,15,táncos,/NOUN|[MRS]
vajda,vajdáné,9,vajda,/NOUN|[MRS]
pikó,pikóné,2,pikó,/NOUN|[MRS]
kalmár,kalmárné,25,kalmár,/NOUN|[MRS]
kőfaragó,kőfaragóné,3,kőfaragó,/NOUN|[MRS]
újságíró,újságíróné,1,újságíró,/NOUN|[MRS]
sánta,sántáné,12,sánta,/NOUN|[MRS]
rebellis,rebellisné,2,rebellis,/NOUN|[MRS]
ködmön,ködmönné,3,ködmön,/NOUN|[MRS]
kapitány,kapitányné,16,kapitány,/NOUN|[MRS]
ihlet,ihletné,2,ihlet,/NOUN|[MRS]
vizsgálóbíró,vizsgálóbíróné,1,vizsgálóbíró,/NOUN|[MRS]
örökös,örökösné,2,örökös,/NOUN|[MRS]
egyetlen,egyetlenné,10,egyetlen,/NOUN|[MRS]
tatár,tatárné,9,tatár,/NOUN|[MRS]
reménytelen,reménytelenné,11,reménytelen,/NOUN|[MRS]
pusztabíró,pusztabíróné,1,pusztabíró,/NOUN|[MRS]
fibrin,fibrinné,1,fibrin,/NOUN|[MRS]
kimenetel,kimenetelné,1,kimenetel,/NOUN|[MRS]
sódar,sódarné,56,sódar,/NOUN|[MRS]
virágözön,virágözönné,1,virágözön,/NOUN|[MRS]
fogorvos,fogorvosné,1,fogorvos,/NOUN|[MRS]
mindenes,mindenesné,1,mindenes,/NOUN|[MRS]
öregbíró,öregbíróné,3,öregbíró,/NOUN|[MRS]
birtokos,birtokosné,5,birtokos,/NOUN|[MRS]
kórista,kóristáné,6,kórista,/NOUN|[MRS]
sógor,sógorné,15,sógor,/NOUN|[MRS]
bakter,bakterné,8,bakter,/NOUN|[MRS]
kisbíró,kisbíróné,2,kisbíró,/NOUN|[MRS]
guba,gubáné,2,guba,/NOUN|[MRS]
sáska,sáskáné,1,sáska,/NOUN|[MRS]
ezredorvos,ezredorvosné,2,ezredorvos,/NOUN|[MRS]
zöngétlen,zöngétlenné,5,zöngétlen,/NOUN|[MRS]
bendő,bendőné,1,bendő,/NOUN|[MRS]
félisten,félistenné,8,félisten,/NOUN|[MRS]
gróf,grófné,65,gróf,/NOUN|[MRS]
civil,civilné,4,civil,/NOUN|[MRS]
szabados,szabadosné,2,szabados,/NOUN|[MRS]
kalifa,kalifáné,1,kalifa,/NOUN|[MRS]
kalikó,kalikóné,1,kalikó,/NOUN|[MRS]
számvevő,számvevőné,2,számvevő,/NOUN|[MRS]
paraszt,parasztné,2,paraszt,/NOUN|[MRS]
varga,vargáné,47,varga,/NOUN|[MRS]
temetés,temetésné,1,temetés,/NOUN|[MRS]
varjú,varjúné,12,varjú,/NOUN|[MRS]
gyémánt,gyémántné,2,gyémánt,/NOUN|[MRS]
bérlő,bérlőné,10,bérlő,/NOUN|[MRS]
kárász,kárászné,9,kárász,/NOUN|[MRS]
sátán,sátánné,2,sátán,/NOUN|[MRS]
képíró,képíróné,3,képíró,/NOUN|[MRS]
hegedűs,hegedűsné,8,hegedűs,/NOUN|[MRS]
vidéki,vidékiné,4,vidéki,/NOUN|[MRS]
szálka,szálkáné,5,szálka,/NOUN|[MRS]
mészáros,mészárosné,22,mészáros,/NOUN|[MRS]
hegedős,hegedősné,4,hegedős,/NOUN|[MRS]
béres,béresné,7,béres,/NOUN|[MRS]
kocsiszín,kocsiszínné,1,kocsiszín,/NOUN|[MRS]
csillag,csillagné,43,csillag,/NOUN|[MRS]
fazekas,fazekasné,36,fazekas,/NOUN|[MRS]
somfa,somfáné,2,somfa,/NOUN|[MRS]
pendely,pendelyné,3,pendely,/NOUN|[MRS]
varsányi,varsányiné,21,varsányi,/NOUN|[MRS]
forrás,forrásné,6,forrás,/NOUN|[MRS]
varró,varróné,7,varró,/NOUN|[MRS]
kurátor,kurátorné,9,kurátor,/NOUN|[MRS]
percent,percentné,3,percent,/NOUN|[MRS]
cövek,cövekné,3,cövek,/NOUN|[MRS]
albíró,albíróné,12,albíró,/NOUN|[MRS]
kalauz,kalauzné,4,kalauz,/NOUN|[MRS]
generális,generálisné,7,generális,/NOUN|[MRS]
süket,süketné,1,süket,/NOUN|[MRS]
főtiszt,főtisztné,1,főtiszt,/NOUN|[MRS]
szántó,szántóné,9,szántó,/NOUN|[MRS]
személy,személyné,3,személy,/NOUN|[MRS]
katonaorvos,katonaorvosné,1,katonaorvos,/NOUN|[MRS]
bábos,bábosné,1,bábos,/NOUN|[MRS]
gyűrődés,gyűrődésné,1,gyűrődés,/NOUN|[MRS]
szarvas,szarvasné,1,szarvas,/NOUN|[MRS]
szekeres,szekeresné,10,szekeres,/NOUN|[MRS]
akasztó,akasztóné,1,akasztó,/NOUN|[MRS]
hadtestparancsnok,hadtestparancsnokné,1,hadtestparancsnok,/NOUN|[MRS]
főherceg,főhercegné,9,főherceg,/NOUN|[MRS]
idétlen,idétlenné,2,idétlen,/NOUN|[MRS]
főtitkár,főtitkárné,1,főtitkár,/NOUN|[MRS]
zsombor,zsomborné,1,zsombor,/NOUN|[MRS]
aljegyző,aljegyzőné,1,aljegyző,/NOUN|[MRS]
kötélverő,kötélverőné,2,kötélverő,/NOUN|[MRS]
téeszelnök,téeszelnökné,1,téeszelnök,/NOUN|[MRS]
garasos,garasosné,1,garasos,/NOUN|[MRS]
tücsök,tücsökné,1,tücsök,/NOUN|[MRS]
féder,féderné,1,féder,/NOUN|[MRS]
hely,helyné,4,hely,/NOUN|[MRS]
szekér,szekérné,2,szekér,/NOUN|[MRS]
csaló,csalóné,2,csaló,/NOUN|[MRS]
patikus,patikusné,10,patikus,/NOUN|[MRS]
nyúzó,nyúzóné,1,nyúzó,/NOUN|[MRS]
tyúkszemvágó,tyúkszemvágóné,2,tyúkszemvágó,/NOUN|[MRS]
egyházi,egyháziné,2,egyházi,/NOUN|[MRS]
pénzügyigazgató,pénzügyigazgatóné,3,pénzügyigazgató,/NOUN|[MRS]
városi,városiné,2,városi,/NOUN|[MRS]
kísértet,kísértetné,2,kísértet,/NOUN|[MRS]
óvodás,óvodásné,1,óvodás,/NOUN|[MRS]
szellő,szellőné,2,szellő,/NOUN|[MRS]
anyakönyvvezető,anyakönyvvezetőné,1,anyakönyvvezető,/NOUN|[MRS]
csonka,csonkáné,5,csonka,/NOUN|[MRS]
patkós,patkósné,2,patkós,/NOUN|[MRS]
csapó,csapóné,33,csapó,/NOUN|[MRS]
csata,csatáné,2,csata,/NOUN|[MRS]
plató,platóné,5,plató,/NOUN|[MRS]
szende,szendéné,1,szende,/NOUN|[MRS]
fejtő,fejtőné,1,fejtő,/NOUN|[MRS]
mázsás,mázsásné,2,mázsás,/NOUN|[MRS]
hitetlen,hitetlenné,11,hitetlen,/NOUN|[MRS]
csepp,cseppné,24,csepp,/NOUN|[MRS]
uborka,uborkáné,21,uborka,/NOUN|[MRS]
zászlós,zászlósné,4,zászlós,/NOUN|[MRS]
levente,leventéné,7,levente,/NOUN|[MRS]
fejes,fejesné,6,fejes,/NOUN|[MRS]
patron,patronné,4,patron,/NOUN|[MRS]
hogyishívják,hogyishívjákné,1,hogyishívják,/NOUN|[MRS]
vasutas,vasutasné,3,vasutas,/NOUN|[MRS]
fehér,fehérné,33,fehér,/NOUN|[MRS]
luxus,luxusné,1,luxus,/NOUN|[MRS]
április,áprilisné,1,április,/NOUN|[MRS]
sírásó,sírásóné,1,sírásó,/NOUN|[MRS]
választófejedelem,választófejedelemné,3,választófejedelem,/NOUN|[MRS]
ácsmester,ácsmesterné,1,ácsmester,/NOUN|[MRS]
szerda,szerdáné,1,szerda,/NOUN|[MRS]
gondnok,gondnokné,5,gondnok,/NOUN|[MRS]
szállodás,szállodásné,20,szállodás,/NOUN|[MRS]
gyáros,gyárosné,5,gyáros,/NOUN|[MRS]
fenyő,fenyőné,7,fenyő,/NOUN|[MRS]
kubikos,kubikosné,2,kubikos,/NOUN|[MRS]
kenyeres,kenyeresné,7,kenyeres,/NOUN|[MRS]
régens,régensné,5,régens,/NOUN|[MRS]
gerencsér,gerencsérné,70,gerencsér,/NOUN|[MRS]
nagyherceg,nagyhercegné,5,nagyherceg,/NOUN|[MRS]
adószedő,adószedőné,1,adószedő,/NOUN|[MRS]
tyúkász,tyúkászné,1,tyúkász,/NOUN|[MRS]
bodor,bodorné,5,bodor,/NOUN|[MRS]
zsemlye,zsemlyéné,11,zsemlye,/NOUN|[MRS]
szórvány,szórványné,1,szórvány,/NOUN|[MRS]
körorvos,körorvosné,8,körorvos,/NOUN|[MRS]
vágó,vágóné,6,vágó,/NOUN|[MRS]
bodza,bodzáné,9,bodza,/NOUN|[MRS]
ötlet,ötletné,1,ötlet,/NOUN|[MRS]
váró,váróné,9,váró,/NOUN|[MRS]
ősz,őszné,1,ősz,/NOUN|[MRS]
titkár,titkárné,4,titkár,/NOUN|[MRS]
festő,festőné,12,festő,/NOUN|[MRS]
kiadó,kiadóné,1,kiadó,/NOUN|[MRS]
bivaly,bivalyné,1,bivaly,/NOUN|[MRS]
mécs,mécsné,1,mécs,/NOUN|[MRS]
szőke,szőkéné,8,szőke,/NOUN|[MRS]
gyógyszerész,gyógyszerészné,10,gyógyszerész,/NOUN|[MRS]
mély,mélyné,1,mély,/NOUN|[MRS]
sziget,szigetné,1,sziget,/NOUN|[MRS]
görbe,görbéné,5,görbe,/NOUN|[MRS]
görcs,görcsné,6,görcs,/NOUN|[MRS]
férfi,férfiné,1,férfi,/NOUN|[MRS]
póling,pólingné,14,póling,/NOUN|[MRS]
rózsaszín,rózsaszínné,6,rózsaszín,/NOUN|[MRS]
könyves,könyvesné,1,könyves,/NOUN|[MRS]
bosnyák,bosnyákné,2,bosnyák,/NOUN|[MRS]
csont,csontné,2,csont,/NOUN|[MRS]
tipográfus,tipográfusné,2,tipográfus,/NOUN|[MRS]
állomásfőnök,állomásfőnökné,2,állomásfőnök,/NOUN|[MRS]
huri,huriné,25,huri,/NOUN|[MRS]
káplán,káplánné,3,káplán,/NOUN|[MRS]
magyari,magyariné,11,magyari,/NOUN|[MRS]
káplár,káplárné,5,káplár,/NOUN|[MRS]
zsindely,zsindelyné,11,zsindely,/NOUN|[MRS]
gondozó,gondozóné,3,gondozó,/NOUN|[MRS]
fejedelem,fejedelemné,10,fejedelem,/NOUN|[MRS]
adófelügyelő,adófelügyelőné,1,adófelügyelő,/NOUN|[MRS]
dákos,dákosné,3,dákos,/NOUN|[MRS]
nyereg,nyeregné,1,nyereg,/NOUN|[MRS]
bejáró,bejáróné,5,bejáró,/NOUN|[MRS]
csikós,csikósné,8,csikós,/NOUN|[MRS]
bokor,bokorné,11,bokor,/NOUN|[MRS]
kőműves,kőművesné,3,kőműves,/NOUN|[MRS]
görög,görögné,7,görög,/NOUN|[MRS]
szikra,szikráné,1,szikra,/NOUN|[MRS]
bogár,bogárné,1,bogár,/NOUN|[MRS]
zsidó,zsidóné,10,zsidó,/NOUN|[MRS]
nyeretlen,nyeretlenné,1,nyeretlen,/NOUN|[MRS]
tanácselnök,tanácselnökné,2,tanácselnök,/NOUN|[MRS]
jegyző,jegyzőné,10,jegyző,/NOUN|[MRS]
bojár,bojárné,12,bojár,/NOUN|[MRS]
buzogány,buzogányné,3,buzogány,/NOUN|[MRS]
vétó,vétóné,3,vétó,/NOUN|[MRS]
uzsorás,uzsorásné,2,uzsorás,/NOUN|[MRS]
helyi,helyiné,1,helyi,/NOUN|[MRS]
nevelde,neveldéné,1,nevelde,/NOUN|[MRS]
micsoda,micsodáné,1,micsoda,/NOUN|[MRS]
házfelügyelő,házfelügyelőné,3,házfelügyelő,/NOUN|[MRS]
gazdasszony,gazdasszonyné,1,gazdasszony,/NOUN|[MRS]
árendás,árendásné,2,árendás,/NOUN|[MRS]
dobos,dobosné,29,dobos,/NOUN|[MRS]
tribün,tribünné,1,tribün,/NOUN|[MRS]
alelnök,alelnökné,4,alelnök,/NOUN|[MRS]
péntek,péntekné,3,péntek,/NOUN|[MRS]
csuka,csukáné,41,csuka,/NOUN|[MRS]
ötvös,ötvösné,5,ötvös,/NOUN|[MRS]
móka,mókáné,1,móka,/NOUN|[MRS]
szilva,szilváné,2,szilva,/NOUN|[MRS]
virtuóz,virtuózné,1,virtuóz,/NOUN|[MRS]
bankár,bankárné,8,bankár,/NOUN|[MRS]
tőzsdés,tőzsdésné,2,tőzsdés,/NOUN|[MRS]
szerpentin,szerpentinné,3,szerpentin,/NOUN|[MRS]
kincs,kincsné,1,kincs,/NOUN|[MRS]
főbérlő,főbérlőné,1,főbérlő,/NOUN|[MRS]
fodrász,fodrászné,4,fodrász,/NOUN|[MRS]
írnok,írnokné,12,írnok,/NOUN|[MRS]
orgazda,orgazdáné,1,orgazda,/NOUN|[MRS]
polyák,polyákné,3,polyák,/NOUN|[MRS]
tábornagy,tábornagyné,15,tábornagy,/NOUN|[MRS]
lengyel,lengyelné,10,lengyel,/NOUN|[MRS]
főgenerális,főgenerálisné,1,főgenerális,/NOUN|[MRS]
mester,mesterné,15,mester,/NOUN|[MRS]
kollár,kollárné,33,kollár,/NOUN|[MRS]
idegen,idegenné,11,idegen,/NOUN|[MRS]
cigány,cigányné,17,cigány,/NOUN|[MRS]
messze,messzéné,5,messze,/NOUN|[MRS]
ügyvéd,ügyvédné,13,ügyvéd,/NOUN|[MRS]
pénztáros,pénztárosné,7,pénztáros,/NOUN|[MRS]
renegát,renegátné,9,renegát,/NOUN|[MRS]
fegyverkovács,fegyverkovácsné,2,fegyverkovács,/NOUN|[MRS]
őkegyelme,őkegyelméné,1,őkegyelme,/NOUN|[MRS]
felügyelő,felügyelőné,6,felügyelő,/NOUN|[MRS]
vitrin,vitrinné,1,vitrin,/NOUN|[MRS]
sárkány,sárkányné,25,sárkány,/NOUN|[MRS]
zákány,zákányné,1,zákány,/NOUN|[MRS]
államtitkár,államtitkárné,1,államtitkár,/NOUN|[MRS]
zsák,zsákné,1,zsák,/NOUN|[MRS]
főjegyző,főjegyzőné,6,főjegyző,/NOUN|[MRS]
garas,garasné,5,garas,/NOUN|[MRS]
becsület,becsületné,1,becsület,/NOUN|[MRS]
jelen,jelenné,10,jelen,/NOUN|[MRS]
antilop,antilopné,3,antilop,/NOUN|[MRS]
bányász,bányászné,9,bányász,/NOUN|[MRS]
rőfös,rőfösné,4,rőfös,/NOUN|[MRS]
szellem,szellemné,1,szellem,/NOUN|[MRS]
tisztviselő,tisztviselőné,1,tisztviselő,/NOUN|[MRS]
csabai,csabainé,23,csabai,/NOUN|[MRS]
boszorkány,boszorkányné,1,boszorkány,/NOUN|[MRS]
mátyás,mátyásné,16,mátyás,/NOUN|[MRS]
elárusító,elárusítóné,1,elárusító,/NOUN|[MRS]
alispán,alispánné,23,alispán,/NOUN|[MRS]
jenki,jenkiné,1,jenki,/NOUN|[MRS]
igaz,igazné,2,igaz,/NOUN|[MRS]
glicerin,glicerinné,1,glicerin,/NOUN|[MRS]
igen,igenné,5,igen,/NOUN|[MRS]
csombor,csomborné,13,csombor,/NOUN|[MRS]
takarító,takarítóné,4,takarító,/NOUN|[MRS]
költő,költőné,3,költő,/NOUN|[MRS]
vétlen,vétlenné,3,vétlen,/NOUN|[MRS]
metszet,metszetné,2,metszet,/NOUN|[MRS]
vasműves,vasművesné,1,vasműves,/NOUN|[MRS]
fodor,fodorné,149,fodor,/NOUN|[MRS]
bürök,bürökné,1,bürök,/NOUN|[MRS]
ösztön,ösztönné,9,ösztön,/NOUN|[MRS]
zöldségárus,zöldségárusné,1,zöldségárus,/NOUN|[MRS]
farsang,farsangné,1,farsang,/NOUN|[MRS]
főkapitány,főkapitányné,5,főkapitány,/NOUN|[MRS]
iker,ikerné,1,iker,/NOUN|[MRS]
tengernagy,tengernagyné,3,tengernagy,/NOUN|[MRS]
karantén,karanténné,2,karantén,/NOUN|[MRS]
boltos,boltosné,10,boltos,/NOUN|[MRS]
iksz,ikszné,1,iksz,/NOUN|[MRS]
relé,reléné,1,relé,/NOUN|[MRS]
fáraó,fáraóné,7,fáraó,/NOUN|[MRS]
nász,nászné,1,nász,/NOUN|[MRS]
csutora,csutoráné,8,csutora,/NOUN|[MRS]
levéltárnok,levéltárnokné,1,levéltárnok,/NOUN|[MRS]
kőszén,kőszénné,7,kőszén,/NOUN|[MRS]
cipész,cipészné,1,cipész,/NOUN|[MRS]
komika,komikáné,3,komika,/NOUN|[MRS]
inas,inasné,1,inas,/NOUN|[MRS]
barnaszén,barnaszénné,2,barnaszén,/NOUN|[MRS]
hangszín,hangszínné,2,hangszín,/NOUN|[MRS]
gazda,gazdáné,8,gazda,/NOUN|[MRS]
mihók,mihókné,2,mihók,/NOUN|[MRS]
mácsik,mácsikné,14,mácsik,/NOUN|[MRS]
körív,körívné,1,körív,/NOUN|[MRS]
reál,reálné,2,reál,/NOUN|[MRS]
polgár,polgárné,14,polgár,/NOUN|[MRS]
nótárius,nótáriusné,14,nótárius,/NOUN|[MRS]
rigó,rigóné,3,rigó,/NOUN|[MRS]
kacsó,kacsóné,2,kacsó,/NOUN|[MRS]
követ,követné,14,követ,/NOUN|[MRS]
horvát,horvátné,231,horvát,/NOUN|[MRS]
rutén,ruténné,1,rutén,/NOUN|[MRS]
társalgó,társalgóné,1,társalgó,/NOUN|[MRS]
tulaj,tulajné,1,tulaj,/NOUN|[MRS]
málnás,málnásné,2,málnás,/NOUN|[MRS]
gyökér,gyökérné,2,gyökér,/NOUN|[MRS]
doyen,doyenné,5,doyen,/NOUN|[MRS]
ellentengernagy,ellentengernagyné,2,ellentengernagy,/NOUN|[MRS]
szakállas,szakállasné,1,szakállas,/NOUN|[MRS]
keresőképtelen,keresőképtelenné,5,keresőképtelen,/NOUN|[MRS]
ízetlen,ízetlenné,11,ízetlen,/NOUN|[MRS]
isme,isméné,36,isme,/NOUN|[MRS]
mitra,mitráné,5,mitra,/NOUN|[MRS]
szapu,szapuné,84,szapu,/NOUN|[MRS]
aga,agáné,1,aga,/NOUN|[MRS]
agy,agyné,5,agy,/NOUN|[MRS]
adó,adóné,1,adó,/NOUN|[MRS]
bolgár,bolgárné,3,bolgár,/NOUN|[MRS]
arc,arcné,1,arc,/NOUN|[MRS]
kövér,kövérné,3,kövér,/NOUN|[MRS]
szabó,szabóné,14,szabó,/NOUN|[MRS]
nincstelen,nincstelenné,10,nincstelen,/NOUN|[MRS]
bel,belné,1,bel,/NOUN|[MRS]
néptribun,néptribunné,1,néptribun,/NOUN|[MRS]
hámos,hámosné,1,hámos,/NOUN|[MRS]
bit,bitné,2,bit,/NOUN|[MRS]
bor,borné,9,bor,/NOUN|[MRS]
bot,botné,1,bot,/NOUN|[MRS]
szűcs,szűcsné,15,szűcs,/NOUN|[MRS]
tulok,tulokné,1,tulok,/NOUN|[MRS]
ordas,ordasné,3,ordas,/NOUN|[MRS]
roma,románé,29,roma,/NOUN|[MRS]
pandúr,pandúrné,2,pandúr,/NOUN|[MRS]
színjátszó,színjátszóné,1,színjátszó,/NOUN|[MRS]
col,colné,10,col,/NOUN|[MRS]
vincellér,vincellérné,4,vincellér,/NOUN|[MRS]
rozs,rozsné,2,rozs,/NOUN|[MRS]
kihordó,kihordóné,1,kihordó,/NOUN|[MRS]
csaplár,csaplárné,9,csaplár,/NOUN|[MRS]
lepke,lepkéné,1,lepke,/NOUN|[MRS]
ivor,ivorné,2,ivor,/NOUN|[MRS]
vendégfogadó,vendégfogadóné,2,vendégfogadó,/NOUN|[MRS]
din,dinné,3,din,/NOUN|[MRS]
dió,dióné,8,dió,/NOUN|[MRS]
palatínus,palatínusné,5,palatínus,/NOUN|[MRS]
dob,dobné,2,dob,/NOUN|[MRS]
gerinctelen,gerinctelenné,4,gerinctelen,/NOUN|[MRS]
tukán,tukánné,1,tukán,/NOUN|[MRS]
kontyos,kontyosné,1,kontyos,/NOUN|[MRS]
palatinus,palatinusné,12,palatinus,/NOUN|[MRS]
elkerülhetetlen,elkerülhetetlenné,11,elkerülhetetlen,/NOUN|[MRS]
eke,ekéné,6,eke,/NOUN|[MRS]
est,estné,5,est,/NOUN|[MRS]
szedő,szedőné,8,szedő,/NOUN|[MRS]
szertelen,szertelenné,5,szertelen,/NOUN|[MRS]
fan,fanné,2,fan,/NOUN|[MRS]
füles,fülesné,2,füles,/NOUN|[MRS]
koncert,koncertné,1,koncert,/NOUN|[MRS]
burján,burjánné,3,burján,/NOUN|[MRS]
báj,bájné,3,báj,/NOUN|[MRS]
fej,fejné,4,fej,/NOUN|[MRS]
fen,fenné,6,fen,/NOUN|[MRS]
bán,bánné,17,bán,/NOUN|[MRS]
bár,bárné,1,bár,/NOUN|[MRS]
szegő,szegőné,1,szegő,/NOUN|[MRS]
fix,fixné,1,fix,/NOUN|[MRS]
észak,északné,1,észak,/NOUN|[MRS]
felelőtlen,felelőtlenné,6,felelőtlen,/NOUN|[MRS]
bég,bégné,3,bég,/NOUN|[MRS]
bél,bélné,2,bél,/NOUN|[MRS]
bór,bórné,4,bór,/NOUN|[MRS]
forgó,forgóné,2,forgó,/NOUN|[MRS]
kakas,kakasné,1,kakas,/NOUN|[MRS]
cár,cárné,24,cár,/NOUN|[MRS]
kéregető,kéregetőné,1,kéregető,/NOUN|[MRS]
céh,céhné,1,céh,/NOUN|[MRS]
erőtlen,erőtlenné,12,erőtlen,/NOUN|[MRS]
hab,habné,1,hab,/NOUN|[MRS]
haj,hajné,1,haj,/NOUN|[MRS]
dán,dánné,1,dán,/NOUN|[MRS]
jegenye,jegenyéné,4,jegenye,/NOUN|[MRS]
varangy,varangyné,2,varangy,/NOUN|[MRS]
lépés,lépésné,2,lépés,/NOUN|[MRS]
dél,délné,1,dél,/NOUN|[MRS]
hon,honné,4,hon,/NOUN|[MRS]
hun,hunné,1,hun,/NOUN|[MRS]
dór,dórné,1,dór,/NOUN|[MRS]
kietlen,kietlenné,11,kietlen,/NOUN|[MRS]
tuskó,tuskóné,1,tuskó,/NOUN|[MRS]
dús,dúsné,2,dús,/NOUN|[MRS]
beérkezés,beérkezésné,1,beérkezés,/NOUN|[MRS]
professzor,professzorné,7,professzor,/NOUN|[MRS]
kerítő,kerítőné,3,kerítő,/NOUN|[MRS]
izé,izéné,2,izé,/NOUN|[MRS]
szita,szitáné,2,szita,/NOUN|[MRS]
jen,jenné,18,jen,/NOUN|[MRS]
kapor,kaporné,8,kapor,/NOUN|[MRS]
fél,félné,10,fél,/NOUN|[MRS]
adat,adatné,1,adat,/NOUN|[MRS]
kapta,kaptáné,1,kapta,/NOUN|[MRS]
kapus,kapusné,20,kapus,/NOUN|[MRS]
zsiráf,zsiráfné,3,zsiráf,/NOUN|[MRS]
bűn,bűnné,13,bűn,/NOUN|[MRS]
örök,örökné,1,örök,/NOUN|[MRS]
szila,sziláné,1,szila,/NOUN|[MRS]
tőszám,tőszámné,1,tőszám,/NOUN|[MRS]
leves,levesné,1,leves,/NOUN|[MRS]
asztalnok,asztalnokné,73,asztalnok,/NOUN|[MRS]
kel,kelné,2,kel,/NOUN|[MRS]
miniszterelnök,miniszterelnökné,6,miniszterelnök,/NOUN|[MRS]
gén,génné,1,gén,/NOUN|[MRS]
gép,gépné,3,gép,/NOUN|[MRS]
kos,kosné,2,kos,/NOUN|[MRS]
kor,korné,3,kor,/NOUN|[MRS]
lemming,lemmingné,6,lemming,/NOUN|[MRS]
kun,kunné,6,kun,/NOUN|[MRS]
természet,természetné,1,természet,/NOUN|[MRS]
holló,hollóné,2,holló,/NOUN|[MRS]
háj,hájné,1,háj,/NOUN|[MRS]
len,lenné,20,len,/NOUN|[MRS]
ler,lerné,4,ler,/NOUN|[MRS]
les,lesné,10,les,/NOUN|[MRS]
ház,házné,2,ház,/NOUN|[MRS]
hír,hírné,1,hír,/NOUN|[MRS]
hóhér,hóhérné,1,hóhér,/NOUN|[MRS]
lux,luxné,1,lux,/NOUN|[MRS]
mag,magné,6,mag,/NOUN|[MRS]
mai,mainé,1,mai,/NOUN|[MRS]
mez,mezné,2,mez,/NOUN|[MRS]
lestyán,lestyánné,3,lestyán,/NOUN|[MRS]
hengerfej,hengerfejné,1,hengerfej,/NOUN|[MRS]
zöldségárús,zöldségárúsné,1,zöldségárús,/NOUN|[MRS]
pingvin,pingvinné,2,pingvin,/NOUN|[MRS]
elöljáró,elöljáróné,1,elöljáró,/NOUN|[MRS]
nap,napné,15,nap,/NOUN|[MRS]
halászmester,halászmesterné,1,halászmester,/NOUN|[MRS]
juhász,juhászné,15,juhász,/NOUN|[MRS]
madár,madárné,2,madár,/NOUN|[MRS]
pemzli,pemzliné,1,pemzli,/NOUN|[MRS]
jós,jósné,1,jós,/NOUN|[MRS]
fűz,fűzné,10,fűz,/NOUN|[MRS]
házas,házasné,1,házas,/NOUN|[MRS]
nyű,nyűné,1,nyű,/NOUN|[MRS]
kapás,kapásné,1,kapás,/NOUN|[MRS]
postatiszt,postatisztné,1,postatiszt,/NOUN|[MRS]
kán,kánné,3,kán,/NOUN|[MRS]
kormányos,kormányosné,2,kormányos,/NOUN|[MRS]
kén,kénné,6,kén,/NOUN|[MRS]
kés,késné,1,kés,/NOUN|[MRS]
kéz,kézné,1,kéz,/NOUN|[MRS]
honfi,honfiné,1,honfi,/NOUN|[MRS]
nemes,nemesné,24,nemes,/NOUN|[MRS]
ispán,ispánné,19,ispán,/NOUN|[MRS]
isten,istenné,16,isten,/NOUN|[MRS]
libapásztor,libapásztorné,1,libapásztor,/NOUN|[MRS]
hős,hősné,1,hős,/NOUN|[MRS]
német,németné,2,német,/NOUN|[MRS]
kormányzó,kormányzóné,34,kormányzó,/NOUN|[MRS]
kasza,kaszáné,10,kasza,/NOUN|[MRS]
kör,körné,1,kör,/NOUN|[MRS]
köz,közné,2,köz,/NOUN|[MRS]
burkus,burkusné,1,burkus,/NOUN|[MRS]
pad,padné,1,pad,/NOUN|[MRS]
pap,papné,65,pap,/NOUN|[MRS]
láb,lábné,1,láb,/NOUN|[MRS]
per,perné,1,per,/NOUN|[MRS]
láz,lázné,1,láz,/NOUN|[MRS]
piroska,piroskáné,2,piroska,/NOUN|[MRS]
bojtár,bojtárné,4,bojtár,/NOUN|[MRS]
lép,lépné,10,lép,/NOUN|[MRS]
puskás,puskásné,10,puskás,/NOUN|[MRS]
por,porné,4,por,/NOUN|[MRS]
vallon,vallonné,7,vallon,/NOUN|[MRS]
honatya,honatyáné,1,honatya,/NOUN|[MRS]
rivális,riválisné,1,rivális,/NOUN|[MRS]
major,majorné,36,major,/NOUN|[MRS]
orosz,oroszné,5,orosz,/NOUN|[MRS]
csizmadia,csizmadiáné,10,csizmadia,/NOUN|[MRS]
marsall,marsallné,26,marsall,/NOUN|[MRS]
mák,mákné,1,mák,/NOUN|[MRS]
más,másné,1,más,/NOUN|[MRS]
vályogvető,vályogvetőné,1,vályogvető,/NOUN|[MRS]
mén,ménné,6,mén,/NOUN|[MRS]
méz,mézné,1,méz,/NOUN|[MRS]
színész,színészné,9,színész,/NOUN|[MRS]
mód,módné,3,mód,/NOUN|[MRS]
mór,mórné,40,mór,/NOUN|[MRS]
fájl,fájlné,1,fájl,/NOUN|[MRS]
rab,rabné,2,rab,/NOUN|[MRS]
reg,regné,2,reg,/NOUN|[MRS]
fűrész,fűrészné,9,fűrész,/NOUN|[MRS]
nép,népné,1,nép,/NOUN|[MRS]
bársony,bársonyné,5,bársony,/NOUN|[MRS]
alap,alapné,1,alap,/NOUN|[MRS]
rom,romné,1,rom,/NOUN|[MRS]
alfa,alfáné,54,alfa,/NOUN|[MRS]
özön,özönné,5,özön,/NOUN|[MRS]
sas,sasné,9,sas,/NOUN|[MRS]
sav,savné,1,sav,/NOUN|[MRS]
járda,járdáné,1,járda,/NOUN|[MRS]
som,somné,7,som,/NOUN|[MRS]
alkormányzó,alkormányzóné,1,alkormányzó,/NOUN|[MRS]
szi,sziné,6,szi,/NOUN|[MRS]
horka,horkáné,1,horka,/NOUN|[MRS]
tag,tagné,1,tag,/NOUN|[MRS]
tan,tanné,3,tan,/NOUN|[MRS]
tar,tarné,63,tar,/NOUN|[MRS]
tat,tatné,2,tat,/NOUN|[MRS]
makra,makráné,1,makra,/NOUN|[MRS]
pán,pánné,1,pán,/NOUN|[MRS]
pár,párné,1,pár,/NOUN|[MRS]
pék,pékné,16,pék,/NOUN|[MRS]
pók,pókné,1,pók,/NOUN|[MRS]
pór,pórné,2,pór,/NOUN|[MRS]
vértest,vértestné,2,vértest,/NOUN|[MRS]
ékszerész,ékszerészné,7,ékszerész,/NOUN|[MRS]
konkoly,konkolyné,2,konkoly,/NOUN|[MRS]
megyefőnök,megyefőnökné,8,megyefőnök,/NOUN|[MRS]
kocsis,kocsisné,14,kocsis,/NOUN|[MRS]
vadidegen,vadidegenné,1,vadidegen,/NOUN|[MRS]
vad,vadné,8,vad,/NOUN|[MRS]
var,varné,1,var,/NOUN|[MRS]
vas,vasné,34,vas,/NOUN|[MRS]
füzes,füzesné,5,füzes,/NOUN|[MRS]
rác,rácné,2,rác,/NOUN|[MRS]
rák,rákné,3,rák,/NOUN|[MRS]
főkönyvelő,főkönyvelőné,1,főkönyvelő,/NOUN|[MRS]
takács,takácsné,12,takács,/NOUN|[MRS]
tollnok,tollnokné,1,tollnok,/NOUN|[MRS]
rém,rémné,16,rém,/NOUN|[MRS]
rés,résné,1,rés,/NOUN|[MRS]
réz,rézné,1,réz,/NOUN|[MRS]
csigolya,csigolyáné,2,csigolya,/NOUN|[MRS]
postás,postásné,7,postás,/NOUN|[MRS]
kompakt,kompaktné,1,kompakt,/NOUN|[MRS]
orvos,orvosné,19,orvos,/NOUN|[MRS]
székely,székelyné,24,székely,/NOUN|[MRS]
apró,apróné,11,apró,/NOUN|[MRS]
sár,sárné,1,sár,/NOUN|[MRS]
pejkó,pejkóné,1,pejkó,/NOUN|[MRS]
sík,síkné,1,sík,/NOUN|[MRS]
sín,sínné,1,sín,/NOUN|[MRS]
zselatin,zselatinné,1,zselatin,/NOUN|[MRS]
jávor,jávorné,8,jávor,/NOUN|[MRS]
sül,sülné,1,sül,/NOUN|[MRS]
sün,sünné,3,sün,/NOUN|[MRS]
sejt,sejtné,1,sejt,/NOUN|[MRS]
tél,télné,7,tél,/NOUN|[MRS]
tér,térné,2,tér,/NOUN|[MRS]
gereben,gerebenné,4,gereben,/NOUN|[MRS]
tót,tótné,17,tót,/NOUN|[MRS]
grácia,gráciáné,1,grácia,/NOUN|[MRS]
cibere,ciberéné,1,cibere,/NOUN|[MRS]
túr,túrné,1,túr,/NOUN|[MRS]
törzsfőnök,törzsfőnökné,1,törzsfőnök,/NOUN|[MRS]
posztó,posztóné,6,posztó,/NOUN|[MRS]
vértanú,vértanúné,1,vértanú,/NOUN|[MRS]
robotos,robotosné,1,robotos,/NOUN|[MRS]
marci,marciné,2,marci,/NOUN|[MRS]
viador,viadorné,1,viador,/NOUN|[MRS]
margó,margóné,2,margó,/NOUN|[MRS]
milicista,milicistáné,1,milicista,/NOUN|[MRS]
szégyentelen,szégyentelenné,3,szégyentelen,/NOUN|[MRS]
vár,várné,3,vár,/NOUN|[MRS]
bokros,bokrosné,4,bokros,/NOUN|[MRS]
véd,védné,11,véd,/NOUN|[MRS]
vég,végné,1,vég,/NOUN|[MRS]
vén,vénné,8,vén,/NOUN|[MRS]
apát,apátné,7,apát,/NOUN|[MRS]
víz,vízné,1,víz,/NOUN|[MRS]
köteles,kötelesné,3,köteles,/NOUN|[MRS]
szerecsen,szerecsenné,5,szerecsen,/NOUN|[MRS]
bankos,bankosné,1,bankos,/NOUN|[MRS]
közjegyző,közjegyzőné,11,közjegyző,/NOUN|[MRS]
szobrász,szobrászné,17,szobrász,/NOUN|[MRS]
felszeg,felszegné,1,felszeg,/NOUN|[MRS]
tőr,tőrné,1,tőr,/NOUN|[MRS]
nézet,nézetné,1,nézet,/NOUN|[MRS]
szénhidrogén,szénhidrogénné,2,szénhidrogén,/NOUN|[MRS]
ügynök,ügynökné,1,ügynök,/NOUN|[MRS]
avar,avarné,6,avar,/NOUN|[MRS]
kerülő,kerülőné,3,kerülő,/NOUN|[MRS]
nádor,nádorné,34,nádor,/NOUN|[MRS]
kontrol,kontrolné,2,kontrol,/NOUN|[MRS]
tűz,tűzné,11,tűz,/NOUN|[MRS]
törzsőrmester,törzsőrmesterné,1,törzsőrmester,/NOUN|[MRS]
nádas,nádasné,9,nádas,/NOUN|[MRS]
panama,panamáné,1,panama,/NOUN|[MRS]
tanácsnok,tanácsnokné,5,tanácsnok,/NOUN|[MRS]
népség,népségné,1,népség,/NOUN|[MRS]
pogány,pogányné,16,pogány,/NOUN|[MRS]
király,királyné,58,király,/NOUN|[MRS]
segédjegyző,segédjegyzőné,1,segédjegyző,/NOUN|[MRS]
kender,kenderné,53,kender,/NOUN|[MRS]
mérnök,mérnökné,17,mérnök,/NOUN|[MRS]
vallató,vallatóné,1,vallató,/NOUN|[MRS]
ibrik,ibrikné,1,ibrik,/NOUN|[MRS]
felszín,felszínné,4,felszín,/NOUN|[MRS]
kocsonya,kocsonyáné,5,kocsonya,/NOUN|[MRS]
pergő,pergőné,4,pergő,/NOUN|[MRS]
zeller,zellerné,3,zeller,/NOUN|[MRS]
osztályidegen,osztályidegenné,6,osztályidegen,/NOUN|[MRS]
mákony,mákonyné,12,mákony,/NOUN|[MRS]
suszter,suszterné,6,suszter,/NOUN|[MRS]
közvetlen,közvetlenné,9,közvetlen,/NOUN|[MRS]
felszolgáló,felszolgálóné,1,felszolgáló,/NOUN|[MRS]
szegény,szegényné,1,szegény,/NOUN|[MRS]
régió,régióné,2,régió,/NOUN|[MRS]
jura,juráné,2,jura,/NOUN|[MRS]
petty,pettyné,1,petty,/NOUN|[MRS]
pillér,pillérné,2,pillér,/NOUN|[MRS]
direktor,direktorné,14,direktor,/NOUN|[MRS]
kefekötő,kefekötőné,2,kefekötő,/NOUN|[MRS]
döntetlen,döntetlenné,32,döntetlen,/NOUN|[MRS]
spin,spinné,4,spin,/NOUN|[MRS]
kökény,kökényné,31,kökény,/NOUN|[MRS]
törzstiszt,törzstisztné,2,törzstiszt,/NOUN|[MRS]
tulipán,tulipánné,36,tulipán,/NOUN|[MRS]
kérész,kérészné,1,kérész,/NOUN|[MRS]
feszület,feszületné,1,feszület,/NOUN|[MRS]
bitumen,bitumenné,1,bitumen,/NOUN|[MRS]
sípos,síposné,6,sípos,/NOUN|[MRS]
siska,siskáné,1,siska,/NOUN|[MRS]
csárdás,csárdásné,18,csárdás,/NOUN|[MRS]
bongor,bongorné,1,bongor,/NOUN|[MRS]
ültetvényes,ültetvényesné,1,ültetvényes,/NOUN|[MRS]
darázs,darázsné,1,darázs,/NOUN|[MRS]
kormorán,kormoránné,4,kormorán,/NOUN|[MRS]
törvénybíró,törvénybíróné,3,törvénybíró,/NOUN|[MRS]
szűcsmester,szűcsmesterné,1,szűcsmester,/NOUN|[MRS]
ellen,ellenné,1,ellen,/NOUN|[MRS]
bakó,bakóné,5,bakó,/NOUN|[MRS]
milliomos,milliomosné,3,milliomos,/NOUN|[MRS]
bari,bariné,1,bari,/NOUN|[MRS]
basa,basáné,2,basa,/NOUN|[MRS]
föld,földné,2,föld,/NOUN|[MRS]
peták,petákné,1,peták,/NOUN|[MRS]
cimbalmos,cimbalmosné,2,cimbalmos,/NOUN|[MRS]
admirális,admirálisné,3,admirális,/NOUN|[MRS]
szélhámos,szélhámosné,1,szélhámos,/NOUN|[MRS]
suta,sutáné,96,suta,/NOUN|[MRS]
fancsali,fancsaliné,1,fancsali,/NOUN|[MRS]
lázár,lázárné,11,lázár,/NOUN|[MRS]
farkas,farkasné,20,farkas,/NOUN|[MRS]
játszó,játszóné,3,játszó,/NOUN|[MRS]
tűzoltó,tűzoltóné,1,tűzoltó,/NOUN|[MRS]
glikogén,glikogénné,1,glikogén,/NOUN|[MRS]
tegez,tegezné,2,tegez,/NOUN|[MRS]
éljen,éljenné,2,éljen,/NOUN|[MRS]
remete,remeténé,1,remete,/NOUN|[MRS]
elnök,elnökné,12,elnök,/NOUN|[MRS]
farmer,farmerné,1,farmer,/NOUN|[MRS]
szer,szerné,2,szer,/NOUN|[MRS]
szeg,szegné,9,szeg,/NOUN|[MRS]
törzsök,törzsökné,1,törzsök,/NOUN|[MRS]
karó,karóné,1,karó,/NOUN|[MRS]
gubernátor,gubernátorné,7,gubernátor,/NOUN|[MRS]
abroncsos,abroncsosné,2,abroncsos,/NOUN|[MRS]
boróka,borókáné,1,boróka,/NOUN|[MRS]
lovag,lovagné,1,lovag,/NOUN|[MRS]
özvegy,özvegyné,1,özvegy,/NOUN|[MRS]
bika,bikáné,3,bika,/NOUN|[MRS]
ghibellin,ghibellinné,1,ghibellin,/NOUN|[MRS]
szakáll,szakállné,3,szakáll,/NOUN|[MRS]
háztulajdonos,háztulajdonosné,2,háztulajdonos,/NOUN|[MRS]
szakács,szakácsné,22,szakács,/NOUN|[MRS]
herélt,heréltné,1,herélt,/NOUN|[MRS]
konzul,konzulné,5,konzul,/NOUN|[MRS]
koporsós,koporsósné,2,koporsós,/NOUN|[MRS]
kertész,kertészné,31,kertész,/NOUN|[MRS]
érdemtelen,érdemtelenné,10,érdemtelen,/NOUN|[MRS]
gubás,gubásné,1,gubás,/NOUN|[MRS]
pénztárnok,pénztárnokné,1,pénztárnok,/NOUN|[MRS]
sörös,sörösné,2,sörös,/NOUN|[MRS]
tejes,tejesné,1,tejes,/NOUN|[MRS]
szál,szálné,3,szál,/NOUN|[MRS]
szák,szákné,2,szák,/NOUN|[MRS]
szár,szárné,7,szár,/NOUN|[MRS]
kese,keséné,10,kese,/NOUN|[MRS]
csütörtök,csütörtökné,1,csütörtök,/NOUN|[MRS]
szép,szépné,22,szép,/NOUN|[MRS]
szén,szénné,12,szén,/NOUN|[MRS]
szél,szélné,3,szél,/NOUN|[MRS]
szín,színné,10,szín,/NOUN|[MRS]
szög,szögné,1,szög,/NOUN|[MRS]
vicispán,vicispánné,4,vicispán,/NOUN|[MRS]
szabász,szabászné,11,szabász,/NOUN|[MRS]
faragó,faragóné,11,faragó,/NOUN|[MRS]
igáskocsis,igáskocsisné,1,igáskocsis,/NOUN|[MRS]
jácint,jácintné,1,jácint,/NOUN|[MRS]
ezredes,ezredesné,105,ezredes,/NOUN|[MRS]
tehén,tehénné,10,tehén,/NOUN|[MRS]
telek,telekné,8,telek,/NOUN|[MRS]
főisten,főistenné,7,főisten,/NOUN|[MRS]
főispán,főispánné,41,főispán,/NOUN|[MRS]
kengyel,kengyelné,1,kengyel,/NOUN|[MRS]
delfin,delfinné,1,delfin,/NOUN|[MRS]
saller,sallerné,3,saller,/NOUN|[MRS]
pocok,pocokné,1,pocok,/NOUN|[MRS]
szőr,szőrné,2,szőr,/NOUN|[MRS]
boka,bokáné,4,boka,/NOUN|[MRS]
borz,borzné,1,borz,/NOUN|[MRS]
csendbiztos,csendbiztosné,1,csendbiztos,/NOUN|[MRS]
kegyúr,kegyúrné,1,kegyúr,/NOUN|[MRS]
szűr,szűrné,6,szűr,/NOUN|[MRS]
törtszám,törtszámné,2,törtszám,/NOUN|[MRS]
céhmester,céhmesterné,10,céhmester,/NOUN|[MRS]
pusztai,pusztainé,4,pusztai,/NOUN|[MRS]
teke,tekéné,1,teke,/NOUN|[MRS]
igazgató,igazgatóné,31,igazgató,/NOUN|[MRS]
test,testné,1,test,/NOUN|[MRS]
páva,páváné,3,páva,/NOUN|[MRS]
penicilus,penicilusné,1,penicilus,/NOUN|[MRS]
bornemissza,bornemisszáné,7,bornemissza,/NOUN|[MRS]
fejezet,fejezetné,1,fejezet,/NOUN|[MRS]
tevékenység,tevékenységné,1,tevékenység,/NOUN|[MRS]
dextrin,dextrinné,1,dextrin,/NOUN|[MRS]
ember,emberné,2,ember,/NOUN|[MRS]
sóvári,sóváriné,1,sóvári,/NOUN|[MRS]
terem,teremné,3,terem,/NOUN|[MRS]
adótiszt,adótisztné,8,adótiszt,/NOUN|[MRS]
penziós,penziósné,11,penziós,/NOUN|[MRS]
bula,buláné,1,bula,/NOUN|[MRS]
kofa,kofáné,1,kofa,/NOUN|[MRS]
karácsony,karácsonyné,6,karácsony,/NOUN|[MRS]
koma,kománé,15,koma,/NOUN|[MRS]
busa,busáné,1,busa,/NOUN|[MRS]
tanító,tanítóné,17,tanító,/NOUN|[MRS]
busó,busóné,1,busó,/NOUN|[MRS]
sakál,sakálné,3,sakál,/NOUN|[MRS]
buzi,buziné,25,buzi,/NOUN|[MRS]
huszár,huszárné,5,huszár,/NOUN|[MRS]
ország,országné,1,ország,/NOUN|[MRS]
páter,páterné,1,páter,/NOUN|[MRS]
homokkő,homokkőné,1,homokkő,/NOUN|[MRS]
pipiske,pipiskéné,21,pipiske,/NOUN|[MRS]
napisten,napistenné,5,napisten,/NOUN|[MRS]
énekes,énekesné,11,énekes,/NOUN|[MRS]
észlel,észlelné,9,észlel,/NOUN|[MRS]
öntet,öntetné,1,öntet,/NOUN|[MRS]
szennyes,szennyesné,3,szennyes,/NOUN|[MRS]
táborszernagy,táborszernagyné,1,táborszernagy,/NOUN|[MRS]
kasznár,kasznárné,21,kasznár,/NOUN|[MRS]
szeredás,szeredásné,1,szeredás,/NOUN|[MRS]
esztergályos,esztergályosné,1,esztergályos,/NOUN|[MRS]
henger,hengerné,1,henger,/NOUN|[MRS]
pelikán,pelikánné,1,pelikán,/NOUN|[MRS]
pakulár,pakulárné,1,pakulár,/NOUN|[MRS]
elérhetetlen,elérhetetlenné,10,elérhetetlen,/NOUN|[MRS]
páholynyitogató,páholynyitogatóné,4,páholynyitogató,/NOUN|[MRS]
pólya,pólyáné,1,pólya,/NOUN|[MRS]
bimbó,bimbóné,1,bimbó,/NOUN|[MRS]
kuli,kuliné,6,kuli,/NOUN|[MRS]
kupa,kupáné,2,kupa,/NOUN|[MRS]
lámpagyújtó,lámpagyújtóné,1,lámpagyújtó,/NOUN|[MRS]
kuss,kussné,7,kuss,/NOUN|[MRS]
gulyás,gulyásné,12,gulyás,/NOUN|[MRS]
szenátor,szenátorné,53,szenátor,/NOUN|[MRS]
nyomdász,nyomdászné,4,nyomdász,/NOUN|[MRS]
tengeri,tengeriné,2,tengeri,/NOUN|[MRS]
ortodox,ortodoxné,1,ortodox,/NOUN|[MRS]
tikmony,tikmonyné,1,tikmony,/NOUN|[MRS]
veret,veretné,5,veret,/NOUN|[MRS]
kanász,kanászné,3,kanász,/NOUN|[MRS]
kubai,kubainé,1,kubai,/NOUN|[MRS]
kubik,kubikné,7,kubik,/NOUN|[MRS]
szentes,szentesné,1,szentes,/NOUN|[MRS]
vendég,vendégné,3,vendég,/NOUN|[MRS]
angol,angolné,5,angol,/NOUN|[MRS]
állatorvos,állatorvosné,2,állatorvos,/NOUN|[MRS]
fogadós,fogadósné,35,fogadós,/NOUN|[MRS]
kamarás,kamarásné,4,kamarás,/NOUN|[MRS]
porta,portáné,2,porta,/NOUN|[MRS]
tuba,tubáné,14,tuba,/NOUN|[MRS]
fogadó,fogadóné,1,fogadó,/NOUN|[MRS]
hosszú,hosszúné,8,hosszú,/NOUN|[MRS]
uralkodó,uralkodóné,8,uralkodó,/NOUN|[MRS]
veréb,verébné,1,veréb,/NOUN|[MRS]
bujdosó,bujdosóné,7,bujdosó,/NOUN|[MRS]
keresztes,keresztesné,11,keresztes,/NOUN|[MRS]
csatak,csatakné,2,csatak,/NOUN|[MRS]
udvarmester,udvarmesterné,7,udvarmester,/NOUN|[MRS]
udvaros,udvarosné,7,udvaros,/NOUN|[MRS]
szamár,szamárné,1,szamár,/NOUN|[MRS]
favágó,favágóné,9,favágó,/NOUN|[MRS]
lehetetlen,lehetetlenné,15,lehetetlen,/NOUN|[MRS]
pópa,pópáné,6,pópa,/NOUN|[MRS]
szlovén,szlovénné,1,szlovén,/NOUN|[MRS]
villás,villásné,9,villás,/NOUN|[MRS]
idomár,idomárné,1,idomár,/NOUN|[MRS]
cent,centné,1,cent,/NOUN|[MRS]
vetés,vetésné,1,vetés,/NOUN|[MRS]
rolli,rolliné,1,rolli,/NOUN|[MRS]
hamvas,hamvasné,1,hamvas,/NOUN|[MRS]
sekrestyés,sekrestyésné,9,sekrestyés,/NOUN|[MRS]
munkaképtelen,munkaképtelenné,10,munkaképtelen,/NOUN|[MRS]
miniszter,miniszterné,12,miniszter,/NOUN|[MRS]
oxigén,oxigénné,6,oxigén,/NOUN|[MRS]
hitves,hitvesné,2,hitves,/NOUN|[MRS]
tekintetes,tekintetesné,1,tekintetes,/NOUN|[MRS]
kulcsár,kulcsárné,10,kulcsár,/NOUN|[MRS]
lakk,lakkné,4,lakk,/NOUN|[MRS]
lakó,lakóné,4,lakó,/NOUN|[MRS]
katonatiszt,katonatisztné,3,katonatiszt,/NOUN|[MRS]
mandula,manduláné,12,mandula,/NOUN|[MRS]
kugli,kugliné,3,kugli,/NOUN|[MRS]
kereszt,keresztné,1,kereszt,/NOUN|[MRS]
kosztos,kosztosné,1,kosztos,/NOUN|[MRS]
kereset,keresetné,1,kereset,/NOUN|[MRS]
helyszín,helyszínné,4,helyszín,/NOUN|[MRS]
országbíró,országbíróné,2,országbíró,/NOUN|[MRS]
kufár,kufárné,1,kufár,/NOUN|[MRS]
óbester,óbesterné,4,óbester,/NOUN|[MRS]
bacsó,bacsóné,15,bacsó,/NOUN|[MRS]
csausz,csauszné,2,csausz,/NOUN|[MRS]
tanfelügyelő,tanfelügyelőné,7,tanfelügyelő,/NOUN|[MRS]
trombitás,trombitásné,2,trombitás,/NOUN|[MRS]
rontó,rontóné,1,rontó,/NOUN|[MRS]
szarka,szarkáné,5,szarka,/NOUN|[MRS]
tárnok,tárnokné,1,tárnok,/NOUN|[MRS]
keresztény,keresztényné,3,keresztény,/NOUN|[MRS]
hárs,hársné,4,hárs,/NOUN|[MRS]
borkereskedő,borkereskedőné,2,borkereskedő,/NOUN|[MRS]
házi,háziné,1,házi,/NOUN|[MRS]
magtáros,magtárosné,1,magtáros,/NOUN|[MRS]
március,márciusné,2,március,/NOUN|[MRS]
vezér,vezérné,6,vezér,/NOUN|[MRS]
nyelv,nyelvné,1,nyelv,/NOUN|[MRS]
nyest,nyestné,1,nyest,/NOUN|[MRS]
érdemetlen,érdemetlenné,8,érdemetlen,/NOUN|[MRS]
kerékgyártó,kerékgyártóné,1,kerékgyártó,/NOUN|[MRS]
benzin,benzinné,3,benzin,/NOUN|[MRS]
román,románné,4,román,/NOUN|[MRS]
polgármester,polgármesterné,24,polgármester,/NOUN|[MRS]
hellén,hellénné,1,hellén,/NOUN|[MRS]
francia,franciáné,3,francia,/NOUN|[MRS]
hófúvás,hófúvásné,1,hófúvás,/NOUN|[MRS]
feledhetetlen,feledhetetlenné,11,feledhetetlen,/NOUN|[MRS]
cukrász,cukrászné,13,cukrász,/NOUN|[MRS]
püré,püréné,1,püré,/NOUN|[MRS]
pulyka,pulykáné,2,pulyka,/NOUN|[MRS]
vásáros,vásárosné,1,vásáros,/NOUN|[MRS]
fegyvertelen,fegyvertelenné,4,fegyvertelen,/NOUN|[MRS]
frank,frankné,5,frank,/NOUN|[MRS]
rosta,rostáné,2,rosta,/NOUN|[MRS]
rossz,rosszné,1,rossz,/NOUN|[MRS]
lantos,lantosné,17,lantos,/NOUN|[MRS]
csapos,csaposné,1,csapos,/NOUN|[MRS]
pergamen,pergamenné,2,pergamen,/NOUN|[MRS]
atilla,atilláné,1,atilla,/NOUN|[MRS]
főkonzul,főkonzulné,5,főkonzul,/NOUN|[MRS]
könyvtáros,könyvtárosné,4,könyvtáros,/NOUN|[MRS]
érinthetetlen,érinthetetlenné,6,érinthetetlen,/NOUN|[MRS]
hitlen,hitlenné,2,hitlen,/NOUN|[MRS]
hivatalnok,hivatalnokné,10,hivatalnok,/NOUN|[MRS]
pondró,pondróné,3,pondró,/NOUN|[MRS]
cupringer,cupringerné,2,cupringer,/NOUN|[MRS]
parányi,parányiné,16,parányi,/NOUN|[MRS]
előbbi,előbbiné,1,előbbi,/NOUN|[MRS]
cser,cserné,15,cser,/NOUN|[MRS]
cseh,csehné,19,cseh,/NOUN|[MRS]
filkó,filkóné,20,filkó,/NOUN|[MRS]
pásztor,pásztorné,22,pásztor,/NOUN|[MRS]
cérna,cérnáné,1,cérna,/NOUN|[MRS]
jurátus,jurátusné,1,jurátus,/NOUN|[MRS]
istentelen,istentelenné,7,istentelen,/NOUN|[MRS]
balog,balogné,14,balog,/NOUN|[MRS]
frizőr,frizőrné,2,frizőr,/NOUN|[MRS]
kontra,kontráné,2,kontra,/NOUN|[MRS]
kutya,kutyáné,2,kutya,/NOUN|[MRS]
vámos,vámosné,4,vámos,/NOUN|[MRS]
rózsa,rózsáné,9,rózsa,/NOUN|[MRS]
advent,adventné,1,advent,/NOUN|[MRS]
szitás,szitásné,1,szitás,/NOUN|[MRS]
lévita,lévitáné,1,lévita,/NOUN|[MRS]
lord,lordné,3,lord,/NOUN|[MRS]
bankó,bankóné,6,bankó,/NOUN|[MRS]
kutas,kutasné,2,kutas,/NOUN|[MRS]
vetélytárs,vetélytársné,2,vetélytárs,/NOUN|[MRS]
főorvos,főorvosné,7,főorvos,/NOUN|[MRS]
kőrös,kőrösné,5,kőrös,/NOUN|[MRS]
kegyes,kegyesné,6,kegyes,/NOUN|[MRS]
asztalos,asztalosné,12,asztalos,/NOUN|[MRS]
banán,banánné,5,banán,/NOUN|[MRS]
oldal,oldalné,2,oldal,/NOUN|[MRS]
csáp,csápné,1,csáp,/NOUN|[MRS]
szirén,szirénné,2,szirén,/NOUN|[MRS]
csík,csíkné,5,csík,/NOUN|[MRS]
csíz,csízné,2,csíz,/NOUN|[MRS]
friss,frissné,1,friss,/NOUN|[MRS]
hangya,hangyáné,1,hangya,/NOUN|[MRS]
alpolgármester,alpolgármesterné,1,alpolgármester,/NOUN|[MRS]
hideg,hidegné,1,hideg,/NOUN|[MRS]
hidas,hidasné,2,hidas,/NOUN|[MRS]
erdőőr,erdőőrné,2,erdőőr,/NOUN|[MRS]
zsivány,zsiványné,1,zsivány,/NOUN|[MRS]
vándor,vándorné,4,vándor,/NOUN|[MRS]
tüdős,tüdősné,4,tüdős,/NOUN|[MRS]
parlament,parlamentné,9,parlament,/NOUN|[MRS]
torma,tormáné,3,torma,/NOUN|[MRS]
barna,barnáné,12,barna,/NOUN|[MRS]
barkó,barkóné,2,barkó,/NOUN|[MRS]
esküdt,esküdtné,2,esküdt,/NOUN|[MRS]
gombos,gombosné,5,gombos,/NOUN|[MRS]
irály,irályné,2,irály,/NOUN|[MRS]
röntgen,röntgenné,1,röntgen,/NOUN|[MRS]
morzsa,morzsáné,2,morzsa,/NOUN|[MRS]
barát,barátné,15,barát,/NOUN|[MRS]
fakereskedő,fakereskedőné,1,fakereskedő,/NOUN|[MRS]
téglás,téglásné,1,téglás,/NOUN|[MRS]
csűr,csűrné,1,csűr,/NOUN|[MRS]
szabad,szabadné,1,szabad,/NOUN|[MRS]
szarvastehén,szarvastehénné,1,szarvastehén,/NOUN|[MRS]
bábsütő,bábsütőné,1,bábsütő,/NOUN|[MRS]
kömény,köményné,68,kömény,/NOUN|[MRS]
várúr,várúrné,1,várúr,/NOUN|[MRS]
ösztrogén,ösztrogénné,1,ösztrogén,/NOUN|[MRS]
zuboly,zubolyné,1,zuboly,/NOUN|[MRS]
cézár,cézárné,8,cézár,/NOUN|[MRS]
bodnár,bodnárné,26,bodnár,/NOUN|[MRS]
hadnagy,hadnagyné,8,hadnagy,/NOUN|[MRS]
főudvarmester,főudvarmesterné,3,főudvarmester,/NOUN|[MRS]
postamester,postamesterné,19,postamester,/NOUN|[MRS]
rektor,rektorné,18,rektor,/NOUN|[MRS]
dancs,dancsné,19,dancs,/NOUN|[MRS]
hadbiztos,hadbiztosné,1,hadbiztos,/NOUN|[MRS]
dalos,dalosné,1,dalos,/NOUN|[MRS]
sajtos,sajtosné,25,sajtos,/NOUN|[MRS]
élhetetlen,élhetetlenné,9,élhetetlen,/NOUN|[MRS]
dana,danáné,2,dana,/NOUN|[MRS]
utas,utasné,1,utas,/NOUN|[MRS]
gondviselő,gondviselőné,1,gondviselő,/NOUN|[MRS]
kegyelem,kegyelemné,1,kegyelem,/NOUN|[MRS]
utazó,utazóné,1,utazó,/NOUN|[MRS]
kondás,kondásné,3,kondás,/NOUN|[MRS]
mellék,mellékné,2,mellék,/NOUN|[MRS]
betegség,betegségné,1,betegség,/NOUN|[MRS]
kétéves,kétévesné,1,kétéves,/NOUN|[MRS]
pékmester,pékmesterné,1,pékmester,/NOUN|[MRS]
szalma,szalmáné,1,szalma,/NOUN|[MRS]
tüske,tüskéné,1,tüske,/NOUN|[MRS]
vánkos,vánkosné,2,vánkos,/NOUN|[MRS]
bagoly,bagolyné,2,bagoly,/NOUN|[MRS]
forgács,forgácsné,7,forgács,/NOUN|[MRS]
spleen,spleenné,1,spleen,/NOUN|[MRS]
deli,deliné,5,deli,/NOUN|[MRS]
szajkó,szajkóné,1,szajkó,/NOUN|[MRS]
kondor,kondorné,6,kondor,/NOUN|[MRS]
tiszttartó,tiszttartóné,10,tiszttartó,/NOUN|[MRS]
tengerésztiszt,tengerésztisztné,1,tengerésztiszt,/NOUN|[MRS]
harangozó,harangozóné,8,harangozó,/NOUN|[MRS]
százados,századosné,27,százados,/NOUN|[MRS]
palotás,palotásné,2,palotás,/NOUN|[MRS]
pintér,pintérné,8,pintér,/NOUN|[MRS]
fűszeres,fűszeresné,6,fűszeres,/NOUN|[MRS]
reform,reformné,5,reform,/NOUN|[MRS]
bajnok,bajnokné,3,bajnok,/NOUN|[MRS]
csöpp,csöppné,2,csöpp,/NOUN|[MRS]
tisztelendő,tisztelendőné,6,tisztelendő,/NOUN|[MRS]
kéményseprő,kéményseprőné,1,kéményseprő,/NOUN|[MRS]
kovács,kovácsné,29,kovács,/NOUN|[MRS]
bognár,bognárné,18,bognár,/NOUN|[MRS]
maga,magáné,1,maga,/NOUN|[MRS]
kéményseprö,kéményseprőné,1,kéményseprö,/NOUN|[MRS]
manó,manóné,17,manó,/NOUN|[MRS]
mari,mariné,1,mari,/NOUN|[MRS]
csináló,csinálóné,1,csináló,/NOUN|[MRS]
majoros,majorosné,15,majoros,/NOUN|[MRS]
dászkál,dászkálné,1,dászkál,/NOUN|[MRS]
járóka,járókáné,3,járóka,/NOUN|[MRS]
deák,deákné,14,deák,/NOUN|[MRS]
képviselő,képviselőné,6,képviselő,/NOUN|[MRS]
kancellár,kancellárné,8,kancellár,/NOUN|[MRS]
örmény,örményné,2,örmény,/NOUN|[MRS]
nádorispán,nádorispánné,6,nádorispán,/NOUN|[MRS]
metafizikus,metafizikusné,1,metafizikus,/NOUN|[MRS]
monolit,monolitné,1,monolit,/NOUN|[MRS]
szerkesztő,szerkesztőné,2,szerkesztő,/NOUN|[MRS]
fegyvermester,fegyvermesterné,3,fegyvermester,/NOUN|[MRS]
talpas,talpasné,1,talpas,/NOUN|[MRS]
borbély,borbélyné,21,borbély,/NOUN|[MRS]
ruhatáros,ruhatárosné,4,ruhatáros,/NOUN|[MRS]
mell,mellné,2,mell,/NOUN|[MRS]
örvény,örvényné,1,örvény,/NOUN|[MRS]
járásbíró,járásbíróné,9,járásbíró,/NOUN|[MRS]
mező,mezőné,3,mező,/NOUN|[MRS]
igazságügyminiszter,igazságügyminiszterné,1,igazságügyminiszter,/NOUN|[MRS]
diák,diákné,4,diák,/NOUN|[MRS]
virágkötő,virágkötőné,1,virágkötő,/NOUN|[MRS]
keserű,keserűné,4,keserű,/NOUN|[MRS]
való,valóné,1,való,/NOUN|[MRS]
zöld,zöldné,64,zöld,/NOUN|[MRS]
pátriárka,pátriárkáné,1,pátriárka,/NOUN|[MRS]
ismerős,ismerősné,1,ismerős,/NOUN|[MRS]
szomszéd,szomszédné,7,szomszéd,/NOUN|[MRS]
vendéglős,vendéglősné,30,vendéglős,/NOUN|[MRS]
kaszás,kaszásné,2,kaszás,/NOUN|[MRS]
dobó,dobóné,17,dobó,/NOUN|[MRS]
termesztés,termesztésné,1,termesztés,/NOUN|[MRS]
hidrogén,hidrogénné,4,hidrogén,/NOUN|[MRS]
inspektor,inspektorné,13,inspektor,/NOUN|[MRS]
leány,leányné,1,leány,/NOUN|[MRS]
zápor,záporné,2,zápor,/NOUN|[MRS]
hopmester,hopmesterné,1,hopmester,/NOUN|[MRS]
refrén,refrénné,3,refrén,/NOUN|[MRS]
borbíró,borbíróné,4,borbíró,/NOUN|[MRS]
vers,versné,1,vers,/NOUN|[MRS]
ráró,ráróné,1,ráró,/NOUN|[MRS]
verő,verőné,27,verő,/NOUN|[MRS]
népbiztos,népbiztosné,4,népbiztos,/NOUN|[MRS]
vevő,vevőné,1,vevő,/NOUN|[MRS]
fűzőkészítő,fűzőkészítőné,1,fűzőkészítő,/NOUN|[MRS]
fenyves,fenyvesné,1,fenyves,/NOUN|[MRS]
elvtárs,elvtársné,10,elvtárs,/NOUN|[MRS]
kaszab,kaszabné,7,kaszab,/NOUN|[MRS]
fővezér,fővezérné,4,fővezér,/NOUN|[MRS]
szilveszter,szilveszterné,7,szilveszter,/NOUN|[MRS]
házmester,házmesterné,13,házmester,/NOUN|[MRS]
földbirtokos,földbirtokosné,6,földbirtokos,/NOUN|[MRS]
füstös,füstösné,2,füstös,/NOUN|[MRS]
duci,duciné,1,duci,/NOUN|[MRS]
csizmás,csizmásné,2,csizmás,/NOUN|[MRS]
tábornok,tábornokné,17,tábornok,/NOUN|[MRS]
vice,vicéné,16,vice,/NOUN|[MRS]
vici,viciné,6,vici,/NOUN|[MRS]
hajdú,hajdúné,8,hajdú,/NOUN|[MRS]
szedet,szedetné,1,szedet,/NOUN|[MRS]
more,moréné,1,more,/NOUN|[MRS]
fabula,fabuláné,1,fabula,/NOUN|[MRS]
rabbinus,rabbinusné,1,rabbinus,/NOUN|[MRS]
mosó,mosóné,18,mosó,/NOUN|[MRS]
püspök,püspökné,7,püspök,/NOUN|[MRS]
altiszt,altisztné,9,altiszt,/NOUN|[MRS]
bűnhődés,bűnhődésné,1,bűnhődés,/NOUN|[MRS]
üveges,üvegesné,3,üveges,/NOUN|[MRS]
surján,surjánné,1,surján,/NOUN|[MRS]
halas,halasné,15,halas,/NOUN|[MRS]
szégyen,szégyenné,10,szégyen,/NOUN|[MRS]
hétszemélynök,hétszemélynökné,2,hétszemélynök,/NOUN|[MRS]
töltet,töltetné,1,töltet,/NOUN|[MRS]
nevelő,nevelőné,4,nevelő,/NOUN|[MRS]
jószágigazgató,jószágigazgatóné,1,jószágigazgató,/NOUN|[MRS]
keresetképtelen,keresetképtelenné,5,keresetképtelen,/NOUN|[MRS]
végtelen,végtelenné,11,végtelen,/NOUN|[MRS]
rész,részné,1,rész,/NOUN|[MRS]
császár,császárné,137,császár,/NOUN|[MRS]
ápoló,ápolóné,7,ápoló,/NOUN|[MRS]
várnagy,várnagyné,4,várnagy,/NOUN|[MRS]
kisiparos,kisiparosné,2,kisiparos,/NOUN|[MRS]
perkál,perkálné,36,perkál,/NOUN|[MRS]
muci,muciné,2,muci,/NOUN|[MRS]
halál,halálné,5,halál,/NOUN|[MRS]
exkirály,exkirályné,4,exkirály,/NOUN|[MRS]
kocsmáros,kocsmárosné,15,kocsmáros,/NOUN|[MRS]
prefektus,prefektusné,1,prefektus,/NOUN|[MRS]
hajós,hajósné,3,hajós,/NOUN|[MRS]
markotányos,markotányosné,5,markotányos,/NOUN|[MRS]
trónörökös,trónörökösné,22,trónörökös,/NOUN|[MRS]
ács,ácsné,18,ács,/NOUN|[MRS]
cserge,csergéné,1,cserge,/NOUN|[MRS]
szász,szászné,7,szász,/NOUN|[MRS]
segédlelkész,segédlelkészné,3,segédlelkész,/NOUN|[MRS]
cseres,cseresné,11,cseres,/NOUN|[MRS]
sugár,sugárné,10,sugár,/NOUN|[MRS]
független,függetlenné,17,független,/NOUN|[MRS]
cséplő,cséplőné,1,cséplő,/NOUN|[MRS]
őrnagy,őrnagyné,13,őrnagy,/NOUN|[MRS]
főző,főzőné,5,főző,/NOUN|[MRS]
vadász,vadászné,12,vadász,/NOUN|[MRS]
kenet,kenetné,3,kenet,/NOUN|[MRS]
kölcsön,kölcsönné,2,kölcsön,/NOUN|[MRS]
főszakács,főszakácsné,3,főszakács,/NOUN|[MRS]
liszt,lisztné,1,liszt,/NOUN|[MRS]
főparancsnok,főparancsnokné,1,főparancsnok,/NOUN|[MRS]
mikádó,mikádóné,1,mikádó,/NOUN|[MRS]
kende,kendéné,35,kende,/NOUN|[MRS]
gáncs,gáncsné,19,gáncs,/NOUN|[MRS]
bajusz,bajuszné,3,bajusz,/NOUN|[MRS]
röptet,röptetné,1,röptet,/NOUN|[MRS]
véletlen,véletlenné,5,véletlen,/NOUN|[MRS]
kakukk,kakukkné,1,kakukk,/NOUN|[MRS]
ében,ébenné,1,ében,/NOUN|[MRS]
haskó,haskóné,1,haskó,/NOUN|[MRS]
katona,katonáné,27,katona,/NOUN|[MRS]
viceházmester,viceházmesterné,5,viceházmester,/NOUN|[MRS]
deficit,deficitné,1,deficit,/NOUN|[MRS]
levélhordó,levélhordóné,1,levélhordó,/NOUN|[MRS]
venyige,venyigéné,2,venyige,/NOUN|[MRS]
kantinos,kantinosné,8,kantinos,/NOUN|[MRS]
honvédtiszt,honvédtisztné,1,honvédtiszt,/NOUN|[MRS]
havas,havasné,2,havas,/NOUN|[MRS]
édes,édesné,1,édes,/NOUN|[MRS]
éden,édenné,9,éden,/NOUN|[MRS]
róka,rókáné,90,róka,/NOUN|[MRS]
kenéz,kenézné,2,kenéz,/NOUN|[MRS]
fekete,feketéné,24,fekete,/NOUN|[MRS]
győző,győzőné,17,győző,/NOUN|[MRS]
nagykövet,nagykövetné,6,nagykövet,/NOUN|[MRS]
rekettye,rekettyéné,1,rekettye,/NOUN|[MRS]
ebéd,ebédné,3,ebéd,/NOUN|[MRS]
határ,határné,1,határ,/NOUN|[MRS]
medve,medvéné,3,medve,/NOUN|[MRS]
magyar,magyarné,23,magyar,/NOUN|[MRS]
felföldi,felföldiné,2,felföldi,/NOUN|[MRS]
nagy,nagyné,16,nagy,/NOUN|[MRS]
naiv,naivné,1,naiv,/NOUN|[MRS]
egri,egriné,4,egri,/NOUN|[MRS]
hermelin,hermelinné,1,hermelin,/NOUN|[MRS]
radnóti,radnótiné,2,radnóti,/NOUN|[MRS]
nagygazda,nagygazdáné,5,nagygazda,/NOUN|[MRS]
udvari,udvariné,2,udvari,/NOUN|[MRS]
szatócs,szatócsné,12,szatócs,/NOUN|[MRS]
ladik,ladikné,4,ladik,/NOUN|[MRS]
lövet,lövetné,3,lövet,/NOUN|[MRS]
doktor,doktorné,14,doktor,/NOUN|[MRS]
hólyag,hólyagné,10,hólyag,/NOUN|[MRS]
író,íróné,2,író,/NOUN|[MRS]
egér,egérné,3,egér,/NOUN|[MRS]
gomba,gombáné,1,gomba,/NOUN|[MRS]
kovácsmester,kovácsmesterné,1,kovácsmester,/NOUN|[MRS]
elme,elméné,2,elme,/NOUN|[MRS]
élet,életné,1,élet,/NOUN|[MRS]
futballbíró,futballbíróné,4,futballbíró,/NOUN|[MRS]
úristen,úristenné,1,úristen,/NOUN|[MRS]
ménes,ménesné,1,ménes,/NOUN|[MRS]
menta,mentáné,1,menta,/NOUN|[MRS]
intéző,intézőné,7,intéző,/NOUN|[MRS]
fenomén,fenoménné,3,fenomén,/NOUN|[MRS]
börtön,börtönné,13,börtön,/NOUN|[MRS]
gázsi,gázsiné,1,gázsi,/NOUN|[MRS]
menet,menetné,1,menet,/NOUN|[MRS]
főkertész,főkertészné,2,főkertész,/NOUN|[MRS]
főbíró,főbíróné,11,főbíró,/NOUN|[MRS]
uraság,uraságné,1,uraság,/NOUN|[MRS]
rendőr,rendőrné,1,rendőr,/NOUN|[MRS]
ügyész,ügyészné,2,ügyész,/NOUN|[MRS]
csupor,csuporné,10,csupor,/NOUN|[MRS]
eper,eperné,3,eper,/NOUN|[MRS]
székács,székácsné,12,székács,/NOUN|[MRS]
kereskedő,kereskedőné,8,kereskedő,/NOUN|[MRS]
csukás,csukásné,1,csukás,/NOUN|[MRS]
polgártárs,polgártársné,4,polgártárs,/NOUN|[MRS]
főkamarás,főkamarásné,2,főkamarás,/NOUN|[MRS]
emír,emírné,1,emír,/NOUN|[MRS]
eleven,elevenné,13,eleven,/NOUN|[MRS]
fuvaros,fuvarosné,1,fuvaros,/NOUN|[MRS]
gyulai,gyulainé,20,gyulai,/NOUN|[MRS]
templomszolga,templomszolgáné,1,templomszolga,/NOUN|[MRS]
méret,méretné,1,méret,/NOUN|[MRS]
kopasz,kopaszné,1,kopasz,/NOUN|[MRS]
asszony,asszonyné,1,asszony,/NOUN|[MRS]
fürkész,fürkészné,9,fürkész,/NOUN|[MRS]
jámbor,jámborné,6,jámbor,/NOUN|[MRS]
tanácsos,tanácsosné,82,tanácsos,/NOUN|[MRS]
lakos,lakosné,1,lakos,/NOUN|[MRS]
barátnő,barátnőné,4,barátnő,/NOUN|[MRS]
roller,rollerné,1,roller,/NOUN|[MRS]
szövő,szövőné,1,szövő,/NOUN|[MRS]
fűszerkereskedő,fűszerkereskedőné,1,fűszerkereskedő,/NOUN|[MRS]
gépszín,gépszínné,1,gépszín,/NOUN|[MRS]
méter,méterné,1,méter,/NOUN|[MRS]
kádár,kádárné,17,kádár,/NOUN|[MRS]
modern,modernné,10,modern,/NOUN|[MRS]
hamburger,hamburgerné,2,hamburger,/NOUN|[MRS]
hentes,hentesné,14,hentes,/NOUN|[MRS]
csatlós,csatlósné,1,csatlós,/NOUN|[MRS]
éves,évesné,1,éves,/NOUN|[MRS]
prior,priorné,2,prior,/NOUN|[MRS]
csődör,csődörné,3,csődör,/NOUN|[MRS]
rendetlen,rendetlenné,7,rendetlen,/NOUN|[MRS]
násznagy,násznagyné,5,násznagy,/NOUN|[MRS]
kunszt,kunsztné,1,kunszt,/NOUN|[MRS]
madarász,madarászné,9,madarász,/NOUN|[MRS]
foglár,foglárné,11,foglár,/NOUN|[MRS]
pajkos,pajkosné,3,pajkos,/NOUN|[MRS]
piros,pirosné,2,piros,/NOUN|[MRS]
gazdag,gazdagné,3,gazdag,/NOUN|[MRS]
ipszilon,ipszilonné,1,ipszilon,/NOUN|[MRS]
gonosz,gonoszné,17,gonosz,/NOUN|[MRS]
kánya,kányáné,1,kánya,/NOUN|[MRS]
üst,üstné,1,üst,/NOUN|[MRS]
átmetszet,átmetszetné,1,átmetszet,/NOUN|[MRS]
ütő,ütőné,5,ütő,/NOUN|[MRS]
pardon,pardonné,3,pardon,/NOUN|[MRS]
elnökhelyettes,elnökhelyettesné,3,elnökhelyettes,/NOUN|[MRS]
bugyi,bugyiné,1,bugyi,/NOUN|[MRS]
szüle,szüléné,18,szüle,/NOUN|[MRS]
mézga,mézgáné,1,mézga,/NOUN|[MRS]
mézes,mézesné,66,mézes,/NOUN|[MRS]
lator,latorné,4,lator,/NOUN|[MRS]
lassú,lassúné,4,lassú,/NOUN|[MRS]
varázsló,varázslóné,1,varázsló,/NOUN|[MRS]
alezredes,alezredesné,5,alezredes,/NOUN|[MRS]
masiniszta,masinisztáné,2,masiniszta,/NOUN|[MRS]
békétlen,békétlenné,3,békétlen,/NOUN|[MRS]
üzletes,üzletesné,2,üzletes,/NOUN|[MRS]
útitárs,útitársné,1,útitárs,/NOUN|[MRS]
kocsi,kocsiné,1,kocsi,/NOUN|[MRS]
vendégmunkás,vendégmunkásné,3,vendégmunkás,/NOUN|[MRS]
zrínyi,zrínyiné,39,zrínyi,/NOUN|[MRS]
milliárdos,milliárdosné,2,milliárdos,/NOUN|[MRS]
trafikos,trafikosné,14,trafikos,/NOUN|[MRS]
bulla,bulláné,1,bulla,/NOUN|[MRS]
muszka,muszkáné,1,muszka,/NOUN|[MRS]
faszén,faszénné,4,faszén,/NOUN|[MRS]
küldönc,küldöncné,1,küldönc,/NOUN|[MRS]
névtelen,névtelenné,9,névtelen,/NOUN|[MRS]
fiskális,fiskálisné,3,fiskális,/NOUN|[MRS]
menyét,menyétné,1,menyét,/NOUN|[MRS]
prókátor,prókátorné,6,prókátor,/NOUN|[MRS]
pötty,pöttyné,1,pötty,/NOUN|[MRS]
minden,mindenné,13,minden,/NOUN|[MRS]
homoki,homokiné,13,homoki,/NOUN|[MRS]
szegedi,szegediné,8,szegedi,/NOUN|[MRS]
főhadnagy,főhadnagyné,5,főhadnagy,/NOUN|[MRS]
nyír,nyírné,2,nyír,/NOUN|[MRS]
bába,bábáné,1,bába,/NOUN|[MRS]
szultán,szultánné,10,szultán,/NOUN|[MRS]
nyúl,nyúlné,7,nyúl,/NOUN|[MRS]
májas,májasné,1,májas,/NOUN|[MRS]
takaró,takaróné,10,takaró,/NOUN|[MRS]
bárd,bárdné,4,bárd,/NOUN|[MRS]
káreset,káresetné,1,káreset,/NOUN|[MRS]
panziós,panziósné,2,panziós,/NOUN|[MRS]
báró,báróné,53,báró,/NOUN|[MRS]
porkoláb,porkolábné,9,porkoláb,/NOUN|[MRS]
adjunktus,adjunktusné,1,adjunktus,/NOUN|[MRS]
debreceni,debreceniné,1,debreceni,/NOUN|[MRS]
kombi,kombiné,12,kombi,/NOUN|[MRS]
csapláros,csaplárosné,28,csapláros,/NOUN|[MRS]
kólya,kólyáné,2,kólya,/NOUN|[MRS]
csutak,csutakné,3,csutak,/NOUN|[MRS]
halász,halászné,22,halász,/NOUN|[MRS]
elégedetlen,elégedetlenné,8,elégedetlen,/NOUN|[MRS]
ámen,ámenné,2,ámen,/NOUN|[MRS]
mákos,mákosné,49,mákos,/NOUN|[MRS]
egyed,egyedné,4,egyed,/NOUN|[MRS]
ördög,ördögné,6,ördög,/NOUN|[MRS]
csordás,csordásné,5,csordás,/NOUN|[MRS]
őrmester,őrmesterné,5,őrmester,/NOUN|[MRS]
jobbágy,jobbágyné,7,jobbágy,/NOUN|[MRS]
mobil,mobilné,1,mobil,/NOUN|[MRS]
sebes,sebesné,3,sebes,/NOUN|[MRS]
mosómedve,mosómedvéné,1,mosómedve,/NOUN|[MRS]
darabont,darabontné,1,darabont,/NOUN|[MRS]
program,programné,1,program,/NOUN|[MRS]
kávés,kávésné,9,kávés,/NOUN|[MRS]
trapp,trappné,3,trapp,/NOUN|[MRS]
számtiszt,számtisztné,5,számtiszt,/NOUN|[MRS]
elégületlen,elégületlenné,2,elégületlen,/NOUN|[MRS]
dudás,dudásné,11,dudás,/NOUN|[MRS]
helytartó,helytartóné,1,helytartó,/NOUN|[MRS]
áldozó,áldozóné,1,áldozó,/NOUN|[MRS]
finn,finnné,1,finn,/NOUN|[MRS]
firn,firnné,2,firn,/NOUN|[MRS]
fényözön,fényözönné,1,fényözön,/NOUN|[MRS]
dohányos,dohányosné,10,dohányos,/NOUN|[MRS]
tiszteletes,tiszteletesné,8,tiszteletes,/NOUN|[MRS]
odor,odorné,6,odor,/NOUN|[MRS]
finánc,fináncné,1,finánc,/NOUN|[MRS]
pajor,pajorné,2,pajor,/NOUN|[MRS]
kabinos,kabinosné,2,kabinos,/NOUN|[MRS]
labdacs,labdacsné,11,labdacs,/NOUN|[MRS]
masszírozó,masszírozóné,1,masszírozó,/NOUN|[MRS]
molnár,molnárné,27,molnár,/NOUN|[MRS]
káka,kákáné,2,káka,/NOUN|[MRS]
kása,kásáné,1,kása,/NOUN|[MRS]
egyén,egyénné,11,egyén,/NOUN|[MRS]
köntös,köntösné,3,köntös,/NOUN|[MRS]
révész,révészné,5,révész,/NOUN|[MRS]
sereg,seregné,1,sereg,/NOUN|[MRS]
viola,violáné,41,viola,/NOUN|[MRS]
gyula,gyuláné,23,gyula,/NOUN|[MRS]
piszok,piszokné,1,piszok,/NOUN|[MRS]
török,törökné,26,török,/NOUN|[MRS]
búza,búzáné,3,búza,/NOUN|[MRS]
világ,világné,6,világ,/NOUN|[MRS]
iparos,iparosné,7,iparos,/NOUN|[MRS]
főnök,főnökné,29,főnök,/NOUN|[MRS]
táncmester,táncmesterné,1,táncmester,/NOUN|[MRS]
háború,háborúné,1,háború,/NOUN|[MRS]
ütés,ütésné,1,ütés,/NOUN|[MRS]
virág,virágné,20,virág,/NOUN|[MRS]
vizes,vizesné,1,vizes,/NOUN|[MRS]
betyár,betyárné,1,betyár,/NOUN|[MRS]
pali,paliné,5,pali,/NOUN|[MRS]
saláta,salátáné,5,saláta,/NOUN|[MRS]
vitéz,vitézné,1,vitéz,/NOUN|[MRS]
munkás,munkásné,2,munkás,/NOUN|[MRS]
nitrogén,nitrogénné,7,nitrogén,/NOUN|[MRS]
erdész,erdészné,19,erdész,/NOUN|[MRS]
csempész,csempészné,3,csempész,/NOUN|[MRS]
pete,peténé,1,pete,/NOUN|[MRS]
vörös,vörösné,23,vörös,/NOUN|[MRS]
hajnal,hajnalné,7,hajnal,/NOUN|[MRS]
lelkész,lelkészné,13,lelkész,/NOUN|[MRS]
