árok,árokmentes,1,árok,/NOUN|[NEG_ATTRIB2]
árny,árnymentes,3,árny,/NOUN|[NEG_ATTRIB2]
olcsóság,olcsóságmentes,1,olcsóság,/NOUN|[NEG_ATTRIB2]
zsiradék,zsiradékmentes,1,zsiradék,/NOUN|[NEG_ATTRIB2]
megnyilvánulás,megnyilvánulásmentes,1,megnyilvánulás,/NOUN|[NEG_ATTRIB2]
korcs,korcsmentes,1,korcs,/NOUN|[NEG_ATTRIB2]
közteher,köztehermentes,2,közteher,/NOUN|[NEG_ATTRIB2]
korpa,korpamentes,1,korpa,/NOUN|[NEG_ATTRIB2]
korom,korommentes,8,korom,/NOUN|[NEG_ATTRIB2]
értékítélet,értékítéletmentes,2,értékítélet,/NOUN|[NEG_ATTRIB2]
dugulás,dugulásmentes,4,dugulás,/NOUN|[NEG_ATTRIB2]
folt,foltmentes,3,folt,/NOUN|[NEG_ATTRIB2]
spekuláció,spekulációmentes,1,spekuláció,/NOUN|[NEG_ATTRIB2]
fa,famentes,86,fa,/NOUN|[NEG_ATTRIB2]
la,lamentes,1,la,/NOUN|[NEG_ATTRIB2]
hó,hómentes,10,hó,/NOUN|[NEG_ATTRIB2]
fű,fűmentes,1,fű,/NOUN|[NEG_ATTRIB2]
ok,okmentes,1,ok,/NOUN|[NEG_ATTRIB2]
hő,hőmentes,1,hő,/NOUN|[NEG_ATTRIB2]
kő,kőmentes,2,kő,/NOUN|[NEG_ATTRIB2]
nő,nőmentes,1,nő,/NOUN|[NEG_ATTRIB2]
só,sómentes,5,só,/NOUN|[NEG_ATTRIB2]
tó,tómentes,3,tó,/NOUN|[NEG_ATTRIB2]
növény,növénymentes,2,növény,/NOUN|[NEG_ATTRIB2]
kavics,kavicsmentes,4,kavics,/NOUN|[NEG_ATTRIB2]
fogyatékosság,fogyatékosságmentes,2,fogyatékosság,/NOUN|[NEG_ATTRIB2]
lejtés,lejtésmentes,1,lejtés,/NOUN|[NEG_ATTRIB2]
olaj,olajmentes,2,olaj,/NOUN|[NEG_ATTRIB2]
dőlés,dőlésmentes,1,dőlés,/NOUN|[NEG_ATTRIB2]
aszfalt,aszfaltmentes,1,aszfalt,/NOUN|[NEG_ATTRIB2]
ólom,ólommentes,10,ólom,/NOUN|[NEG_ATTRIB2]
rezgés,rezgésmentes,5,rezgés,/NOUN|[NEG_ATTRIB2]
tömeg,tömegmentes,1,tömeg,/NOUN|[NEG_ATTRIB2]
alakváltozás,alakváltozásmentes,1,alakváltozás,/NOUN|[NEG_ATTRIB2]
bütyök,bütyökmentes,1,bütyök,/NOUN|[NEG_ATTRIB2]
ammónia,ammóniamentes,1,ammónia,/NOUN|[NEG_ATTRIB2]
ág,ágmentes,2,ág,/NOUN|[NEG_ATTRIB2]
ár,ármentes,49,ár,/NOUN|[NEG_ATTRIB2]
fantázia,fantáziamentes,2,fantázia,/NOUN|[NEG_ATTRIB2]
ér,érmentes,1,ér,/NOUN|[NEG_ATTRIB2]
úr,úrmentes,1,úr,/NOUN|[NEG_ATTRIB2]
választás,választásmentes,1,választás,/NOUN|[NEG_ATTRIB2]
katasztrófa,katasztrófamentes,2,katasztrófa,/NOUN|[NEG_ATTRIB2]
papír,papírmentes,7,papír,/NOUN|[NEG_ATTRIB2]
oroszlán,oroszlánmentes,1,oroszlán,/NOUN|[NEG_ATTRIB2]
vihar,viharmentes,9,vihar,/NOUN|[NEG_ATTRIB2]
járulék,járulékmentes,2,járulék,/NOUN|[NEG_ATTRIB2]
ékezet,ékezetmentes,1,ékezet,/NOUN|[NEG_ATTRIB2]
hajszálrepedés,hajszálrepedésmentes,1,hajszálrepedés,/NOUN|[NEG_ATTRIB2]
idegeskedés,idegeskedésmentes,1,idegeskedés,/NOUN|[NEG_ATTRIB2]
díszítés,díszítésmentes,1,díszítés,/NOUN|[NEG_ATTRIB2]
skorbut,skorbutmentes,1,skorbut,/NOUN|[NEG_ATTRIB2]
sérülés,sérülésmentes,9,sérülés,/NOUN|[NEG_ATTRIB2]
szuverenitás,szuverenitásmentes,1,szuverenitás,/NOUN|[NEG_ATTRIB2]
politikus,politikusmentes,1,politikus,/NOUN|[NEG_ATTRIB2]
összeütközés,összeütközésmentes,1,összeütközés,/NOUN|[NEG_ATTRIB2]
sopánkodás,sopánkodásmentes,1,sopánkodás,/NOUN|[NEG_ATTRIB2]
arany,aranymentes,1,arany,/NOUN|[NEG_ATTRIB2]
transzparens,transzparensmentes,2,transzparens,/NOUN|[NEG_ATTRIB2]
ostrom,ostrommentes,1,ostrom,/NOUN|[NEG_ATTRIB2]
diszperzió,diszperziómentes,1,diszperzió,/NOUN|[NEG_ATTRIB2]
kamera,kameramentes,1,kamera,/NOUN|[NEG_ATTRIB2]
törek,törekmentes,1,törek,/NOUN|[NEG_ATTRIB2]
tévé,tévémentes,4,tévé,/NOUN|[NEG_ATTRIB2]
morál,morálmentes,1,morál,/NOUN|[NEG_ATTRIB2]
mozgalom,mozgalommentes,1,mozgalom,/NOUN|[NEG_ATTRIB2]
árnyék,árnyékmentes,6,árnyék,/NOUN|[NEG_ATTRIB2]
tűzkő,tűzkőmentes,3,tűzkő,/NOUN|[NEG_ATTRIB2]
fáradság,fáradságmentes,1,fáradság,/NOUN|[NEG_ATTRIB2]
tized,tizedmentes,2,tized,/NOUN|[NEG_ATTRIB2]
jezsuita,jezsuitamentes,1,jezsuita,/NOUN|[NEG_ATTRIB2]
nyelvjárás,nyelvjárásmentes,1,nyelvjárás,/NOUN|[NEG_ATTRIB2]
összeköttetés,összeköttetésmentes,3,összeköttetés,/NOUN|[NEG_ATTRIB2]
törés,törésmentes,11,törés,/NOUN|[NEG_ATTRIB2]
tapadás,tapadásmentes,1,tapadás,/NOUN|[NEG_ATTRIB2]
török,törökmentes,3,török,/NOUN|[NEG_ATTRIB2]
üreg,üregmentes,1,üreg,/NOUN|[NEG_ATTRIB2]
tövis,tövismentes,1,tövis,/NOUN|[NEG_ATTRIB2]
világ,világmentes,1,világ,/NOUN|[NEG_ATTRIB2]
hasadék,hasadékmentes,1,hasadék,/NOUN|[NEG_ATTRIB2]
vérsejt,vérsejtmentes,1,vérsejt,/NOUN|[NEG_ATTRIB2]
jövedelemadó,jövedelemadómentes,1,jövedelemadó,/NOUN|[NEG_ATTRIB2]
ideológia,ideológiamentes,10,ideológia,/NOUN|[NEG_ATTRIB2]
kontraszt,kontrasztmentes,1,kontraszt,/NOUN|[NEG_ATTRIB2]
vírus,vírusmentes,14,vírus,/NOUN|[NEG_ATTRIB2]
mandulagyulladás,mandulagyulladásmentes,1,mandulagyulladás,/NOUN|[NEG_ATTRIB2]
üldözés,üldözésmentes,1,üldözés,/NOUN|[NEG_ATTRIB2]
megrázkódtatás,megrázkódtatásmentes,2,megrázkódtatás,/NOUN|[NEG_ATTRIB2]
erőszak,erőszakmentes,19,erőszak,/NOUN|[NEG_ATTRIB2]
frázis,frázismentes,2,frázis,/NOUN|[NEG_ATTRIB2]
diskurzus,diskurzusmentes,1,diskurzus,/NOUN|[NEG_ATTRIB2]
élesztő,élesztőmentes,1,élesztő,/NOUN|[NEG_ATTRIB2]
veszély,veszélymentes,4,veszély,/NOUN|[NEG_ATTRIB2]
szocialista,szocialistamentes,1,szocialista,/NOUN|[NEG_ATTRIB2]
parlagfű,parlagfűmentes,1,parlagfű,/NOUN|[NEG_ATTRIB2]
indukció,indukciómentes,1,indukció,/NOUN|[NEG_ATTRIB2]
háború,háborúmentes,3,háború,/NOUN|[NEG_ATTRIB2]
zavargás,zavargásmentes,1,zavargás,/NOUN|[NEG_ATTRIB2]
ütés,ütésmentes,2,ütés,/NOUN|[NEG_ATTRIB2]
árvíz,árvízmentes,8,árvíz,/NOUN|[NEG_ATTRIB2]
vizsga,vizsgamentes,1,vizsga,/NOUN|[NEG_ATTRIB2]
konfliktus,konfliktusmentes,10,konfliktus,/NOUN|[NEG_ATTRIB2]
kürt,kürtmentes,1,kürt,/NOUN|[NEG_ATTRIB2]
vízgőz,vízgőzmentes,4,vízgőz,/NOUN|[NEG_ATTRIB2]
stressz,stresszmentes,12,stressz,/NOUN|[NEG_ATTRIB2]
büntetés,büntetésmentes,2,büntetés,/NOUN|[NEG_ATTRIB2]
tandíj,tandíjmentes,8,tandíj,/NOUN|[NEG_ATTRIB2]
vízum,vízummentes,5,vízum,/NOUN|[NEG_ATTRIB2]
tempera,temperamentes,1,tempera,/NOUN|[NEG_ATTRIB2]
karrier,karriermentes,1,karrier,/NOUN|[NEG_ATTRIB2]
szünet,szünetmentes,27,szünet,/NOUN|[NEG_ATTRIB2]
pragmatika,pragmatikamentes,1,pragmatika,/NOUN|[NEG_ATTRIB2]
érintkezés,érintkezésmentes,1,érintkezés,/NOUN|[NEG_ATTRIB2]
szakszervezet,szakszervezetmentes,1,szakszervezet,/NOUN|[NEG_ATTRIB2]
angyal,angyalmentes,1,angyal,/NOUN|[NEG_ATTRIB2]
konvenció,konvenciómentes,2,konvenció,/NOUN|[NEG_ATTRIB2]
laktóz,laktózmentes,1,laktóz,/NOUN|[NEG_ATTRIB2]
vízér,vízérmentes,3,vízér,/NOUN|[NEG_ATTRIB2]
gátlás,gátlásmentes,1,gátlás,/NOUN|[NEG_ATTRIB2]
elfordulás,elfordulásmentes,1,elfordulás,/NOUN|[NEG_ATTRIB2]
kontextus,kontextusmentes,2,kontextus,/NOUN|[NEG_ATTRIB2]
varrat,varratmentes,1,varrat,/NOUN|[NEG_ATTRIB2]
cigaretta,cigarettamentes,1,cigaretta,/NOUN|[NEG_ATTRIB2]
zománc,zománcmentes,1,zománc,/NOUN|[NEG_ATTRIB2]
korrupció,korrupciómentes,4,korrupció,/NOUN|[NEG_ATTRIB2]
szénhidrát,szénhidrátmentes,4,szénhidrát,/NOUN|[NEG_ATTRIB2]
ütköző,ütközőmentes,1,ütköző,/NOUN|[NEG_ATTRIB2]
erózió,eróziómentes,1,erózió,/NOUN|[NEG_ATTRIB2]
térítés,térítésmentes,9,térítés,/NOUN|[NEG_ATTRIB2]
ihlet,ihletmentes,1,ihlet,/NOUN|[NEG_ATTRIB2]
kórház,kórházmentes,1,kórház,/NOUN|[NEG_ATTRIB2]
erősítés,erősítésmentes,1,erősítés,/NOUN|[NEG_ATTRIB2]
élmény,élménymentes,2,élmény,/NOUN|[NEG_ATTRIB2]
politika,politikamentes,10,politika,/NOUN|[NEG_ATTRIB2]
szezon,szezonmentes,1,szezon,/NOUN|[NEG_ATTRIB2]
honvédelem,honvédelemmentes,1,honvédelem,/NOUN|[NEG_ATTRIB2]
hatékonyság,hatékonyságmentes,1,hatékonyság,/NOUN|[NEG_ATTRIB2]
pántlika,pántlikamentes,1,pántlika,/NOUN|[NEG_ATTRIB2]
betörés,betörésmentes,2,betörés,/NOUN|[NEG_ATTRIB2]
vitamin,vitaminmentes,1,vitamin,/NOUN|[NEG_ATTRIB2]
lázadás,lázadásmentes,2,lázadás,/NOUN|[NEG_ATTRIB2]
huzat,huzatmentes,11,huzat,/NOUN|[NEG_ATTRIB2]
szalmonella,szalmonellamentes,1,szalmonella,/NOUN|[NEG_ATTRIB2]
sovinizmus,sovinizmusmentes,1,sovinizmus,/NOUN|[NEG_ATTRIB2]
pártpolitika,pártpolitikamentes,8,pártpolitika,/NOUN|[NEG_ATTRIB2]
líra,líramentes,1,líra,/NOUN|[NEG_ATTRIB2]
leigázás,leigázásmentes,1,leigázás,/NOUN|[NEG_ATTRIB2]
hadiadó,hadiadómentes,1,hadiadó,/NOUN|[NEG_ATTRIB2]
tejtermék,tejtermékmentes,2,tejtermék,/NOUN|[NEG_ATTRIB2]
sátán,sátánmentes,3,sátán,/NOUN|[NEG_ATTRIB2]
glutén,gluténmentes,8,glutén,/NOUN|[NEG_ATTRIB2]
hiány,hiánymentes,1,hiány,/NOUN|[NEG_ATTRIB2]
megalkuvás,megalkuvásmentes,7,megalkuvás,/NOUN|[NEG_ATTRIB2]
monopólium,monopóliummentes,6,monopólium,/NOUN|[NEG_ATTRIB2]
tartozás,tartozásmentes,1,tartozás,/NOUN|[NEG_ATTRIB2]
reakció,reakciómentes,1,reakció,/NOUN|[NEG_ATTRIB2]
uralkodás,uralkodásmentes,1,uralkodás,/NOUN|[NEG_ATTRIB2]
csillag,csillagmentes,1,csillag,/NOUN|[NEG_ATTRIB2]
országgyűlés,országgyűlésmentes,1,országgyűlés,/NOUN|[NEG_ATTRIB2]
fikció,fikciómentes,3,fikció,/NOUN|[NEG_ATTRIB2]
forrás,forrásmentes,5,forrás,/NOUN|[NEG_ATTRIB2]
eksztázis,eksztázismentes,1,eksztázis,/NOUN|[NEG_ATTRIB2]
fenntartás,fenntartásmentes,1,fenntartás,/NOUN|[NEG_ATTRIB2]
konkurencia,konkurenciamentes,1,konkurencia,/NOUN|[NEG_ATTRIB2]
azbeszt,azbesztmentes,3,azbeszt,/NOUN|[NEG_ATTRIB2]
érdek,érdekmentes,11,érdek,/NOUN|[NEG_ATTRIB2]
zörej,zörejmentes,4,zörej,/NOUN|[NEG_ATTRIB2]
démon,démonmentes,1,démon,/NOUN|[NEG_ATTRIB2]
sorja,sorjamentes,1,sorja,/NOUN|[NEG_ATTRIB2]
pisszenés,pisszenésmentes,1,pisszenés,/NOUN|[NEG_ATTRIB2]
döccenő,döccenőmentes,1,döccenő,/NOUN|[NEG_ATTRIB2]
rendőrség,rendőrségmentes,1,rendőrség,/NOUN|[NEG_ATTRIB2]
hamu,hamumentes,2,hamu,/NOUN|[NEG_ATTRIB2]
feltűnés,feltűnésmentes,3,feltűnés,/NOUN|[NEG_ATTRIB2]
mondás,mondásmentes,1,mondás,/NOUN|[NEG_ATTRIB2]
harc,harcmentes,3,harc,/NOUN|[NEG_ATTRIB2]
gyűrődés,gyűrődésmentes,1,gyűrődés,/NOUN|[NEG_ATTRIB2]
dohányfüst,dohányfüstmentes,5,dohányfüst,/NOUN|[NEG_ATTRIB2]
parazita,parazitamentes,2,parazita,/NOUN|[NEG_ATTRIB2]
kísértés,kísértésmentes,1,kísértés,/NOUN|[NEG_ATTRIB2]
kultúra,kultúramentes,3,kultúra,/NOUN|[NEG_ATTRIB2]
túlzás,túlzásmentes,4,túlzás,/NOUN|[NEG_ATTRIB2]
lecsapódás,lecsapódásmentes,1,lecsapódás,/NOUN|[NEG_ATTRIB2]
parafin,parafinmentes,1,parafin,/NOUN|[NEG_ATTRIB2]
jelentés,jelentésmentes,2,jelentés,/NOUN|[NEG_ATTRIB2]
készpénz,készpénzmentes,38,készpénz,/NOUN|[NEG_ATTRIB2]
elmélet,elméletmentes,1,elmélet,/NOUN|[NEG_ATTRIB2]
here,herementes,1,here,/NOUN|[NEG_ATTRIB2]
infláció,inflációmentes,8,infláció,/NOUN|[NEG_ATTRIB2]
pestis,pestismentes,2,pestis,/NOUN|[NEG_ATTRIB2]
harmat,harmatmentes,1,harmat,/NOUN|[NEG_ATTRIB2]
postadíj,postadíjmentes,1,postadíj,/NOUN|[NEG_ATTRIB2]
összeragadás,összeragadásmentes,1,összeragadás,/NOUN|[NEG_ATTRIB2]
memória,memóriamentes,3,memória,/NOUN|[NEG_ATTRIB2]
versengés,versengésmentes,1,versengés,/NOUN|[NEG_ATTRIB2]
habarcs,habarcsmentes,1,habarcs,/NOUN|[NEG_ATTRIB2]
fecske,fecskementes,1,fecske,/NOUN|[NEG_ATTRIB2]
várakozás,várakozásmentes,1,várakozás,/NOUN|[NEG_ATTRIB2]
csepegés,csepegésmentes,1,csepegés,/NOUN|[NEG_ATTRIB2]
gipsz,gipszmentes,2,gipsz,/NOUN|[NEG_ATTRIB2]
pestis,pestismentes,2,pestis,/NOUN|[NEG_ATTRIB2]
kísértet,kísértetmentes,1,kísértet,/NOUN|[NEG_ATTRIB2]
harmat,harmatmentes,1,harmat,/NOUN|[NEG_ATTRIB2]
postadíj,postadíjmentes,1,postadíj,/NOUN|[NEG_ATTRIB2]
összeragadás,összeragadásmentes,1,összeragadás,/NOUN|[NEG_ATTRIB2]
memória,memóriamentes,3,memória,/NOUN|[NEG_ATTRIB2]
versengés,versengésmentes,1,versengés,/NOUN|[NEG_ATTRIB2]
hiba,hibamentes,11,hiba,/NOUN|[NEG_ATTRIB2]
habarcs,habarcsmentes,1,habarcs,/NOUN|[NEG_ATTRIB2]
fecske,fecskementes,1,fecske,/NOUN|[NEG_ATTRIB2]
várakozás,várakozásmentes,1,várakozás,/NOUN|[NEG_ATTRIB2]
csepegés,csepegésmentes,1,csepegés,/NOUN|[NEG_ATTRIB2]
csepp,cseppmentes,1,csepp,/NOUN|[NEG_ATTRIB2]
felekezet,felekezetmentes,1,felekezet,/NOUN|[NEG_ATTRIB2]
gipsz,gipszmentes,2,gipsz,/NOUN|[NEG_ATTRIB2]
izotóp,izotópmentes,1,izotóp,/NOUN|[NEG_ATTRIB2]
gondolkodás,gondolkodásmentes,1,gondolkodás,/NOUN|[NEG_ATTRIB2]
félfa,félfamentes,26,félfa,/NOUN|[NEG_ATTRIB2]
szérum,szérummentes,1,szérum,/NOUN|[NEG_ATTRIB2]
metafizika,metafizikamentes,5,metafizika,/NOUN|[NEG_ATTRIB2]
kapkodás,kapkodásmentes,1,kapkodás,/NOUN|[NEG_ATTRIB2]
kotyogás,kotyogásmentes,1,kotyogás,/NOUN|[NEG_ATTRIB2]
becstelenség,becstelenségmentes,2,becstelenség,/NOUN|[NEG_ATTRIB2]
elidegenedés,elidegenedésmentes,2,elidegenedés,/NOUN|[NEG_ATTRIB2]
atomfegyver,atomfegyvermentes,12,atomfegyver,/NOUN|[NEG_ATTRIB2]
felhő,felhőmentes,4,felhő,/NOUN|[NEG_ATTRIB2]
paradicsom,paradicsommentes,2,paradicsom,/NOUN|[NEG_ATTRIB2]
kétely,kételymentes,1,kétely,/NOUN|[NEG_ATTRIB2]
osztály,osztálymentes,4,osztály,/NOUN|[NEG_ATTRIB2]
disznóhús,disznóhúsmentes,1,disznóhús,/NOUN|[NEG_ATTRIB2]
rezdülés,rezdülésmentes,1,rezdülés,/NOUN|[NEG_ATTRIB2]
bánat,bánatmentes,1,bánat,/NOUN|[NEG_ATTRIB2]
áramlás,áramlásmentes,4,áramlás,/NOUN|[NEG_ATTRIB2]
veszteség,veszteségmentes,23,veszteség,/NOUN|[NEG_ATTRIB2]
szinonima,szinonimamentes,1,szinonima,/NOUN|[NEG_ATTRIB2]
erotika,erotikamentes,2,erotika,/NOUN|[NEG_ATTRIB2]
vágy,vágymentes,1,vágy,/NOUN|[NEG_ATTRIB2]
zene,zenementes,4,zene,/NOUN|[NEG_ATTRIB2]
szemveszteség,szemveszteségmentes,1,szemveszteség,/NOUN|[NEG_ATTRIB2]
mellékmondat,mellékmondatmentes,1,mellékmondat,/NOUN|[NEG_ATTRIB2]
utópia,utópiamentes,1,utópia,/NOUN|[NEG_ATTRIB2]
bogyó,bogyómentes,1,bogyó,/NOUN|[NEG_ATTRIB2]
mész,mészmentes,4,mész,/NOUN|[NEG_ATTRIB2]
féreg,féregmentes,10,féreg,/NOUN|[NEG_ATTRIB2]
görcs,görcsmentes,8,görcs,/NOUN|[NEG_ATTRIB2]
filozófia,filozófiamentes,2,filozófia,/NOUN|[NEG_ATTRIB2]
göröngy,göröngymentes,1,göröngy,/NOUN|[NEG_ATTRIB2]
platform,platformmentes,1,platform,/NOUN|[NEG_ATTRIB2]
csomó,csomómentes,5,csomó,/NOUN|[NEG_ATTRIB2]
társaság,társaságmentes,1,társaság,/NOUN|[NEG_ATTRIB2]
gümőkór,gümőkórmentes,1,gümőkór,/NOUN|[NEG_ATTRIB2]
érték,értékmentes,14,érték,/NOUN|[NEG_ATTRIB2]
sebesülés,sebesülésmentes,1,sebesülés,/NOUN|[NEG_ATTRIB2]
turista,turistamentes,1,turista,/NOUN|[NEG_ATTRIB2]
ceremónia,ceremóniamentes,2,ceremónia,/NOUN|[NEG_ATTRIB2]
csoda,csodamentes,5,csoda,/NOUN|[NEG_ATTRIB2]
érzés,érzésmentes,1,érzés,/NOUN|[NEG_ATTRIB2]
rozsda,rozsdamentes,11,rozsda,/NOUN|[NEG_ATTRIB2]
kristály,kristálymentes,1,kristály,/NOUN|[NEG_ATTRIB2]
zavar,zavarmentes,9,zavar,/NOUN|[NEG_ATTRIB2]
minőség,minőségmentes,1,minőség,/NOUN|[NEG_ATTRIB2]
erkölcsiség,erkölcsiségmentes,1,erkölcsiség,/NOUN|[NEG_ATTRIB2]
állapot,állapotmentes,2,állapot,/NOUN|[NEG_ATTRIB2]
zsidó,zsidómentes,5,zsidó,/NOUN|[NEG_ATTRIB2]
verseny,versenymentes,2,verseny,/NOUN|[NEG_ATTRIB2]
telefon,telefonmentes,1,telefon,/NOUN|[NEG_ATTRIB2]
bomba,bombamentes,4,bomba,/NOUN|[NEG_ATTRIB2]
részrehajlás,részrehajlásmentes,1,részrehajlás,/NOUN|[NEG_ATTRIB2]
vész,vészmentes,6,vész,/NOUN|[NEG_ATTRIB2]
poloska,poloskamentes,2,poloska,/NOUN|[NEG_ATTRIB2]
ciklus,ciklusmentes,2,ciklus,/NOUN|[NEG_ATTRIB2]
hordás,hordásmentes,3,hordás,/NOUN|[NEG_ATTRIB2]
ásványolaj,ásványolajmentes,1,ásványolaj,/NOUN|[NEG_ATTRIB2]
kockázat,kockázatmentes,12,kockázat,/NOUN|[NEG_ATTRIB2]
forgalom,forgalommentes,7,forgalom,/NOUN|[NEG_ATTRIB2]
mellérendelés,mellérendelésmentes,1,mellérendelés,/NOUN|[NEG_ATTRIB2]
botlás,botlásmentes,2,botlás,/NOUN|[NEG_ATTRIB2]
rubel,rubelmentes,1,rubel,/NOUN|[NEG_ATTRIB2]
borda,bordamentes,1,borda,/NOUN|[NEG_ATTRIB2]
gránát,gránátmentes,4,gránát,/NOUN|[NEG_ATTRIB2]
gally,gallymentes,2,gally,/NOUN|[NEG_ATTRIB2]
koffein,koffeinmentes,14,koffein,/NOUN|[NEG_ATTRIB2]
licenc,licencmentes,1,licenc,/NOUN|[NEG_ATTRIB2]
puska,puskamentes,1,puska,/NOUN|[NEG_ATTRIB2]
szitok,szitokmentes,1,szitok,/NOUN|[NEG_ATTRIB2]
utánzás,utánzásmentes,1,utánzás,/NOUN|[NEG_ATTRIB2]
kövület,kövületmentes,17,kövület,/NOUN|[NEG_ATTRIB2]
nosztalgia,nosztalgiamentes,3,nosztalgia,/NOUN|[NEG_ATTRIB2]
dogma,dogmamentes,4,dogma,/NOUN|[NEG_ATTRIB2]
sztrájk,sztrájkmentes,1,sztrájk,/NOUN|[NEG_ATTRIB2]
pókháló,pókhálómentes,1,pókháló,/NOUN|[NEG_ATTRIB2]
cigány,cigánymentes,4,cigány,/NOUN|[NEG_ATTRIB2]
ügyvéd,ügyvédmentes,2,ügyvéd,/NOUN|[NEG_ATTRIB2]
lehallgatás,lehallgatásmentes,1,lehallgatás,/NOUN|[NEG_ATTRIB2]
felnőtt,felnőttmentes,1,felnőtt,/NOUN|[NEG_ATTRIB2]
egyház,egyházmentes,2,egyház,/NOUN|[NEG_ATTRIB2]
morféma,morfémamentes,1,morféma,/NOUN|[NEG_ATTRIB2]
idea,ideamentes,1,idea,/NOUN|[NEG_ATTRIB2]
érzékiség,érzékiségmentes,1,érzékiség,/NOUN|[NEG_ATTRIB2]
zsír,zsírmentes,11,zsír,/NOUN|[NEG_ATTRIB2]
jégár,jégármentes,1,jégár,/NOUN|[NEG_ATTRIB2]
tébécé,tébécémentes,2,tébécé,/NOUN|[NEG_ATTRIB2]
ragály,ragálymentes,1,ragály,/NOUN|[NEG_ATTRIB2]
verejték,verejtékmentes,1,verejték,/NOUN|[NEG_ATTRIB2]
tanulás,tanulásmentes,4,tanulás,/NOUN|[NEG_ATTRIB2]
vallás,vallásmentes,6,vallás,/NOUN|[NEG_ATTRIB2]
probléma,problémamentes,13,probléma,/NOUN|[NEG_ATTRIB2]
részvét,részvétmentes,1,részvét,/NOUN|[NEG_ATTRIB2]
gyanakvás,gyanakvásmentes,2,gyanakvás,/NOUN|[NEG_ATTRIB2]
tartalom,tartalommentes,1,tartalom,/NOUN|[NEG_ATTRIB2]
tartalék,tartalékmentes,1,tartalék,/NOUN|[NEG_ATTRIB2]
horzsolás,horzsolásmentes,1,horzsolás,/NOUN|[NEG_ATTRIB2]
hézag,hézagmentes,11,hézag,/NOUN|[NEG_ATTRIB2]
tendencia,tendenciamentes,3,tendencia,/NOUN|[NEG_ATTRIB2]
pótlék,pótlékmentes,1,pótlék,/NOUN|[NEG_ATTRIB2]
emisszió,emissziómentes,2,emisszió,/NOUN|[NEG_ATTRIB2]
ritmika,ritmikamentes,1,ritmika,/NOUN|[NEG_ATTRIB2]
gesztenye,gesztenyementes,1,gesztenye,/NOUN|[NEG_ATTRIB2]
zaklatottság,zaklatottságmentes,1,zaklatottság,/NOUN|[NEG_ATTRIB2]
valuta,valutamentes,1,valuta,/NOUN|[NEG_ATTRIB2]
vetemedés,vetemedésmentes,2,vetemedés,/NOUN|[NEG_ATTRIB2]
dorgálás,dorgálásmentes,1,dorgálás,/NOUN|[NEG_ATTRIB2]
körpálya,körpályamentes,1,körpálya,/NOUN|[NEG_ATTRIB2]
teória,teóriamentes,1,teória,/NOUN|[NEG_ATTRIB2]
kiesés,kiesésmentes,1,kiesés,/NOUN|[NEG_ATTRIB2]
mikroba,mikrobamentes,1,mikroba,/NOUN|[NEG_ATTRIB2]
rege,regementes,1,rege,/NOUN|[NEG_ATTRIB2]
átfedés,átfedésmentes,3,átfedés,/NOUN|[NEG_ATTRIB2]
macska,macskamentes,1,macska,/NOUN|[NEG_ATTRIB2]
feudalizmus,feudalizmusmentes,1,feudalizmus,/NOUN|[NEG_ATTRIB2]
trágárság,trágárságmentes,1,trágárság,/NOUN|[NEG_ATTRIB2]
mellékhatás,mellékhatásmentes,2,mellékhatás,/NOUN|[NEG_ATTRIB2]
hatáskör,hatáskörmentes,1,hatáskör,/NOUN|[NEG_ATTRIB2]
hivalkodás,hivalkodásmentes,3,hivalkodás,/NOUN|[NEG_ATTRIB2]
képmutatás,képmutatásmentes,2,képmutatás,/NOUN|[NEG_ATTRIB2]
istenség,istenségmentes,1,istenség,/NOUN|[NEG_ATTRIB2]
levegő,levegőmentes,1,levegő,/NOUN|[NEG_ATTRIB2]
diadal,diadalmentes,1,diadal,/NOUN|[NEG_ATTRIB2]
infarktus,infarktusmentes,1,infarktus,/NOUN|[NEG_ATTRIB2]
diploma,diplomamentes,1,diploma,/NOUN|[NEG_ATTRIB2]
állat,állatmentes,1,állat,/NOUN|[NEG_ATTRIB2]
állam,állammentes,2,állam,/NOUN|[NEG_ATTRIB2]
bürokrácia,bürokráciamentes,3,bürokrácia,/NOUN|[NEG_ATTRIB2]
definíció,definíciómentes,1,definíció,/NOUN|[NEG_ATTRIB2]
fokozat,fokozatmentes,2,fokozat,/NOUN|[NEG_ATTRIB2]
lelet,leletmentes,1,lelet,/NOUN|[NEG_ATTRIB2]
gyökér,gyökérmentes,3,gyökér,/NOUN|[NEG_ATTRIB2]
történelem,történelemmentes,2,történelem,/NOUN|[NEG_ATTRIB2]
körút,körútmentes,3,körút,/NOUN|[NEG_ATTRIB2]
mészkő,mészkőmentes,1,mészkő,/NOUN|[NEG_ATTRIB2]
légáram,légárammentes,1,légáram,/NOUN|[NEG_ATTRIB2]
adó,adómentes,16,adó,/NOUN|[NEG_ATTRIB2]
utóhatás,utóhatásmentes,3,utóhatás,/NOUN|[NEG_ATTRIB2]
baj,bajmentes,1,baj,/NOUN|[NEG_ATTRIB2]
bog,bogmentes,2,bog,/NOUN|[NEG_ATTRIB2]
bot,botmentes,1,bot,/NOUN|[NEG_ATTRIB2]
ősmaradvány,ősmaradványmentes,2,ősmaradvány,/NOUN|[NEG_ATTRIB2]
rabság,rabságmentes,1,rabság,/NOUN|[NEG_ATTRIB2]
lepra,lepramentes,1,lepra,/NOUN|[NEG_ATTRIB2]
rost,rostmentes,8,rost,/NOUN|[NEG_ATTRIB2]
dézsma,dézsmamentes,1,dézsma,/NOUN|[NEG_ATTRIB2]
írás,írásmentes,1,írás,/NOUN|[NEG_ATTRIB2]
támogatás,támogatásmentes,1,támogatás,/NOUN|[NEG_ATTRIB2]
bélyeg,bélyegmentes,9,bélyeg,/NOUN|[NEG_ATTRIB2]
devalváció,devalvációmentes,1,devalváció,/NOUN|[NEG_ATTRIB2]
forma,formamentes,3,forma,/NOUN|[NEG_ATTRIB2]
erő,erőmentes,3,erő,/NOUN|[NEG_ATTRIB2]
eső,esőmentes,4,eső,/NOUN|[NEG_ATTRIB2]
szerb,szerbmentes,1,szerb,/NOUN|[NEG_ATTRIB2]
fal,falmentes,1,fal,/NOUN|[NEG_ATTRIB2]
szerv,szervmentes,1,szerv,/NOUN|[NEG_ATTRIB2]
szesz,szeszmentes,9,szesz,/NOUN|[NEG_ATTRIB2]
manipuláció,manipulációmentes,1,manipuláció,/NOUN|[NEG_ATTRIB2]
bér,bérmentes,5,bér,/NOUN|[NEG_ATTRIB2]
fiú,fiúmentes,1,fiú,/NOUN|[NEG_ATTRIB2]
ellentmondás,ellentmondásmentes,24,ellentmondás,/NOUN|[NEG_ATTRIB2]
bór,bórmentes,1,bór,/NOUN|[NEG_ATTRIB2]
szemrehányás,szemrehányásmentes,4,szemrehányás,/NOUN|[NEG_ATTRIB2]
cél,célmentes,1,cél,/NOUN|[NEG_ATTRIB2]
kizsákmányolás,kizsákmányolásmentes,14,kizsákmányolás,/NOUN|[NEG_ATTRIB2]
had,hadmentes,6,had,/NOUN|[NEG_ATTRIB2]
haj,hajmentes,2,haj,/NOUN|[NEG_ATTRIB2]
hal,halmentes,1,hal,/NOUN|[NEG_ATTRIB2]
izom,izommentes,1,izom,/NOUN|[NEG_ATTRIB2]
díj,díjmentes,10,díj,/NOUN|[NEG_ATTRIB2]
zárójel,zárójelmentes,1,zárójel,/NOUN|[NEG_ATTRIB2]
fegyver,fegyvermentes,7,fegyver,/NOUN|[NEG_ATTRIB2]
ruha,ruhamentes,1,ruha,/NOUN|[NEG_ATTRIB2]
kamat,kamatmentes,15,kamat,/NOUN|[NEG_ATTRIB2]
rugó,rugómentes,1,rugó,/NOUN|[NEG_ATTRIB2]
ion,ionmentes,1,ion,/NOUN|[NEG_ATTRIB2]
pióca,piócamentes,1,pióca,/NOUN|[NEG_ATTRIB2]
csalódás,csalódásmentes,1,csalódás,/NOUN|[NEG_ATTRIB2]
fém,fémmentes,1,fém,/NOUN|[NEG_ATTRIB2]
adat,adatmentes,1,adat,/NOUN|[NEG_ATTRIB2]
jog,jogmentes,8,jog,/NOUN|[NEG_ATTRIB2]
bűn,bűnmentes,2,bűn,/NOUN|[NEG_ATTRIB2]
öröm,örömmentes,2,öröm,/NOUN|[NEG_ATTRIB2]
bűz,bűzmentes,1,bűz,/NOUN|[NEG_ATTRIB2]
föl,fölmentes,2,föl,/NOUN|[NEG_ATTRIB2]
galenit,galenitmentes,1,galenit,/NOUN|[NEG_ATTRIB2]
etika,etikamentes,1,etika,/NOUN|[NEG_ATTRIB2]
gáz,gázmentes,4,gáz,/NOUN|[NEG_ATTRIB2]
agresszió,agressziómentes,1,agresszió,/NOUN|[NEG_ATTRIB2]
tautológia,tautológiamentes,1,tautológia,/NOUN|[NEG_ATTRIB2]
visszaélés,visszaélésmentes,1,visszaélés,/NOUN|[NEG_ATTRIB2]
káprázat,káprázatmentes,4,káprázat,/NOUN|[NEG_ATTRIB2]
gén,génmentes,1,gén,/NOUN|[NEG_ATTRIB2]
permetezőszer,permetezőszermentes,1,permetezőszer,/NOUN|[NEG_ATTRIB2]
göb,göbmentes,1,göb,/NOUN|[NEG_ATTRIB2]
tanulság,tanulságmentes,2,tanulság,/NOUN|[NEG_ATTRIB2]
háj,hájmentes,1,háj,/NOUN|[NEG_ATTRIB2]
kinézet,kinézetmentes,1,kinézet,/NOUN|[NEG_ATTRIB2]
karma,karmamentes,4,karma,/NOUN|[NEG_ATTRIB2]
lom,lommentes,1,lom,/NOUN|[NEG_ATTRIB2]
híd,hídmentes,6,híd,/NOUN|[NEG_ATTRIB2]
kommunikáció,kommunikációmentes,2,kommunikáció,/NOUN|[NEG_ATTRIB2]
hús,húsmentes,10,hús,/NOUN|[NEG_ATTRIB2]
mag,magmentes,2,mag,/NOUN|[NEG_ATTRIB2]
adalék,adalékmentes,2,adalék,/NOUN|[NEG_ATTRIB2]
tőzeg,tőzegmentes,1,tőzeg,/NOUN|[NEG_ATTRIB2]
net,netmentes,1,net,/NOUN|[NEG_ATTRIB2]
párolgás,párolgásmentes,1,párolgás,/NOUN|[NEG_ATTRIB2]
jég,jégmentes,12,jég,/NOUN|[NEG_ATTRIB2]
fütty,füttymentes,1,fütty,/NOUN|[NEG_ATTRIB2]
adás,adásmentes,1,adás,/NOUN|[NEG_ATTRIB2]
gőg,gőgmentes,1,gőg,/NOUN|[NEG_ATTRIB2]
gőz,gőzmentes,6,gőz,/NOUN|[NEG_ATTRIB2]
árukapcsolás,árukapcsolásmentes,1,árukapcsolás,/NOUN|[NEG_ATTRIB2]
homok,homokmentes,4,homok,/NOUN|[NEG_ATTRIB2]
kár,kármentes,1,kár,/NOUN|[NEG_ATTRIB2]
szmog,szmogmentes,1,szmog,/NOUN|[NEG_ATTRIB2]
kén,kénmentes,7,kén,/NOUN|[NEG_ATTRIB2]
kép,képmentes,1,kép,/NOUN|[NEG_ATTRIB2]
ragaszkodás,ragaszkodásmentes,1,ragaszkodás,/NOUN|[NEG_ATTRIB2]
isten,istenmentes,8,isten,/NOUN|[NEG_ATTRIB2]
kór,kórmentes,1,kór,/NOUN|[NEG_ATTRIB2]
folyadék,folyadékmentes,3,folyadék,/NOUN|[NEG_ATTRIB2]
német,németmentes,1,német,/NOUN|[NEG_ATTRIB2]
kényszer,kényszermentes,8,kényszer,/NOUN|[NEG_ATTRIB2]
köd,ködmentes,4,köd,/NOUN|[NEG_ATTRIB2]
kör,körmentes,5,kör,/NOUN|[NEG_ATTRIB2]
hordalék,hordalékmentes,1,hordalék,/NOUN|[NEG_ATTRIB2]
válság,válságmentes,7,válság,/NOUN|[NEG_ATTRIB2]
láz,lázmentes,7,láz,/NOUN|[NEG_ATTRIB2]
haszon,haszonmentes,1,haszon,/NOUN|[NEG_ATTRIB2]
lég,légmentes,45,lég,/NOUN|[NEG_ATTRIB2]
por,pormentes,11,por,/NOUN|[NEG_ATTRIB2]
orosz,oroszmentes,1,orosz,/NOUN|[NEG_ATTRIB2]
kráter,krátermentes,1,kráter,/NOUN|[NEG_ATTRIB2]
csillogás,csillogásmentes,5,csillogás,/NOUN|[NEG_ATTRIB2]
akta,aktamentes,1,akta,/NOUN|[NEG_ATTRIB2]
tőke,tőkementes,1,tőke,/NOUN|[NEG_ATTRIB2]
kovasav,kovasavmentes,1,kovasav,/NOUN|[NEG_ATTRIB2]
bonyodalom,bonyodalommentes,3,bonyodalom,/NOUN|[NEG_ATTRIB2]
jármű,járműmentes,1,jármű,/NOUN|[NEG_ATTRIB2]
alom,alommentes,2,alom,/NOUN|[NEG_ATTRIB2]
hüllő,hüllőmentes,1,hüllő,/NOUN|[NEG_ATTRIB2]
sav,savmentes,8,sav,/NOUN|[NEG_ATTRIB2]
tagdíj,tagdíjmentes,1,tagdíj,/NOUN|[NEG_ATTRIB2]
szó,szómentes,1,szó,/NOUN|[NEG_ATTRIB2]
tej,tejmentes,1,tej,/NOUN|[NEG_ATTRIB2]
világnézet,világnézetmentes,1,világnézet,/NOUN|[NEG_ATTRIB2]
savó,savómentes,2,savó,/NOUN|[NEG_ATTRIB2]
póz,pózmentes,1,póz,/NOUN|[NEG_ATTRIB2]
felelősség,felelősségmentes,2,felelősség,/NOUN|[NEG_ATTRIB2]
emóció,emóciómentes,1,emóció,/NOUN|[NEG_ATTRIB2]
restancia,restanciamentes,1,restancia,/NOUN|[NEG_ATTRIB2]
iszap,iszapmentes,2,iszap,/NOUN|[NEG_ATTRIB2]
bűntudat,bűntudatmentes,2,bűntudat,/NOUN|[NEG_ATTRIB2]
útlevél,útlevélmentes,1,útlevél,/NOUN|[NEG_ATTRIB2]
empíria,empíriamentes,1,empíria,/NOUN|[NEG_ATTRIB2]
vaj,vajmentes,1,vaj,/NOUN|[NEG_ATTRIB2]
vas,vasmentes,2,vas,/NOUN|[NEG_ATTRIB2]
rák,rákmentes,1,rák,/NOUN|[NEG_ATTRIB2]
megszakítás,megszakításmentes,7,megszakítás,/NOUN|[NEG_ATTRIB2]
rém,rémmentes,2,rém,/NOUN|[NEG_ATTRIB2]
rés,résmentes,1,rés,/NOUN|[NEG_ATTRIB2]
rög,rögmentes,5,rög,/NOUN|[NEG_ATTRIB2]
import,importmentes,1,import,/NOUN|[NEG_ATTRIB2]
folyás,folyásmentes,1,folyás,/NOUN|[NEG_ATTRIB2]
aggodalom,aggodalommentes,2,aggodalom,/NOUN|[NEG_ATTRIB2]
beavatkozás,beavatkozásmentes,8,beavatkozás,/NOUN|[NEG_ATTRIB2]
bacilus,bacilusmentes,1,bacilus,/NOUN|[NEG_ATTRIB2]
játék,játékmentes,2,játék,/NOUN|[NEG_ATTRIB2]
kritika,kritikamentes,2,kritika,/NOUN|[NEG_ATTRIB2]
zaj,zajmentes,6,zaj,/NOUN|[NEG_ATTRIB2]
karcolás,karcolásmentes,3,karcolás,/NOUN|[NEG_ATTRIB2]
férj,férjmentes,1,férj,/NOUN|[NEG_ATTRIB2]
vám,vámmentes,12,vám,/NOUN|[NEG_ATTRIB2]
bántás,bántásmentes,1,bántás,/NOUN|[NEG_ATTRIB2]
viadal,viadalmentes,1,viadal,/NOUN|[NEG_ATTRIB2]
víz,vízmentes,10,víz,/NOUN|[NEG_ATTRIB2]
bolondság,bolondságmentes,1,bolondság,/NOUN|[NEG_ATTRIB2]
atom,atommentes,2,atom,/NOUN|[NEG_ATTRIB2]
matek,matekmentes,1,matek,/NOUN|[NEG_ATTRIB2]
romantika,romantikamentes,2,romantika,/NOUN|[NEG_ATTRIB2]
hullámzás,hullámzásmentes,3,hullámzás,/NOUN|[NEG_ATTRIB2]
szubsztancia,szubsztanciamentes,1,szubsztancia,/NOUN|[NEG_ATTRIB2]
autó,autómentes,52,autó,/NOUN|[NEG_ATTRIB2]
repedés,repedésmentes,4,repedés,/NOUN|[NEG_ATTRIB2]
avar,avarmentes,2,avar,/NOUN|[NEG_ATTRIB2]
zsúfoltság,zsúfoltságmentes,1,zsúfoltság,/NOUN|[NEG_ATTRIB2]
formalitás,formalitásmentes,1,formalitás,/NOUN|[NEG_ATTRIB2]
cukor,cukormentes,11,cukor,/NOUN|[NEG_ATTRIB2]
rizikó,rizikómentes,5,rizikó,/NOUN|[NEG_ATTRIB2]
tűz,tűzmentes,9,tűz,/NOUN|[NEG_ATTRIB2]
nádas,nádasmentes,1,nádas,/NOUN|[NEG_ATTRIB2]
szorongás,szorongásmentes,5,szorongás,/NOUN|[NEG_ATTRIB2]
igazságtalanság,igazságtalanságmentes,1,igazságtalanság,/NOUN|[NEG_ATTRIB2]
mócsing,mócsingmentes,2,mócsing,/NOUN|[NEG_ATTRIB2]
visszaesés,visszaesésmentes,1,visszaesés,/NOUN|[NEG_ATTRIB2]
előítélet,előítéletmentes,10,előítélet,/NOUN|[NEG_ATTRIB2]
panasz,panaszmentes,12,panasz,/NOUN|[NEG_ATTRIB2]
zsákutca,zsákutcamentes,4,zsákutca,/NOUN|[NEG_ATTRIB2]
lárma,lármamentes,1,lárma,/NOUN|[NEG_ATTRIB2]
siker,sikermentes,2,siker,/NOUN|[NEG_ATTRIB2]
fennakadás,fennakadásmentes,2,fennakadás,/NOUN|[NEG_ATTRIB2]
fokhagyma,fokhagymamentes,1,fokhagyma,/NOUN|[NEG_ATTRIB2]
formaság,formaságmentes,1,formaság,/NOUN|[NEG_ATTRIB2]
szegély,szegélymentes,2,szegély,/NOUN|[NEG_ATTRIB2]
paradigma,paradigmamentes,1,paradigma,/NOUN|[NEG_ATTRIB2]
sikér,sikérmentes,2,sikér,/NOUN|[NEG_ATTRIB2]
elnyomás,elnyomásmentes,2,elnyomás,/NOUN|[NEG_ATTRIB2]
közlekedés,közlekedésmentes,1,közlekedés,/NOUN|[NEG_ATTRIB2]
szúnyog,szúnyogmentes,2,szúnyog,/NOUN|[NEG_ATTRIB2]
kártya,kártyamentes,1,kártya,/NOUN|[NEG_ATTRIB2]
bagó,bagómentes,1,bagó,/NOUN|[NEG_ATTRIB2]
szenvedély,szenvedélymentes,11,szenvedély,/NOUN|[NEG_ATTRIB2]
irigység,irigységmentes,4,irigység,/NOUN|[NEG_ATTRIB2]
vegyszer,vegyszermentes,23,vegyszer,/NOUN|[NEG_ATTRIB2]
fájdalom,fájdalommentes,10,fájdalom,/NOUN|[NEG_ATTRIB2]
szenzáció,szenzációmentes,1,szenzáció,/NOUN|[NEG_ATTRIB2]
járvány,járványmentes,1,járvány,/NOUN|[NEG_ATTRIB2]
gyorsulás,gyorsulásmentes,3,gyorsulás,/NOUN|[NEG_ATTRIB2]
villogás,villogásmentes,1,villogás,/NOUN|[NEG_ATTRIB2]
üledék,üledékmentes,1,üledék,/NOUN|[NEG_ATTRIB2]
sírás,sírásmentes,1,sírás,/NOUN|[NEG_ATTRIB2]
segély,segélymentes,1,segély,/NOUN|[NEG_ATTRIB2]
sirám,sirámmentes,1,sirám,/NOUN|[NEG_ATTRIB2]
köztartozás,köztartozásmentes,1,köztartozás,/NOUN|[NEG_ATTRIB2]
kárpótlás,kárpótlásmentes,1,kárpótlás,/NOUN|[NEG_ATTRIB2]
dogmatikus,dogmatikusmentes,1,dogmatikus,/NOUN|[NEG_ATTRIB2]
szak,szakmentes,8,szak,/NOUN|[NEG_ATTRIB2]
kaja,kajamentes,1,kaja,/NOUN|[NEG_ATTRIB2]
szer,szermentes,4,szer,/NOUN|[NEG_ATTRIB2]
szex,szexmentes,2,szex,/NOUN|[NEG_ATTRIB2]
szeg,szegmentes,2,szeg,/NOUN|[NEG_ATTRIB2]
szja,szjamentes,1,szja,/NOUN|[NEG_ATTRIB2]
szik,szikmentes,1,szik,/NOUN|[NEG_ATTRIB2]
füst,füstmentes,11,füst,/NOUN|[NEG_ATTRIB2]
repülés,repülésmentes,2,repülés,/NOUN|[NEG_ATTRIB2]
ambíció,ambíciómentes,2,ambíció,/NOUN|[NEG_ATTRIB2]
ellenség,ellenségmentes,1,ellenség,/NOUN|[NEG_ATTRIB2]
reuma,reumamentes,1,reuma,/NOUN|[NEG_ATTRIB2]
nikotin,nikotinmentes,3,nikotin,/NOUN|[NEG_ATTRIB2]
bika,bikamentes,1,bika,/NOUN|[NEG_ATTRIB2]
cseppkő,cseppkőmentes,1,cseppkő,/NOUN|[NEG_ATTRIB2]
koleszterin,koleszterinmentes,7,koleszterin,/NOUN|[NEG_ATTRIB2]
teher,tehermentes,10,teher,/NOUN|[NEG_ATTRIB2]
ellentét,ellentétmentes,2,ellentét,/NOUN|[NEG_ATTRIB2]
közhely,közhelymentes,2,közhely,/NOUN|[NEG_ATTRIB2]
meglepetés,meglepetésmentes,4,meglepetés,/NOUN|[NEG_ATTRIB2]
terrorizmus,terrorizmusmentes,1,terrorizmus,/NOUN|[NEG_ATTRIB2]
termik,termikmentes,2,termik,/NOUN|[NEG_ATTRIB2]
szén,szénmentes,3,szén,/NOUN|[NEG_ATTRIB2]
szél,szélmentes,8,szél,/NOUN|[NEG_ATTRIB2]
szín,színmentes,2,szín,/NOUN|[NEG_ATTRIB2]
dadogás,dadogásmentes,1,dadogás,/NOUN|[NEG_ATTRIB2]
szög,szögmentes,1,szög,/NOUN|[NEG_ATTRIB2]
elhanyagolás,elhanyagolásmentes,1,elhanyagolás,/NOUN|[NEG_ATTRIB2]
izgalom,izgalommentes,6,izgalom,/NOUN|[NEG_ATTRIB2]
konyha,konyhamentes,1,konyha,/NOUN|[NEG_ATTRIB2]
tabu,tabumentes,1,tabu,/NOUN|[NEG_ATTRIB2]
telep,telepmentes,2,telep,/NOUN|[NEG_ATTRIB2]
taxa,taxamentes,1,taxa,/NOUN|[NEG_ATTRIB2]
kompromisszum,kompromisszummentes,3,kompromisszum,/NOUN|[NEG_ATTRIB2]
baktérium,baktériummentes,3,baktérium,/NOUN|[NEG_ATTRIB2]
ismétlés,ismétlésmentes,1,ismétlés,/NOUN|[NEG_ATTRIB2]
elfogultság,elfogultságmentes,2,elfogultság,/NOUN|[NEG_ATTRIB2]
léghuzat,léghuzatmentes,1,léghuzat,/NOUN|[NEG_ATTRIB2]
szőr,szőrmentes,4,szőr,/NOUN|[NEG_ATTRIB2]
kalória,kalóriamentes,1,kalória,/NOUN|[NEG_ATTRIB2]
protokoll,protokollmentes,2,protokoll,/NOUN|[NEG_ATTRIB2]
zökkenés,zökkenésmentes,6,zökkenés,/NOUN|[NEG_ATTRIB2]
gravitáció,gravitációmentes,5,gravitáció,/NOUN|[NEG_ATTRIB2]
értelmezés,értelmezésmentes,1,értelmezés,/NOUN|[NEG_ATTRIB2]
párt,pártmentes,1,párt,/NOUN|[NEG_ATTRIB2]
pára,páramentes,23,pára,/NOUN|[NEG_ATTRIB2]
szubjektivitás,szubjektivitásmentes,1,szubjektivitás,/NOUN|[NEG_ATTRIB2]
sajtó,sajtómentes,2,sajtó,/NOUN|[NEG_ATTRIB2]
tetű,tetűmentes,1,tetű,/NOUN|[NEG_ATTRIB2]
erőlködés,erőlködésmentes,2,erőlködés,/NOUN|[NEG_ATTRIB2]
ráció,rációmentes,1,ráció,/NOUN|[NEG_ATTRIB2]
tevékenység,tevékenységmentes,1,tevékenység,/NOUN|[NEG_ATTRIB2]
ember,embermentes,1,ember,/NOUN|[NEG_ATTRIB2]
csüggedés,csüggedésmentes,1,csüggedés,/NOUN|[NEG_ATTRIB2]
méltóság,méltóságmentes,1,méltóság,/NOUN|[NEG_ATTRIB2]
szerelem,szerelemmentes,1,szerelem,/NOUN|[NEG_ATTRIB2]
salak,salakmentes,4,salak,/NOUN|[NEG_ATTRIB2]
norma,normamentes,1,norma,/NOUN|[NEG_ATTRIB2]
szennyeződés,szennyeződésmentes,3,szennyeződés,/NOUN|[NEG_ATTRIB2]
esemény,eseménymentes,2,esemény,/NOUN|[NEG_ATTRIB2]
kosz,koszmentes,1,kosz,/NOUN|[NEG_ATTRIB2]
propaganda,propagandamentes,1,propaganda,/NOUN|[NEG_ATTRIB2]
klór,klórmentes,3,klór,/NOUN|[NEG_ATTRIB2]
hulladék,hulladékmentes,3,hulladék,/NOUN|[NEG_ATTRIB2]
illat,illatmentes,3,illat,/NOUN|[NEG_ATTRIB2]
torzulás,torzulásmentes,4,torzulás,/NOUN|[NEG_ATTRIB2]
szénsav,szénsavmentes,7,szénsav,/NOUN|[NEG_ATTRIB2]
szövődmény,szövődménymentes,3,szövődmény,/NOUN|[NEG_ATTRIB2]
életveszedelem,életveszedelemmentes,1,életveszedelem,/NOUN|[NEG_ATTRIB2]
befolyás,befolyásmentes,6,befolyás,/NOUN|[NEG_ATTRIB2]
újítás,újításmentes,1,újítás,/NOUN|[NEG_ATTRIB2]
pénz,pénzmentes,1,pénz,/NOUN|[NEG_ATTRIB2]
foglalás,foglalásmentes,1,foglalás,/NOUN|[NEG_ATTRIB2]
poloska,poloskamentes,2,polos,/NOUN|[DIMIN]|[NEG_ATTRIB2]
botrány,botránymentes,2,botrány,/NOUN|[NEG_ATTRIB2]
vibráció,vibrációmentes,1,vibráció,/NOUN|[NEG_ATTRIB2]
robot,robotmentes,1,robot,/NOUN|[NEG_ATTRIB2]
oldószer,oldószermentes,2,oldószer,/NOUN|[NEG_ATTRIB2]
tábla,táblamentes,1,tábla,/NOUN|[NEG_ATTRIB2]
szeretet,szeretetmentes,2,szeretet,/NOUN|[NEG_ATTRIB2]
energiahordozó,energiahordozómentes,1,energiahordozó,/NOUN|[NEG_ATTRIB2]
akadály,akadálymentes,39,akadály,/NOUN|[NEG_ATTRIB2]
képződmény,képződménymentes,1,képződmény,/NOUN|[NEG_ATTRIB2]
patkány,patkánymentes,3,patkány,/NOUN|[NEG_ATTRIB2]
priusz,priuszmentes,1,priusz,/NOUN|[NEG_ATTRIB2]
értelem,értelemmentes,2,értelem,/NOUN|[NEG_ATTRIB2]
zaklatás,zaklatásmentes,1,zaklatás,/NOUN|[NEG_ATTRIB2]
hatóanyag,hatóanyagmentes,1,hatóanyag,/NOUN|[NEG_ATTRIB2]
roham,rohammentes,40,roham,/NOUN|[NEG_ATTRIB2]
göcs,göcsmentes,1,göcs,/NOUN|[NEG_ATTRIB2]
szakadás,szakadásmentes,4,szakadás,/NOUN|[NEG_ATTRIB2]
ezüst,ezüstmentes,2,ezüst,/NOUN|[NEG_ATTRIB2]
portó,portómentes,6,portó,/NOUN|[NEG_ATTRIB2]
verés,verésmentes,2,verés,/NOUN|[NEG_ATTRIB2]
izzadságszag,izzadságszagmentes,1,izzadságszag,/NOUN|[NEG_ATTRIB2]
fehérje,fehérjementes,3,fehérje,/NOUN|[NEG_ATTRIB2]
süppedés,süppedésmentes,3,süppedés,/NOUN|[NEG_ATTRIB2]
tükröződés,tükröződésmentes,3,tükröződés,/NOUN|[NEG_ATTRIB2]
közösség,közösségmentes,1,közösség,/NOUN|[NEG_ATTRIB2]
pszichológia,pszichológiamentes,2,pszichológia,/NOUN|[NEG_ATTRIB2]
gúny,gúnymentes,1,gúny,/NOUN|[NEG_ATTRIB2]
kudarc,kudarcmentes,2,kudarc,/NOUN|[NEG_ATTRIB2]
brucellózis,brucellózismentes,1,brucellózis,/NOUN|[NEG_ATTRIB2]
leégés,leégésmentes,6,leégés,/NOUN|[NEG_ATTRIB2]
oxigén,oxigénmentes,7,oxigén,/NOUN|[NEG_ATTRIB2]
kórokozó,kórokozómentes,1,kórokozó,/NOUN|[NEG_ATTRIB2]
bennszülött,bennszülöttmentes,1,bennszülött,/NOUN|[NEG_ATTRIB2]
halmozás,halmozásmentes,1,halmozás,/NOUN|[NEG_ATTRIB2]
szomjúság,szomjúságmentes,1,szomjúság,/NOUN|[NEG_ATTRIB2]
kapcsolat,kapcsolatmentes,3,kapcsolat,/NOUN|[NEG_ATTRIB2]
erény,erénymentes,1,erény,/NOUN|[NEG_ATTRIB2]
kereszt,keresztmentes,1,kereszt,/NOUN|[NEG_ATTRIB2]
ferdeség,ferdeségmentes,1,ferdeség,/NOUN|[NEG_ATTRIB2]
nedvesség,nedvességmentes,3,nedvesség,/NOUN|[NEG_ATTRIB2]
nyomás,nyomásmentes,1,nyomás,/NOUN|[NEG_ATTRIB2]
fickó,fickómentes,1,fickó,/NOUN|[NEG_ATTRIB2]
sztereotípia,sztereotípiamentes,1,sztereotípia,/NOUN|[NEG_ATTRIB2]
csavar,csavarmentes,1,csavar,/NOUN|[NEG_ATTRIB2]
ficam,ficammentes,1,ficam,/NOUN|[NEG_ATTRIB2]
félelem,félelemmentes,9,félelem,/NOUN|[NEG_ATTRIB2]
százalék,százalékmentes,1,százalék,/NOUN|[NEG_ATTRIB2]
hatalom,hatalommentes,11,hatalom,/NOUN|[NEG_ATTRIB2]
rázás,rázásmentes,1,rázás,/NOUN|[NEG_ATTRIB2]
gyűlölködés,gyűlölködésmentes,1,gyűlölködés,/NOUN|[NEG_ATTRIB2]
teljesítmény,teljesítménymentes,2,teljesítmény,/NOUN|[NEG_ATTRIB2]
domborulat,domborulatmentes,1,domborulat,/NOUN|[NEG_ATTRIB2]
benzin,benzinmentes,1,benzin,/NOUN|[NEG_ATTRIB2]
anyarozs,anyarozsmentes,1,anyarozs,/NOUN|[NEG_ATTRIB2]
frusztráció,frusztrációmentes,1,frusztráció,/NOUN|[NEG_ATTRIB2]
zárvány,zárványmentes,5,zárvány,/NOUN|[NEG_ATTRIB2]
ártalom,ártalommentes,7,ártalom,/NOUN|[NEG_ATTRIB2]
liba,libamentes,1,liba,/NOUN|[NEG_ATTRIB2]
biznisz,bizniszmentes,1,biznisz,/NOUN|[NEG_ATTRIB2]
mítosz,mítoszmentes,1,mítosz,/NOUN|[NEG_ATTRIB2]
sablon,sablonmentes,3,sablon,/NOUN|[NEG_ATTRIB2]
trauma,traumamentes,4,trauma,/NOUN|[NEG_ATTRIB2]
kontroll,kontrollmentes,1,kontroll,/NOUN|[NEG_ATTRIB2]
zeneszerzés,zeneszerzésmentes,1,zeneszerzés,/NOUN|[NEG_ATTRIB2]
csalás,csalásmentes,1,csalás,/NOUN|[NEG_ATTRIB2]
értékelés,értékelésmentes,1,értékelés,/NOUN|[NEG_ATTRIB2]
divat,divatmentes,2,divat,/NOUN|[NEG_ATTRIB2]
kulák,kulákmentes,1,kulák,/NOUN|[NEG_ATTRIB2]
rovar,rovarmentes,1,rovar,/NOUN|[NEG_ATTRIB2]
permetezés,permetezésmentes,1,permetezés,/NOUN|[NEG_ATTRIB2]
cicoma,cicomamentes,1,cicoma,/NOUN|[NEG_ATTRIB2]
szándék,szándékmentes,1,szándék,/NOUN|[NEG_ATTRIB2]
szemcse,szemcsementes,1,szemcse,/NOUN|[NEG_ATTRIB2]
korlátozás,korlátozásmentes,12,korlátozás,/NOUN|[NEG_ATTRIB2]
baleset,balesetmentes,8,baleset,/NOUN|[NEG_ATTRIB2]
gyapjú,gyapjúmentes,1,gyapjú,/NOUN|[NEG_ATTRIB2]
zökkenő,zökkenőmentes,11,zökkenő,/NOUN|[NEG_ATTRIB2]
mellékíz,mellékízmentes,1,mellékíz,/NOUN|[NEG_ATTRIB2]
torlódás,torlódásmentes,7,torlódás,/NOUN|[NEG_ATTRIB2]
szenvedés,szenvedésmentes,6,szenvedés,/NOUN|[NEG_ATTRIB2]
nélkülözés,nélkülözésmentes,1,nélkülözés,/NOUN|[NEG_ATTRIB2]
nyereség,nyereségmentes,1,nyereség,/NOUN|[NEG_ATTRIB2]
felkészülés,felkészülésmentes,1,felkészülés,/NOUN|[NEG_ATTRIB2]
vágás,vágásmentes,1,vágás,/NOUN|[NEG_ATTRIB2]
anyag,anyagmentes,10,anyag,/NOUN|[NEG_ATTRIB2]
demagógia,demagógiamentes,1,demagógia,/NOUN|[NEG_ATTRIB2]
ünnep,ünnepmentes,1,ünnep,/NOUN|[NEG_ATTRIB2]
szörny,szörnymentes,1,szörny,/NOUN|[NEG_ATTRIB2]
szertartás,szertartásmentes,1,szertartás,/NOUN|[NEG_ATTRIB2]
cuki,cukimentes,1,cuki,/NOUN|[NEG_ATTRIB2]
kultusz,kultuszmentes,2,kultusz,/NOUN|[NEG_ATTRIB2]
konspiráció,konspirációmentes,1,konspiráció,/NOUN|[NEG_ATTRIB2]
rekord,rekordmentes,1,rekord,/NOUN|[NEG_ATTRIB2]
válás,válásmentes,1,válás,/NOUN|[NEG_ATTRIB2]
áldozat,áldozatmentes,1,áldozat,/NOUN|[NEG_ATTRIB2]
defláció,deflációmentes,3,defláció,/NOUN|[NEG_ATTRIB2]
tónus,tónusmentes,1,tónus,/NOUN|[NEG_ATTRIB2]
szökés,szökésmentes,2,szökés,/NOUN|[NEG_ATTRIB2]
misztikum,misztikummentes,1,misztikum,/NOUN|[NEG_ATTRIB2]
város,városmentes,1,város,/NOUN|[NEG_ATTRIB2]
hisztéria,hisztériamentes,2,hisztéria,/NOUN|[NEG_ATTRIB2]
irány,iránymentes,1,irány,/NOUN|[NEG_ATTRIB2]
ütközés,ütközésmentes,3,ütközés,/NOUN|[NEG_ATTRIB2]
bolsevista,bolsevistamentes,1,bolsevista,/NOUN|[NEG_ATTRIB2]
megalapozás,megalapozásmentes,1,megalapozás,/NOUN|[NEG_ATTRIB2]
tévedés,tévedésmentes,5,tévedés,/NOUN|[NEG_ATTRIB2]
reklám,reklámmentes,2,reklám,/NOUN|[NEG_ATTRIB2]
megkülönböztetés,megkülönböztetésmentes,3,megkülönböztetés,/NOUN|[NEG_ATTRIB2]
tünet,tünetmentes,24,tünet,/NOUN|[NEG_ATTRIB2]
front,frontmentes,1,front,/NOUN|[NEG_ATTRIB2]
munka,munkamentes,2,munka,/NOUN|[NEG_ATTRIB2]
rongálás,rongálásmentes,1,rongálás,/NOUN|[NEG_ATTRIB2]
petárda,petárdamentes,1,petárda,/NOUN|[NEG_ATTRIB2]
csíra,csíramentes,9,csíra,/NOUN|[NEG_ATTRIB2]
buborék,buborékmentes,4,buborék,/NOUN|[NEG_ATTRIB2]
gyűlölet,gyűlöletmentes,3,gyűlölet,/NOUN|[NEG_ATTRIB2]
horgász,horgászmentes,1,horgász,/NOUN|[NEG_ATTRIB2]
aranka,arankamentes,5,aranka,/NOUN|[NEG_ATTRIB2]
fenyegetés,fenyegetésmentes,1,fenyegetés,/NOUN|[NEG_ATTRIB2]
vereség,vereségmentes,4,vereség,/NOUN|[NEG_ATTRIB2]
redundancia,redundanciamentes,4,redundancia,/NOUN|[NEG_ATTRIB2]
tekintély,tekintélymentes,1,tekintély,/NOUN|[NEG_ATTRIB2]
humorérzék,humorérzékmentes,1,humorérzék,/NOUN|[NEG_ATTRIB2]
lyuk,lyukmentes,1,lyuk,/NOUN|[NEG_ATTRIB2]
őrző,őrzőmentes,1,őrző,/NOUN|[NEG_ATTRIB2]
jogdíj,jogdíjmentes,2,jogdíj,/NOUN|[NEG_ATTRIB2]
bántalmazás,bántalmazásmentes,1,bántalmazás,/NOUN|[NEG_ATTRIB2]
dinamika,dinamikamentes,1,dinamika,/NOUN|[NEG_ATTRIB2]
golyva,golyvamentes,1,golyva,/NOUN|[NEG_ATTRIB2]
feltétel,feltételmentes,1,feltétel,/NOUN|[NEG_ATTRIB2]
önkény,önkénymentes,1,önkény,/NOUN|[NEG_ATTRIB2]
betegség,betegségmentes,7,betegség,/NOUN|[NEG_ATTRIB2]
vonat,vonatmentes,2,vonat,/NOUN|[NEG_ATTRIB2]
áradozás,áradozásmentes,1,áradozás,/NOUN|[NEG_ATTRIB2]
életveszély,életveszélymentes,1,életveszély,/NOUN|[NEG_ATTRIB2]
darab,darabmentes,1,darab,/NOUN|[NEG_ATTRIB2]
forgács,forgácsmentes,1,forgács,/NOUN|[NEG_ATTRIB2]
szóródás,szóródásmentes,2,szóródás,/NOUN|[NEG_ATTRIB2]
marketing,marketingmentes,4,marketing,/NOUN|[NEG_ATTRIB2]
csöpp,csöppmentes,1,csöpp,/NOUN|[NEG_ATTRIB2]
kételkedés,kételkedésmentes,4,kételkedés,/NOUN|[NEG_ATTRIB2]
hínár,hínármentes,1,hínár,/NOUN|[NEG_ATTRIB2]
példabeszéd,példabeszédmentes,1,példabeszéd,/NOUN|[NEG_ATTRIB2]
balesetveszély,balesetveszélymentes,1,balesetveszély,/NOUN|[NEG_ATTRIB2]
indulat,indulatmentes,15,indulat,/NOUN|[NEG_ATTRIB2]
pátosz,pátoszmentes,7,pátosz,/NOUN|[NEG_ATTRIB2]
téboly,tébolymentes,1,téboly,/NOUN|[NEG_ATTRIB2]
örvény,örvénymentes,9,örvény,/NOUN|[NEG_ATTRIB2]
ateizmus,ateizmusmentes,1,ateizmus,/NOUN|[NEG_ATTRIB2]
zálog,zálogmentes,1,zálog,/NOUN|[NEG_ATTRIB2]
csúszás,csúszásmentes,8,csúszás,/NOUN|[NEG_ATTRIB2]
aggály,aggálymentes,5,aggály,/NOUN|[NEG_ATTRIB2]
festék,festékmentes,1,festék,/NOUN|[NEG_ATTRIB2]
princípium,princípiummentes,1,princípium,/NOUN|[NEG_ATTRIB2]
szúrás,szúrásmentes,1,szúrás,/NOUN|[NEG_ATTRIB2]
illeték,illetékmentes,4,illeték,/NOUN|[NEG_ATTRIB2]
hidrogén,hidrogénmentes,1,hidrogén,/NOUN|[NEG_ATTRIB2]
panaszkodás,panaszkodásmentes,1,panaszkodás,/NOUN|[NEG_ATTRIB2]
kötelesség,kötelességmentes,1,kötelesség,/NOUN|[NEG_ATTRIB2]
dimenzió,dimenziómentes,8,dimenzió,/NOUN|[NEG_ATTRIB2]
érzékelés,érzékelésmentes,1,érzékelés,/NOUN|[NEG_ATTRIB2]
ránc,ráncmentes,1,ránc,/NOUN|[NEG_ATTRIB2]
romlás,romlásmentes,1,romlás,/NOUN|[NEG_ATTRIB2]
ellenállás,ellenállásmentes,2,ellenállás,/NOUN|[NEG_ATTRIB2]
vető,vetőmentes,1,vető,/NOUN|[NEG_ATTRIB2]
drog,drogmentes,1,drog,/NOUN|[NEG_ATTRIB2]
inger,ingermentes,2,inger,/NOUN|[NEG_ATTRIB2]
csersav,csersavmentes,1,csersav,/NOUN|[NEG_ATTRIB2]
számítás,számításmentes,1,számítás,/NOUN|[NEG_ATTRIB2]
adózás,adózásmentes,1,adózás,/NOUN|[NEG_ATTRIB2]
elvárás,elvárásmentes,1,elvárás,/NOUN|[NEG_ATTRIB2]
hangsúly,hangsúlymentes,1,hangsúly,/NOUN|[NEG_ATTRIB2]
udvariasság,udvariasságmentes,1,udvariasság,/NOUN|[NEG_ATTRIB2]
érintés,érintésmentes,23,érintés,/NOUN|[NEG_ATTRIB2]
változás,változásmentes,1,változás,/NOUN|[NEG_ATTRIB2]
külsőség,külsőségmentes,1,külsőség,/NOUN|[NEG_ATTRIB2]
földrengés,földrengésmentes,1,földrengés,/NOUN|[NEG_ATTRIB2]
ígéret,ígéretmentes,1,ígéret,/NOUN|[NEG_ATTRIB2]
kristályvíz,kristályvízmentes,1,kristályvíz,/NOUN|[NEG_ATTRIB2]
szeder,szedermentes,1,szeder,/NOUN|[NEG_ATTRIB2]
vita,vitamentes,4,vita,/NOUN|[NEG_ATTRIB2]
gépkocsi,gépkocsimentes,1,gépkocsi,/NOUN|[NEG_ATTRIB2]
drót,drótmentes,1,drót,/NOUN|[NEG_ATTRIB2]
fauna,faunamentes,4,fauna,/NOUN|[NEG_ATTRIB2]
hullám,hullámmentes,4,hullám,/NOUN|[NEG_ATTRIB2]
penész,penészmentes,1,penész,/NOUN|[NEG_ATTRIB2]
sallang,sallangmentes,8,sallang,/NOUN|[NEG_ATTRIB2]
üvöltés,üvöltésmentes,1,üvöltés,/NOUN|[NEG_ATTRIB2]
logika,logikamentes,1,logika,/NOUN|[NEG_ATTRIB2]
interferencia,interferenciamentes,2,interferencia,/NOUN|[NEG_ATTRIB2]
szégyen,szégyenmentes,1,szégyen,/NOUN|[NEG_ATTRIB2]
keserűség,keserűségmentes,1,keserűség,/NOUN|[NEG_ATTRIB2]
permet,permetmentes,3,permet,/NOUN|[NEG_ATTRIB2]
pernye,pernyementes,1,pernye,/NOUN|[NEG_ATTRIB2]
hazugság,hazugságmentes,9,hazugság,/NOUN|[NEG_ATTRIB2]
halál,halálmentes,2,halál,/NOUN|[NEG_ATTRIB2]
gyerek,gyerekmentes,1,gyerek,/NOUN|[NEG_ATTRIB2]
szigetelés,szigetelésmentes,1,szigetelés,/NOUN|[NEG_ATTRIB2]
szépség,szépségmentes,1,szépség,/NOUN|[NEG_ATTRIB2]
sugárzás,sugárzásmentes,7,sugárzás,/NOUN|[NEG_ATTRIB2]
áfa,áfamentes,8,áfa,/NOUN|[NEG_ATTRIB2]
zuhanyrózsa,zuhanyrózsamentes,1,zuhanyrózsa,/NOUN|[NEG_ATTRIB2]
sugár,sugármentes,2,sugár,/NOUN|[NEG_ATTRIB2]
csavarás,csavarásmentes,1,csavarás,/NOUN|[NEG_ATTRIB2]
ragacs,ragacsmentes,1,ragacs,/NOUN|[NEG_ATTRIB2]
beszámolás,beszámolásmentes,1,beszámolás,/NOUN|[NEG_ATTRIB2]
gondolat,gondolatmentes,7,gondolat,/NOUN|[NEG_ATTRIB2]
képzelet,képzeletmentes,2,képzelet,/NOUN|[NEG_ATTRIB2]
diktatúra,diktatúramentes,2,diktatúra,/NOUN|[NEG_ATTRIB2]
illúzió,illúziómentes,7,illúzió,/NOUN|[NEG_ATTRIB2]
halőr,halőrmentes,1,halőr,/NOUN|[NEG_ATTRIB2]
katona,katonamentes,1,katona,/NOUN|[NEG_ATTRIB2]
deficit,deficitmentes,3,deficit,/NOUN|[NEG_ATTRIB2]
szilánk,szilánkmentes,3,szilánk,/NOUN|[NEG_ATTRIB2]
lökés,lökésmentes,1,lökés,/NOUN|[NEG_ATTRIB2]
áremelés,áremelésmentes,1,áremelés,/NOUN|[NEG_ATTRIB2]
súrlódás,súrlódásmentes,9,súrlódás,/NOUN|[NEG_ATTRIB2]
lojalitás,lojalitásmentes,1,lojalitás,/NOUN|[NEG_ATTRIB2]
kerekasztal,kerekasztalmentes,1,kerekasztal,/NOUN|[NEG_ATTRIB2]
keret,keretmentes,1,keret,/NOUN|[NEG_ATTRIB2]
jelszó,jelszómentes,3,jelszó,/NOUN|[NEG_ATTRIB2]
határ,határmentes,1,határ,/NOUN|[NEG_ATTRIB2]
média,médiamentes,1,média,/NOUN|[NEG_ATTRIB2]
dekadens,dekadensmentes,1,dekadens,/NOUN|[NEG_ATTRIB2]
privatizáció,privatizációmentes,1,privatizáció,/NOUN|[NEG_ATTRIB2]
magyar,magyarmentes,2,magyar,/NOUN|[NEG_ATTRIB2]
szolgálat,szolgálatmentes,6,szolgálat,/NOUN|[NEG_ATTRIB2]
érc,ércmentes,1,érc,/NOUN|[NEG_ATTRIB2]
defekt,defektmentes,1,defekt,/NOUN|[NEG_ATTRIB2]
fertőzés,fertőzésmentes,7,fertőzés,/NOUN|[NEG_ATTRIB2]
alkohol,alkoholmentes,15,alkohol,/NOUN|[NEG_ATTRIB2]
kétkedés,kétkedésmentes,1,kétkedés,/NOUN|[NEG_ATTRIB2]
tradíció,tradíciómentes,1,tradíció,/NOUN|[NEG_ATTRIB2]
tapasztalat,tapasztalatmentes,1,tapasztalat,/NOUN|[NEG_ATTRIB2]
atombomba,atombombamentes,1,atombomba,/NOUN|[NEG_ATTRIB2]
hólyag,hólyagmentes,3,hólyag,/NOUN|[NEG_ATTRIB2]
tolakodás,tolakodásmentes,1,tolakodás,/NOUN|[NEG_ATTRIB2]
kényelmetlenség,kényelmetlenségmentes,1,kényelmetlenség,/NOUN|[NEG_ATTRIB2]
nedv,nedvmentes,1,nedv,/NOUN|[NEG_ATTRIB2]
egér,egérmentes,1,egér,/NOUN|[NEG_ATTRIB2]
agyag,agyagmentes,1,agyag,/NOUN|[NEG_ATTRIB2]
gomba,gombamentes,1,gomba,/NOUN|[NEG_ATTRIB2]
golyó,golyómentes,1,golyó,/NOUN|[NEG_ATTRIB2]
elit,elitmentes,1,elit,/NOUN|[NEG_ATTRIB2]
hősiesség,hősiességmentes,1,hősiesség,/NOUN|[NEG_ATTRIB2]
vizsgálat,vizsgálatmentes,1,vizsgálat,/NOUN|[NEG_ATTRIB2]
diszkrimináció,diszkriminációmentes,10,diszkrimináció,/NOUN|[NEG_ATTRIB2]
cenzúra,cenzúramentes,4,cenzúra,/NOUN|[NEG_ATTRIB2]
önérzet,önérzetmentes,1,önérzet,/NOUN|[NEG_ATTRIB2]
deviza,devizamentes,5,deviza,/NOUN|[NEG_ATTRIB2]
előírás,előírásmentes,1,előírás,/NOUN|[NEG_ATTRIB2]
lagzi,lagzimentes,1,lagzi,/NOUN|[NEG_ATTRIB2]
hadsereg,hadseregmentes,2,hadsereg,/NOUN|[NEG_ATTRIB2]
szintkülönbség,szintkülönbségmentes,1,szintkülönbség,/NOUN|[NEG_ATTRIB2]
rendőr,rendőrmentes,2,rendőr,/NOUN|[NEG_ATTRIB2]
sebhely,sebhelymentes,1,sebhely,/NOUN|[NEG_ATTRIB2]
költség,költségmentes,8,költség,/NOUN|[NEG_ATTRIB2]
gyötrelem,gyötrelemmentes,2,gyötrelem,/NOUN|[NEG_ATTRIB2]
mágnes,mágnesmentes,1,mágnes,/NOUN|[NEG_ATTRIB2]
feszültség,feszültségmentes,10,feszültség,/NOUN|[NEG_ATTRIB2]
reflexió,reflexiómentes,2,reflexió,/NOUN|[NEG_ATTRIB2]
csapadék,csapadékmentes,9,csapadék,/NOUN|[NEG_ATTRIB2]
zavarosság,zavarosságmentes,1,zavarosság,/NOUN|[NEG_ATTRIB2]
viszály,viszálymentes,1,viszály,/NOUN|[NEG_ATTRIB2]
méreg,méregmentes,12,méreg,/NOUN|[NEG_ATTRIB2]
erdő,erdőmentes,4,erdő,/NOUN|[NEG_ATTRIB2]
méret,méretmentes,1,méret,/NOUN|[NEG_ATTRIB2]
párbeszéd,párbeszédmentes,1,párbeszéd,/NOUN|[NEG_ATTRIB2]
belügy,belügymentes,1,belügy,/NOUN|[NEG_ATTRIB2]
szóda,szódamentes,2,szóda,/NOUN|[NEG_ATTRIB2]
vezeték,vezetékmentes,1,vezeték,/NOUN|[NEG_ATTRIB2]
megosztás,megosztásmentes,1,megosztás,/NOUN|[NEG_ATTRIB2]
erőltetés,erőltetésmentes,1,erőltetés,/NOUN|[NEG_ATTRIB2]
ambivalencia,ambivalenciamentes,1,ambivalencia,/NOUN|[NEG_ATTRIB2]
riadó,riadómentes,2,riadó,/NOUN|[NEG_ATTRIB2]
napsugár,napsugármentes,1,napsugár,/NOUN|[NEG_ATTRIB2]
rázkódás,rázkódásmentes,1,rázkódás,/NOUN|[NEG_ATTRIB2]
adósság,adósságmentes,6,adósság,/NOUN|[NEG_ATTRIB2]
hentes,hentesmentes,1,hentes,/NOUN|[NEG_ATTRIB2]
dopping,doppingmentes,2,dopping,/NOUN|[NEG_ATTRIB2]
felfedezés,felfedezésmentes,1,felfedezés,/NOUN|[NEG_ATTRIB2]
barázda,barázdamentes,1,barázda,/NOUN|[NEG_ATTRIB2]
akcentus,akcentusmentes,3,akcentus,/NOUN|[NEG_ATTRIB2]
erjedés,erjedésmentes,1,erjedés,/NOUN|[NEG_ATTRIB2]
robbanás,robbanásmentes,2,robbanás,/NOUN|[NEG_ATTRIB2]
erkölcs,erkölcsmentes,1,erkölcs,/NOUN|[NEG_ATTRIB2]
nafta,naftamentes,1,nafta,/NOUN|[NEG_ATTRIB2]
akadémia,akadémiamentes,1,akadémia,/NOUN|[NEG_ATTRIB2]
energia,energiamentes,4,energia,/NOUN|[NEG_ATTRIB2]
tápanyag,tápanyagmentes,1,tápanyag,/NOUN|[NEG_ATTRIB2]
közrend,közrendmentes,1,közrend,/NOUN|[NEG_ATTRIB2]
dohányzás,dohányzásmentes,5,dohányzás,/NOUN|[NEG_ATTRIB2]
dohány,dohánymentes,1,dohány,/NOUN|[NEG_ATTRIB2]
károkozás,károkozásmentes,1,károkozás,/NOUN|[NEG_ATTRIB2]
latin,latinmentes,1,latin,/NOUN|[NEG_ATTRIB2]
szappan,szappanmentes,1,szappan,/NOUN|[NEG_ATTRIB2]
kezelés,kezelésmentes,2,kezelés,/NOUN|[NEG_ATTRIB2]
karakter,karaktermentes,1,karakter,/NOUN|[NEG_ATTRIB2]
irónia,iróniamentes,2,irónia,/NOUN|[NEG_ATTRIB2]
öntudat,öntudatmentes,1,öntudat,/NOUN|[NEG_ATTRIB2]
görbület,görbületmentes,1,görbület,/NOUN|[NEG_ATTRIB2]
érzelem,érzelemmentes,12,érzelem,/NOUN|[NEG_ATTRIB2]
napfény,napfénymentes,2,napfény,/NOUN|[NEG_ATTRIB2]
foszfor,foszformentes,2,foszfor,/NOUN|[NEG_ATTRIB2]
káosz,káoszmentes,6,káosz,/NOUN|[NEG_ATTRIB2]
látvány,látványmentes,1,látvány,/NOUN|[NEG_ATTRIB2]
pocsolya,pocsolyamentes,1,pocsolya,/NOUN|[NEG_ATTRIB2]
asszimiláció,asszimilációmentes,1,asszimiláció,/NOUN|[NEG_ATTRIB2]
fagy,fagymentes,16,fagy,/NOUN|[NEG_ATTRIB2]
látványosság,látványosságmentes,1,látványosság,/NOUN|[NEG_ATTRIB2]
kampány,kampánymentes,1,kampány,/NOUN|[NEG_ATTRIB2]
bukás,bukásmentes,8,bukás,/NOUN|[NEG_ATTRIB2]
komplikáció,komplikációmentes,4,komplikáció,/NOUN|[NEG_ATTRIB2]
kölcsönhatás,kölcsönhatásmentes,5,kölcsönhatás,/NOUN|[NEG_ATTRIB2]
kátyú,kátyúmentes,2,kátyú,/NOUN|[NEG_ATTRIB2]
szivárgás,szivárgásmentes,5,szivárgás,/NOUN|[NEG_ATTRIB2]
keveredés,keveredésmentes,6,keveredés,/NOUN|[NEG_ATTRIB2]
hordozó,hordozómentes,3,hordozó,/NOUN|[NEG_ATTRIB2]
nyár,nyármentes,1,nyár,/NOUN|[NEG_ATTRIB2]
alternatíva,alternatívamentes,1,alternatíva,/NOUN|[NEG_ATTRIB2]
zavarás,zavarásmentes,1,zavarás,/NOUN|[NEG_ATTRIB2]
álom,álommentes,3,álom,/NOUN|[NEG_ATTRIB2]
skarlát,skarlátmentes,1,skarlát,/NOUN|[NEG_ATTRIB2]
terhelés,terhelésmentes,1,terhelés,/NOUN|[NEG_ATTRIB2]
pazarlás,pazarlásmentes,2,pazarlás,/NOUN|[NEG_ATTRIB2]
tudomány,tudománymentes,1,tudomány,/NOUN|[NEG_ATTRIB2]
foszfát,foszfátmentes,2,foszfát,/NOUN|[NEG_ATTRIB2]
televízió,televíziómentes,1,televízió,/NOUN|[NEG_ATTRIB2]
késedelem,késedelemmentes,1,késedelem,/NOUN|[NEG_ATTRIB2]
program,programmentes,1,program,/NOUN|[NEG_ATTRIB2]
retorika,retorikamentes,2,retorika,/NOUN|[NEG_ATTRIB2]
állóhullám,állóhullámmentes,1,állóhullám,/NOUN|[NEG_ATTRIB2]
intézmény,intézménymentes,1,intézmény,/NOUN|[NEG_ATTRIB2]
hierarchia,hierarchiamentes,1,hierarchia,/NOUN|[NEG_ATTRIB2]
nitrát,nitrátmentes,6,nitrát,/NOUN|[NEG_ATTRIB2]
selejt,selejtmentes,2,selejt,/NOUN|[NEG_ATTRIB2]
rombolás,rombolásmentes,2,rombolás,/NOUN|[NEG_ATTRIB2]
széllökés,széllökésmentes,2,széllökés,/NOUN|[NEG_ATTRIB2]
uralom,uralommentes,5,uralom,/NOUN|[NEG_ATTRIB2]
rokkantság,rokkantságmentes,8,rokkantság,/NOUN|[NEG_ATTRIB2]
áram,árammentes,1,áram,/NOUN|[NEG_ATTRIB2]
pala,palamentes,1,pala,/NOUN|[NEG_ATTRIB2]
nitrogén,nitrogénmentes,4,nitrogén,/NOUN|[NEG_ATTRIB2]
hernyó,hernyómentes,1,hernyó,/NOUN|[NEG_ATTRIB2]
pihe,pihementes,2,pihe,/NOUN|[NEG_ATTRIB2]
gond,gondmentes,7,gond,/NOUN|[NEG_ATTRIB2]
bizalom,bizalommentes,1,bizalom,/NOUN|[NEG_ATTRIB2]
légy,légymentes,1,légy,/NOUN|[NEG_ATTRIB2]
forradalom,forradalommentes,1,forradalom,/NOUN|[NEG_ATTRIB2]
babona,babonamentes,1,babona,/NOUN|[NEG_ATTRIB2]
gyom,gyommentes,19,gyom,/NOUN|[NEG_ATTRIB2]
szálka,szálkamentes,5,szálka,/NOUN|[NEG_ATTRIB2]
