porcika,porcikánként,2,porcika,/NOUN|[PERIOD1]
zsinagóga,zsinagógánként,1,zsinagóga,/NOUN|[PERIOD1]
küllő,küllőnként,1,küllő,/NOUN|[PERIOD1]
árva,árvánként,1,árva,/NOUN|[PERIOD1]
értékpapír,értékpapíronként,1,értékpapír,/NOUN|[PERIOD1]
szótár,szótáranként,1,szótár,/NOUN|[PERIOD1]
pamat,pamatonként,1,pamat,/NOUN|[PERIOD1]
divízió,divíziónként,1,divízió,/NOUN|[PERIOD1]
megbízó,megbízónként,1,megbízó,/NOUN|[PERIOD1]
korty,kortyonként,12,korty,/NOUN|[PERIOD1]
márka,márkánként,3,márka,/NOUN|[PERIOD1]
korsó,korsónként,1,korsó,/NOUN|[PERIOD1]
fiók,fiókonként,3,fiók,/NOUN|[PERIOD1]
verzió,verziónként,3,verzió,/NOUN|[PERIOD1]
formátum,formátumonként,2,formátum,/NOUN|[PERIOD1]
átló,átlónként,1,átló,/NOUN|[PERIOD1]
égtáj,égtájanként,3,égtáj,/NOUN|[PERIOD1]
dialektus,dialektusonként,1,dialektus,/NOUN|[PERIOD1]
fillér,fillérenként,9,fillér,/NOUN|[PERIOD1]
böngésző,böngészőnként,1,böngésző,/NOUN|[PERIOD1]
fordulás,fordulásonként,1,fordulás,/NOUN|[PERIOD1]
folt,foltonként,9,folt,/NOUN|[PERIOD1]
tincs,tincsenként,1,tincs,/NOUN|[PERIOD1]
partner,partnerenként,3,partner,/NOUN|[PERIOD1]
font,fontonként,14,font,/NOUN|[PERIOD1]
fa,fánként,4,fa,/NOUN|[PERIOD1]
bá,bánként,9,bá,/NOUN|[PERIOD1]
bú,búnként,1,bú,/NOUN|[PERIOD1]
dó,dónként,2,dó,/NOUN|[PERIOD1]
bő,bőnként,2,bő,/NOUN|[PERIOD1]
bű,bűnként,10,bű,/NOUN|[PERIOD1]
la,lanként,3,la,/NOUN|[PERIOD1]
érzékszerv,érzékszervenként,2,érzékszerv,/NOUN|[PERIOD1]
hó,havanként,1,hó,/NOUN|[PERIOD1]
hó,havonként,13,hó,/NOUN|[PERIOD1]
ma,mánként,1,ma,/NOUN|[PERIOD1]
fő,főnként,2,fő,/NOUN|[PERIOD1]
fotó,fotónként,1,fotó,/NOUN|[PERIOD1]
fű,füvenként,1,fű,/NOUN|[PERIOD1]
ok,okonként,2,ok,/NOUN|[PERIOD1]
ló,lovanként,6,ló,/NOUN|[PERIOD1]
tagozat,tagozatonként,5,tagozat,/NOUN|[PERIOD1]
kő,kövenként,9,kő,/NOUN|[PERIOD1]
pá,pánként,3,pá,/NOUN|[PERIOD1]
nő,nőnként,1,nő,/NOUN|[PERIOD1]
mű,művenként,4,mű,/NOUN|[PERIOD1]
sí,sínként,1,sí,/NOUN|[PERIOD1]
só,sónként,1,só,/NOUN|[PERIOD1]
módszer,módszerenként,4,módszer,/NOUN|[PERIOD1]
tő,tövenként,3,tő,/NOUN|[PERIOD1]
növény,növényenként,4,növény,/NOUN|[PERIOD1]
jogsértés,jogsértésenként,2,jogsértés,/NOUN|[PERIOD1]
kavics,kavicsonként,1,kavics,/NOUN|[PERIOD1]
fogyatékosság,fogyatékosságonként,1,fogyatékosság,/NOUN|[PERIOD1]
életkor,életkoronként,12,életkor,/NOUN|[PERIOD1]
erőmű,erőművenként,1,erőmű,/NOUN|[PERIOD1]
kézírás,kézírásonként,1,kézírás,/NOUN|[PERIOD1]
elkövető,elkövetőnként,1,elkövető,/NOUN|[PERIOD1]
fordulat,fordulatonként,6,fordulat,/NOUN|[PERIOD1]
típus,típusonként,10,típus,/NOUN|[PERIOD1]
másnap,másnaponként,10,másnap,/NOUN|[PERIOD1]
kutatópont,kutatópontonként,2,kutatópont,/NOUN|[PERIOD1]
kosár,kosaranként,3,kosár,/NOUN|[PERIOD1]
grádics,grádicsonként,3,grádics,/NOUN|[PERIOD1]
emberfajta,emberfajtánként,1,emberfajta,/NOUN|[PERIOD1]
árkus,árkusonként,4,árkus,/NOUN|[PERIOD1]
adapter,adapterenként,1,adapter,/NOUN|[PERIOD1]
csatlakozás,csatlakozásonként,1,csatlakozás,/NOUN|[PERIOD1]
tömeg,tömegenként,3,tömeg,/NOUN|[PERIOD1]
filmkocka,filmkockánként,1,filmkocka,/NOUN|[PERIOD1]
dolgozat,dolgozatonként,1,dolgozat,/NOUN|[PERIOD1]
törvényszék,törvényszékenként,1,törvényszék,/NOUN|[PERIOD1]
melléktermék,melléktermékenként,1,melléktermék,/NOUN|[PERIOD1]
időpont,időpontonként,1,időpont,/NOUN|[PERIOD1]
ág,áganként,11,ág,/NOUN|[PERIOD1]
ár,áronként,1,ár,/NOUN|[PERIOD1]
ár,áranként,2,ár,/NOUN|[PERIOD1]
kezdőbetű,kezdőbetűnként,1,kezdőbetű,/NOUN|[PERIOD1]
parti,partinként,2,parti,/NOUN|[PERIOD1]
ég,egenként,2,ég,/NOUN|[PERIOD1]
éj,éjenként,11,éj,/NOUN|[PERIOD1]
él,élenként,2,él,/NOUN|[PERIOD1]
én,énenként,1,én,/NOUN|[PERIOD1]
ér,erenként,1,ér,/NOUN|[PERIOD1]
év,évenként,33,év,/NOUN|[PERIOD1]
ív,ívenként,9,ív,/NOUN|[PERIOD1]
íz,ízenként,10,íz,/NOUN|[PERIOD1]
kéve,kévénként,4,kéve,/NOUN|[PERIOD1]
göngyöleg,göngyölegenként,1,göngyöleg,/NOUN|[PERIOD1]
ón,ónonként,1,ón,/NOUN|[PERIOD1]
öl,ölönként,1,öl,/NOUN|[PERIOD1]
öv,övenként,1,öv,/NOUN|[PERIOD1]
pillanat,pillanatonként,12,pillanat,/NOUN|[PERIOD1]
tanuló,tanulónként,12,tanuló,/NOUN|[PERIOD1]
parány,parányonként,1,parány,/NOUN|[PERIOD1]
ekealj,ekealjanként,2,ekealj,/NOUN|[PERIOD1]
lándzsa,lándzsánként,1,lándzsa,/NOUN|[PERIOD1]
út,utanként,2,út,/NOUN|[PERIOD1]
bankfiók,bankfiókonként,1,bankfiók,/NOUN|[PERIOD1]
népfőiskola,népfőiskolánként,1,népfőiskola,/NOUN|[PERIOD1]
tömlő,tömlőnként,1,tömlő,/NOUN|[PERIOD1]
mázsa,mázsánként,18,mázsa,/NOUN|[PERIOD1]
négyszögöl,négyszögölenként,17,négyszögöl,/NOUN|[PERIOD1]
partíció,partíciónként,3,partíció,/NOUN|[PERIOD1]
kvadrát,kvadrátonként,1,kvadrát,/NOUN|[PERIOD1]
módszertan,módszertanonként,1,módszertan,/NOUN|[PERIOD1]
snitt,snittenként,2,snitt,/NOUN|[PERIOD1]
métermázsa,métermázsánként,11,métermázsa,/NOUN|[PERIOD1]
orsó,orsónként,2,orsó,/NOUN|[PERIOD1]
lejárat,lejáratonként,1,lejárat,/NOUN|[PERIOD1]
palacsinta,palacsintánként,1,palacsinta,/NOUN|[PERIOD1]
téka,tékánként,2,téka,/NOUN|[PERIOD1]
téma,témánként,13,téma,/NOUN|[PERIOD1]
kántor,kántoronként,3,kántor,/NOUN|[PERIOD1]
állománycsoport,állománycsoportonként,4,állománycsoport,/NOUN|[PERIOD1]
uncia,unciánként,6,uncia,/NOUN|[PERIOD1]
fogyatkozás,fogyatkozásonként,1,fogyatkozás,/NOUN|[PERIOD1]
rakás,rakásonként,2,rakás,/NOUN|[PERIOD1]
századmásodperc,századmásodpercenként,1,századmásodperc,/NOUN|[PERIOD1]
rádiócső,rádiócsövenként,1,rádiócső,/NOUN|[PERIOD1]
pályázó,pályázónként,2,pályázó,/NOUN|[PERIOD1]
alcsoport,alcsoportonként,3,alcsoport,/NOUN|[PERIOD1]
gépíró,gépírónként,1,gépíró,/NOUN|[PERIOD1]
mosás,mosásonként,1,mosás,/NOUN|[PERIOD1]
háromláb,háromlábanként,1,háromláb,/NOUN|[PERIOD1]
kislány,kislányonként,1,kislány,/NOUN|[PERIOD1]
rassz,rasszonként,4,rassz,/NOUN|[PERIOD1]
üsző,üszőnként,1,üsző,/NOUN|[PERIOD1]
testrész,testrészenként,1,testrész,/NOUN|[PERIOD1]
árufajta,árufajtánként,4,árufajta,/NOUN|[PERIOD1]
ütem,ütemenként,8,ütem,/NOUN|[PERIOD1]
üteg,ütegenként,7,üteg,/NOUN|[PERIOD1]
vecsernye,vecsernyénként,3,vecsernye,/NOUN|[PERIOD1]
kurzus,kurzusonként,5,kurzus,/NOUN|[PERIOD1]
fazetta,fazettánként,1,fazetta,/NOUN|[PERIOD1]
shilling,shillingenként,1,shilling,/NOUN|[PERIOD1]
szófaj,szófajonként,3,szófaj,/NOUN|[PERIOD1]
temető,temetőnként,1,temető,/NOUN|[PERIOD1]
szárny,szárnyanként,3,szárny,/NOUN|[PERIOD1]
tanerő,tanerőnként,1,tanerő,/NOUN|[PERIOD1]
szólam,szólamonként,5,szólam,/NOUN|[PERIOD1]
szivattyú,szivattyúnként,2,szivattyú,/NOUN|[PERIOD1]
időköz,időközönként,13,időköz,/NOUN|[PERIOD1]
nyersanyag,nyersanyagonként,1,nyersanyag,/NOUN|[PERIOD1]
töredék,töredékenként,4,töredék,/NOUN|[PERIOD1]
fuvar,fuvaronként,1,fuvar,/NOUN|[PERIOD1]
százalékpont,százalékpontonként,1,százalékpont,/NOUN|[PERIOD1]
családfő,családfőnként,1,családfő,/NOUN|[PERIOD1]
felmérés,felmérésenként,1,felmérés,/NOUN|[PERIOD1]
földrész,földrészenként,7,földrész,/NOUN|[PERIOD1]
foglalkoztatott,foglalkoztatottanként,7,foglalkoztatott,/NOUN|[PERIOD1]
papírlap,papírlaponként,1,papírlap,/NOUN|[PERIOD1]
organizmus,organizmusonként,1,organizmus,/NOUN|[PERIOD1]
kiegészítés,kiegészítésenként,1,kiegészítés,/NOUN|[PERIOD1]
tantárgy,tantárgyanként,9,tantárgy,/NOUN|[PERIOD1]
intervallum,intervallumonként,2,intervallum,/NOUN|[PERIOD1]
vájvég,vájvégenként,1,vájvég,/NOUN|[PERIOD1]
esztendő,esztendőnként,18,esztendő,/NOUN|[PERIOD1]
homlokzat,homlokzatonként,1,homlokzat,/NOUN|[PERIOD1]
tannyelv,tannyelvenként,1,tannyelv,/NOUN|[PERIOD1]
vizsga,vizsgánként,1,vizsga,/NOUN|[PERIOD1]
vizit,vizitenként,2,vizit,/NOUN|[PERIOD1]
haláleset,halálesetenként,2,haláleset,/NOUN|[PERIOD1]
trojka,trojkánként,1,trojka,/NOUN|[PERIOD1]
pata,patánként,1,pata,/NOUN|[PERIOD1]
tömb,tömbönként,3,tömb,/NOUN|[PERIOD1]
üzem,üzemenként,5,üzem,/NOUN|[PERIOD1]
tányér,tányéronként,1,tányér,/NOUN|[PERIOD1]
szimbólum,szimbólumonként,1,szimbólum,/NOUN|[PERIOD1]
tanya,tanyánként,2,tanya,/NOUN|[PERIOD1]
véradás,véradásonként,1,véradás,/NOUN|[PERIOD1]
munkahely,munkahelyenként,9,munkahely,/NOUN|[PERIOD1]
végpont,végpontonként,2,végpont,/NOUN|[PERIOD1]
koordináta,koordinátánként,1,koordináta,/NOUN|[PERIOD1]
helység,helységenként,12,helység,/NOUN|[PERIOD1]
láda,ládánként,4,láda,/NOUN|[PERIOD1]
szünet,szünetenként,1,szünet,/NOUN|[PERIOD1]
tanár,tanáronként,4,tanár,/NOUN|[PERIOD1]
felhasználó,felhasználónként,8,felhasználó,/NOUN|[PERIOD1]
lánc,lánconként,1,lánc,/NOUN|[PERIOD1]
láma,lámánként,1,láma,/NOUN|[PERIOD1]
túra,túránként,1,túra,/NOUN|[PERIOD1]
szótag,szótagonként,11,szótag,/NOUN|[PERIOD1]
evőkanál,evőkanalanként,11,evőkanál,/NOUN|[PERIOD1]
szakszervezet,szakszervezetenként,1,szakszervezet,/NOUN|[PERIOD1]
naptár,naptáranként,1,naptár,/NOUN|[PERIOD1]
ezred,ezredenként,12,ezred,/NOUN|[PERIOD1]
törvényhatóság,törvényhatóságonként,3,törvényhatóság,/NOUN|[PERIOD1]
yard,yardonként,2,yard,/NOUN|[PERIOD1]
helyzet,helyzetenként,5,helyzet,/NOUN|[PERIOD1]
vagon,vagononként,9,vagon,/NOUN|[PERIOD1]
vágány,vágányonként,1,vágány,/NOUN|[PERIOD1]
riport,riportonként,1,riport,/NOUN|[PERIOD1]
bajnokság,bajnokságonként,1,bajnokság,/NOUN|[PERIOD1]
bányavidék,bányavidékenként,1,bányavidék,/NOUN|[PERIOD1]
világrész,világrészenként,1,világrész,/NOUN|[PERIOD1]
kimutatás,kimutatásonként,1,kimutatás,/NOUN|[PERIOD1]
gallon,gallononként,1,gallon,/NOUN|[PERIOD1]
időegység,időegységenként,6,időegység,/NOUN|[PERIOD1]
verszt,versztenként,1,verszt,/NOUN|[PERIOD1]
vizsga,vizsgánként,1,vizsga,/NOUN|[PERIOD1]
bútor,bútoronként,1,bútor,/NOUN|[PERIOD1]
vizit,vizitenként,2,vizit,/NOUN|[PERIOD1]
haláleset,halálesetenként,2,haláleset,/NOUN|[PERIOD1]
trojka,trojkánként,1,trojka,/NOUN|[PERIOD1]
pata,patánként,1,pata,/NOUN|[PERIOD1]
tömb,tömbönként,3,tömb,/NOUN|[PERIOD1]
üzem,üzemenként,5,üzem,/NOUN|[PERIOD1]
tányér,tányéronként,1,tányér,/NOUN|[PERIOD1]
munkás,munkásonként,2,munkás,/NOUN|[PERIOD1]
század,századonként,11,század,/NOUN|[PERIOD1]
szimbólum,szimbólumonként,1,szimbólum,/NOUN|[PERIOD1]
tanya,tanyánként,2,tanya,/NOUN|[PERIOD1]
véradás,véradásonként,1,véradás,/NOUN|[PERIOD1]
munkahely,munkahelyenként,9,munkahely,/NOUN|[PERIOD1]
végpont,végpontonként,2,végpont,/NOUN|[PERIOD1]
koordináta,koordinátánként,1,koordináta,/NOUN|[PERIOD1]
helység,helységenként,12,helység,/NOUN|[PERIOD1]
láda,ládánként,4,láda,/NOUN|[PERIOD1]
szünet,szünetenként,1,szünet,/NOUN|[PERIOD1]
tanár,tanáronként,4,tanár,/NOUN|[PERIOD1]
felhasználó,felhasználónként,8,felhasználó,/NOUN|[PERIOD1]
lánc,lánconként,1,lánc,/NOUN|[PERIOD1]
láma,lámánként,1,láma,/NOUN|[PERIOD1]
perc,percenként,14,perc,/NOUN|[PERIOD1]
pete,peténként,1,pete,/NOUN|[PERIOD1]
túra,túránként,1,túra,/NOUN|[PERIOD1]
szótag,szótagonként,11,szótag,/NOUN|[PERIOD1]
evőkanál,evőkanalanként,11,evőkanál,/NOUN|[PERIOD1]
szakszervezet,szakszervezetenként,1,szakszervezet,/NOUN|[PERIOD1]
naptár,naptáranként,1,naptár,/NOUN|[PERIOD1]
ezred,ezredenként,12,ezred,/NOUN|[PERIOD1]
hajnal,hajnalonként,14,hajnal,/NOUN|[PERIOD1]
törvényhatóság,törvényhatóságonként,3,törvényhatóság,/NOUN|[PERIOD1]
szakasz,szakaszonként,18,szakasz,/NOUN|[PERIOD1]
yard,yardonként,2,yard,/NOUN|[PERIOD1]
helyzet,helyzetenként,5,helyzet,/NOUN|[PERIOD1]
vagon,vagononként,9,vagon,/NOUN|[PERIOD1]
vágány,vágányonként,1,vágány,/NOUN|[PERIOD1]
riport,riportonként,1,riport,/NOUN|[PERIOD1]
bajnokság,bajnokságonként,1,bajnokság,/NOUN|[PERIOD1]
bányavidék,bányavidékenként,1,bányavidék,/NOUN|[PERIOD1]
világrész,világrészenként,1,világrész,/NOUN|[PERIOD1]
kimutatás,kimutatásonként,1,kimutatás,/NOUN|[PERIOD1]
gallon,gallononként,1,gallon,/NOUN|[PERIOD1]
tanév,tanévenként,29,tanév,/NOUN|[PERIOD1]
időegység,időegységenként,6,időegység,/NOUN|[PERIOD1]
verszt,versztenként,1,verszt,/NOUN|[PERIOD1]
piac,piaconként,5,piac,/NOUN|[PERIOD1]
szökőév,szökőévenként,6,szökőév,/NOUN|[PERIOD1]
korong,korongonként,1,korong,/NOUN|[PERIOD1]
korona,koronánként,3,korona,/NOUN|[PERIOD1]
hétköznap,hétköznaponként,9,hétköznap,/NOUN|[PERIOD1]
objektum,objektumonként,2,objektum,/NOUN|[PERIOD1]
kontextus,kontextusonként,2,kontextus,/NOUN|[PERIOD1]
varrat,varratonként,1,varrat,/NOUN|[PERIOD1]
területrész,területrészenként,2,területrész,/NOUN|[PERIOD1]
szolgáltatás,szolgáltatásonként,9,szolgáltatás,/NOUN|[PERIOD1]
porszem,porszemenként,2,porszem,/NOUN|[PERIOD1]
felügyelőség,felügyelőségenként,1,felügyelőség,/NOUN|[PERIOD1]
kiadvány,kiadványonként,2,kiadvány,/NOUN|[PERIOD1]
munkaegység,munkaegységenként,4,munkaegység,/NOUN|[PERIOD1]
birtok,birtokonként,1,birtok,/NOUN|[PERIOD1]
súlycsoport,súlycsoportonként,1,súlycsoport,/NOUN|[PERIOD1]
örökös,örökösönként,2,örökös,/NOUN|[PERIOD1]
nyomtatvány,nyomtatványonként,1,nyomtatvány,/NOUN|[PERIOD1]
esztena,esztenánként,1,esztena,/NOUN|[PERIOD1]
szezon,szezononként,3,szezon,/NOUN|[PERIOD1]
porció,porciónként,3,porció,/NOUN|[PERIOD1]
művészet,művészetenként,1,művészet,/NOUN|[PERIOD1]
légy,legyenként,1,légy,/NOUN|[PERIOD1]
sóhaj,sóhajonként,1,sóhaj,/NOUN|[PERIOD1]
sátor,sátronként,1,sátor,/NOUN|[PERIOD1]
sátor,sátranként,2,sátor,/NOUN|[PERIOD1]
birtokos,birtokosonként,2,birtokos,/NOUN|[PERIOD1]
leírás,leírásonként,1,leírás,/NOUN|[PERIOD1]
regiszter,regiszterenként,2,regiszter,/NOUN|[PERIOD1]
idény,idényenként,7,idény,/NOUN|[PERIOD1]
utasítás,utasításonként,2,utasítás,/NOUN|[PERIOD1]
polc,polconként,1,polc,/NOUN|[PERIOD1]
pont,pontonként,14,pont,/NOUN|[PERIOD1]
port,portonként,5,port,/NOUN|[PERIOD1]
foszlány,foszlányonként,3,foszlány,/NOUN|[PERIOD1]
generáció,generációnként,5,generáció,/NOUN|[PERIOD1]
ötödév,ötödévenként,3,ötödév,/NOUN|[PERIOD1]
vármegye,vármegyénként,13,vármegye,/NOUN|[PERIOD1]
fűszál,fűszálanként,2,fűszál,/NOUN|[PERIOD1]
temetés,temetésenként,1,temetés,/NOUN|[PERIOD1]
projekt,projektenként,10,projekt,/NOUN|[PERIOD1]
juttatás,juttatásonként,2,juttatás,/NOUN|[PERIOD1]
börtönév,börtönévenként,1,börtönév,/NOUN|[PERIOD1]
kategória,kategóriánként,13,kategória,/NOUN|[PERIOD1]
virágzat,virágzatonként,1,virágzat,/NOUN|[PERIOD1]
jegybank,jegybankonként,4,jegybank,/NOUN|[PERIOD1]
oppozíció,oppozíciónként,1,oppozíció,/NOUN|[PERIOD1]
szárnyborda,szárnybordánként,1,szárnyborda,/NOUN|[PERIOD1]
cserép,cserepenként,1,cserép,/NOUN|[PERIOD1]
csemete,csemeténként,1,csemete,/NOUN|[PERIOD1]
növendék,növendékenként,2,növendék,/NOUN|[PERIOD1]
poltura,polturánként,1,poltura,/NOUN|[PERIOD1]
helyettes,helyettesenként,1,helyettes,/NOUN|[PERIOD1]
beteg,betegenként,6,beteg,/NOUN|[PERIOD1]
forrás,forrásonként,4,forrás,/NOUN|[PERIOD1]
varró,varrónként,5,varró,/NOUN|[PERIOD1]
hálózat,hálózatonként,3,hálózat,/NOUN|[PERIOD1]
turnus,turnusonként,3,turnus,/NOUN|[PERIOD1]
palota,palotánként,1,palota,/NOUN|[PERIOD1]
prés,présenként,1,prés,/NOUN|[PERIOD1]
messzely,messzelyenként,1,messzely,/NOUN|[PERIOD1]
gyár,gyáranként,2,gyár,/NOUN|[PERIOD1]
hallgató,hallgatónként,6,hallgató,/NOUN|[PERIOD1]
horgony,horgonyonként,1,horgony,/NOUN|[PERIOD1]
bakhát,bakhátanként,1,bakhát,/NOUN|[PERIOD1]
félemelet,félemeletenként,1,félemelet,/NOUN|[PERIOD1]
városnegyed,városnegyedenként,4,városnegyed,/NOUN|[PERIOD1]
operátor,operátoronként,1,operátor,/NOUN|[PERIOD1]
számla,számlánként,2,számla,/NOUN|[PERIOD1]
üzemág,üzemáganként,1,üzemág,/NOUN|[PERIOD1]
cafat,cafatonként,1,cafat,/NOUN|[PERIOD1]
ajánlat,ajánlatonként,1,ajánlat,/NOUN|[PERIOD1]
betét,betétenként,1,betét,/NOUN|[PERIOD1]
személy,személyenként,13,személy,/NOUN|[PERIOD1]
hang,hangonként,7,hang,/NOUN|[PERIOD1]
igénylő,igénylőnként,1,igénylő,/NOUN|[PERIOD1]
dekád,dekádonként,4,dekád,/NOUN|[PERIOD1]
félkör,félkörönként,1,félkör,/NOUN|[PERIOD1]
hajó,hajónként,2,hajó,/NOUN|[PERIOD1]
mondás,mondásonként,1,mondás,/NOUN|[PERIOD1]
csomag,csomagonként,5,csomag,/NOUN|[PERIOD1]
altörzs,altörzsenként,1,altörzs,/NOUN|[PERIOD1]
ügyirat,ügyiratonként,1,ügyirat,/NOUN|[PERIOD1]
kocsirakomány,kocsirakományonként,1,kocsirakomány,/NOUN|[PERIOD1]
gramm,grammonként,11,gramm,/NOUN|[PERIOD1]
szelet,szeletenként,10,szelet,/NOUN|[PERIOD1]
csokor,csokronként,1,csokor,/NOUN|[PERIOD1]
folyószám,folyószámonként,1,folyószám,/NOUN|[PERIOD1]
szekta,szektánként,1,szekta,/NOUN|[PERIOD1]
kultúra,kultúránként,12,kultúra,/NOUN|[PERIOD1]
tranzakció,tranzakciónként,6,tranzakció,/NOUN|[PERIOD1]
kilométer,kilométerenként,16,kilométer,/NOUN|[PERIOD1]
postafiók,postafiókonként,1,postafiók,/NOUN|[PERIOD1]
hely,helyenként,24,hely,/NOUN|[PERIOD1]
évezred,évezredenként,6,évezred,/NOUN|[PERIOD1]
korosztály,korosztályonként,10,korosztály,/NOUN|[PERIOD1]
elmélet,elméletenként,1,elmélet,/NOUN|[PERIOD1]
félnap,félnaponként,4,félnap,/NOUN|[PERIOD1]
szekér,szekerenként,8,szekér,/NOUN|[PERIOD1]
állítás,állításonként,1,állítás,/NOUN|[PERIOD1]
vezető,vezetőnként,1,vezető,/NOUN|[PERIOD1]
csapa,csapánként,1,csapa,/NOUN|[PERIOD1]
harmadév,harmadévenként,6,harmadév,/NOUN|[PERIOD1]
termelőtevékenység,termelőtevékenységenként,1,termelőtevékenység,/NOUN|[PERIOD1]
lurkó,lurkónként,1,lurkó,/NOUN|[PERIOD1]
reggel,reggelenként,16,reggel,/NOUN|[PERIOD1]
január,januáronként,1,január,/NOUN|[PERIOD1]
motiváció,motivációnként,1,motiváció,/NOUN|[PERIOD1]
résztvevő,résztvevőnként,1,résztvevő,/NOUN|[PERIOD1]
ülésszak,ülésszakonként,2,ülésszak,/NOUN|[PERIOD1]
szisztéma,szisztémánként,1,szisztéma,/NOUN|[PERIOD1]
társadalom,társadalmanként,10,társadalom,/NOUN|[PERIOD1]
számosállat,számosállatonként,6,számosállat,/NOUN|[PERIOD1]
kommuna,kommunánként,2,kommuna,/NOUN|[PERIOD1]
kályha,kályhánként,1,kályha,/NOUN|[PERIOD1]
december,decemberenként,1,december,/NOUN|[PERIOD1]
hagyomány,hagyományonként,2,hagyomány,/NOUN|[PERIOD1]
csepp,cseppenként,10,csepp,/NOUN|[PERIOD1]
csere,cserénként,1,csere,/NOUN|[PERIOD1]
szerző,szerzőnként,8,szerző,/NOUN|[PERIOD1]
újság,újságonként,2,újság,/NOUN|[PERIOD1]
csekk,csekkenként,2,csekk,/NOUN|[PERIOD1]
pavilon,pavilononként,1,pavilon,/NOUN|[PERIOD1]
gyermek,gyermekenként,26,gyermek,/NOUN|[PERIOD1]
fejes,fejesenként,1,fejes,/NOUN|[PERIOD1]
felekezet,felekezetenként,16,felekezet,/NOUN|[PERIOD1]
tavasz,tavaszonként,11,tavasz,/NOUN|[PERIOD1]
vállalkozás,vállalkozásonként,3,vállalkozás,/NOUN|[PERIOD1]
szemlélet,szemléletenként,1,szemlélet,/NOUN|[PERIOD1]
szemét,szemetenként,1,szemét,/NOUN|[PERIOD1]
izotóp,izotóponként,1,izotóp,/NOUN|[PERIOD1]
stádium,stádiumonként,2,stádium,/NOUN|[PERIOD1]
parancs,parancsonként,2,parancs,/NOUN|[PERIOD1]
tájegység,tájegységenként,14,tájegység,/NOUN|[PERIOD1]
nagyváros,nagyvárosonként,1,nagyváros,/NOUN|[PERIOD1]
éghajlat,éghajlatonként,1,éghajlat,/NOUN|[PERIOD1]
ellenőrzés,ellenőrzésenként,3,ellenőrzés,/NOUN|[PERIOD1]
széria,szériánként,1,széria,/NOUN|[PERIOD1]
négyzetöl,négyzetölenként,3,négyzetöl,/NOUN|[PERIOD1]
hétvége,hétvégénként,3,hétvége,/NOUN|[PERIOD1]
repülőtér,repülőterenként,1,repülőtér,/NOUN|[PERIOD1]
szakosztály,szakosztályonként,2,szakosztály,/NOUN|[PERIOD1]
hangjegy,hangjegyenként,2,hangjegy,/NOUN|[PERIOD1]
hitelintézet,hitelintézetenként,3,hitelintézet,/NOUN|[PERIOD1]
ezerév,ezerévenként,8,ezerév,/NOUN|[PERIOD1]
kormány,kormányonként,4,kormány,/NOUN|[PERIOD1]
jószág,jószágonként,2,jószág,/NOUN|[PERIOD1]
szerda,szerdánként,10,szerda,/NOUN|[PERIOD1]
csikó,csikónként,1,csikó,/NOUN|[PERIOD1]
gyártó,gyártónként,3,gyártó,/NOUN|[PERIOD1]
kísérlet,kísérletenként,1,kísérlet,/NOUN|[PERIOD1]
csiga,csigánként,1,csiga,/NOUN|[PERIOD1]
vakáció,vakációnként,1,vakáció,/NOUN|[PERIOD1]
osztály,osztályonként,10,osztály,/NOUN|[PERIOD1]
hold,holdonként,8,hold,/NOUN|[PERIOD1]
hold,holdanként,140,hold,/NOUN|[PERIOD1]
fejés,fejésenként,2,fejés,/NOUN|[PERIOD1]
dézsa,dézsánként,1,dézsa,/NOUN|[PERIOD1]
folyosó,folyosónként,1,folyosó,/NOUN|[PERIOD1]
adottság,adottságonként,1,adottság,/NOUN|[PERIOD1]
helyhatóság,helyhatóságonként,1,helyhatóság,/NOUN|[PERIOD1]
kivégzés,kivégzésenként,1,kivégzés,/NOUN|[PERIOD1]
távköz,távközönként,2,távköz,/NOUN|[PERIOD1]
bánya,bányánként,4,bánya,/NOUN|[PERIOD1]
nemzetiség,nemzetiségenként,7,nemzetiség,/NOUN|[PERIOD1]
tanterem,tantermenként,2,tanterem,/NOUN|[PERIOD1]
palack,palackonként,4,palack,/NOUN|[PERIOD1]
határjel,határjelenként,1,határjel,/NOUN|[PERIOD1]
mérföld,mérföldenként,11,mérföld,/NOUN|[PERIOD1]
csárda,csárdánként,1,csárda,/NOUN|[PERIOD1]
felleg,fellegenként,1,felleg,/NOUN|[PERIOD1]
léggömb,léggömbönként,1,léggömb,/NOUN|[PERIOD1]
házaspár,házaspáronként,2,házaspár,/NOUN|[PERIOD1]
városállam,városállamonként,1,városállam,/NOUN|[PERIOD1]
szövetkezet,szövetkezetenként,2,szövetkezet,/NOUN|[PERIOD1]
háztartás,háztartásonként,11,háztartás,/NOUN|[PERIOD1]
őrs,őrsönként,2,őrs,/NOUN|[PERIOD1]
gyártmány,gyártmányonként,1,gyártmány,/NOUN|[PERIOD1]
ősz,őszönként,8,ősz,/NOUN|[PERIOD1]
félév,félévenként,10,félév,/NOUN|[PERIOD1]
jogosult,jogosultanként,2,jogosult,/NOUN|[PERIOD1]
kiadó,kiadónként,2,kiadó,/NOUN|[PERIOD1]
ampulla,ampullánként,2,ampulla,/NOUN|[PERIOD1]
periódus,periódusonként,7,periódus,/NOUN|[PERIOD1]
előfizető,előfizetőnként,3,előfizető,/NOUN|[PERIOD1]
kliens,kliensenként,2,kliens,/NOUN|[PERIOD1]
mély,mélyenként,4,mély,/NOUN|[PERIOD1]
bárka,bárkánként,2,bárka,/NOUN|[PERIOD1]
mérő,mérőnként,8,mérő,/NOUN|[PERIOD1]
platform,platformonként,1,platform,/NOUN|[PERIOD1]
kenyér,kenyerenként,7,kenyér,/NOUN|[PERIOD1]
átlag,átlagonként,1,átlag,/NOUN|[PERIOD1]
skatulya,skatulyánként,2,skatulya,/NOUN|[PERIOD1]
pajtásság,pajtásságonként,1,pajtásság,/NOUN|[PERIOD1]
csoportozat,csoportozatonként,1,csoportozat,/NOUN|[PERIOD1]
búzaszem,búzaszemenként,1,búzaszem,/NOUN|[PERIOD1]
akció,akciónként,2,akció,/NOUN|[PERIOD1]
tartomány,tartományonként,17,tartomány,/NOUN|[PERIOD1]
csomó,csomónként,10,csomó,/NOUN|[PERIOD1]
kicsi,kicsinként,1,kicsi,/NOUN|[PERIOD1]
kibuc,kibuconként,1,kibuc,/NOUN|[PERIOD1]
tonnakilométer,tonnakilométerenként,4,tonnakilométer,/NOUN|[PERIOD1]
délután,délutánonként,12,délután,/NOUN|[PERIOD1]
egység,egységenként,12,egység,/NOUN|[PERIOD1]
társaság,társaságonként,3,társaság,/NOUN|[PERIOD1]
féldeci,féldecinként,3,féldeci,/NOUN|[PERIOD1]
készség,készségenként,2,készség,/NOUN|[PERIOD1]
lelőhely,lelőhelyenként,4,lelőhely,/NOUN|[PERIOD1]
mesterség,mesterségenként,3,mesterség,/NOUN|[PERIOD1]
hektár,hektáronként,85,hektár,/NOUN|[PERIOD1]
fejedelem,fejedelmenként,1,fejedelem,/NOUN|[PERIOD1]
puttony,puttonyonként,1,puttony,/NOUN|[PERIOD1]
ablak,ablakonként,3,ablak,/NOUN|[PERIOD1]
érzés,érzésenként,1,érzés,/NOUN|[PERIOD1]
egyházkerület,egyházkerületenként,5,egyházkerület,/NOUN|[PERIOD1]
épületszárny,épületszárnyanként,2,épületszárny,/NOUN|[PERIOD1]
bokor,bokronként,3,bokor,/NOUN|[PERIOD1]
kollégium,kollégiumonként,6,kollégium,/NOUN|[PERIOD1]
intézkedés,intézkedésenként,3,intézkedés,/NOUN|[PERIOD1]
részlet,részletenként,14,részlet,/NOUN|[PERIOD1]
részleg,részlegenként,3,részleg,/NOUN|[PERIOD1]
tanítvány,tanítványonként,10,tanítvány,/NOUN|[PERIOD1]
szikra,szikránként,1,szikra,/NOUN|[PERIOD1]
findzsa,findzsánként,1,findzsa,/NOUN|[PERIOD1]
állapot,állapotonként,1,állapot,/NOUN|[PERIOD1]
szőrszál,szőrszálanként,3,szőrszál,/NOUN|[PERIOD1]
matróz,matrózonként,1,matróz,/NOUN|[PERIOD1]
verseny,versenyenként,1,verseny,/NOUN|[PERIOD1]
motívum,motívumonként,2,motívum,/NOUN|[PERIOD1]
telefon,telefononként,3,telefon,/NOUN|[PERIOD1]
csöbör,csöbrönként,1,csöbör,/NOUN|[PERIOD1]
véka,vékánként,8,véka,/NOUN|[PERIOD1]
csille,csillénként,10,csille,/NOUN|[PERIOD1]
szektor,szektoronként,31,szektor,/NOUN|[PERIOD1]
lépcsőzet,lépcsőzetenként,1,lépcsőzet,/NOUN|[PERIOD1]
ciklus,ciklusonként,8,ciklus,/NOUN|[PERIOD1]
barlang,barlangonként,1,barlang,/NOUN|[PERIOD1]
minutum,minutumonként,1,minutum,/NOUN|[PERIOD1]
rekesz,rekeszenként,4,rekesz,/NOUN|[PERIOD1]
éjfél,éjfélenként,2,éjfél,/NOUN|[PERIOD1]
éjfél,éjfelenként,7,éjfél,/NOUN|[PERIOD1]
éjjel,éjjelenként,12,éjjel,/NOUN|[PERIOD1]
doboz,dobozonként,6,doboz,/NOUN|[PERIOD1]
rubel,rubelenként,2,rubel,/NOUN|[PERIOD1]
iroda,irodánként,3,iroda,/NOUN|[PERIOD1]
péntek,péntekenként,10,péntek,/NOUN|[PERIOD1]
kicsiség,kicsiségenként,1,kicsiség,/NOUN|[PERIOD1]
borda,bordánként,1,borda,/NOUN|[PERIOD1]
tankerület,tankerületenként,3,tankerület,/NOUN|[PERIOD1]
dobás,dobásonként,3,dobás,/NOUN|[PERIOD1]
borjú,borjúnként,1,borjú,/NOUN|[PERIOD1]
fényév,fényévenként,3,fényév,/NOUN|[PERIOD1]
kiscsoport,kiscsoportonként,2,kiscsoport,/NOUN|[PERIOD1]
hadnagyság,hadnagyságonként,1,hadnagyság,/NOUN|[PERIOD1]
hétfő,hétfőnként,10,hétfő,/NOUN|[PERIOD1]
dátum,dátumonként,2,dátum,/NOUN|[PERIOD1]
köböl,köblönként,3,köböl,/NOUN|[PERIOD1]
puska,puskánként,4,puska,/NOUN|[PERIOD1]
munkadarab,munkadarabonként,1,munkadarab,/NOUN|[PERIOD1]
tégely,tégelyenként,1,tégely,/NOUN|[PERIOD1]
távolság,távolságonként,5,távolság,/NOUN|[PERIOD1]
mester,mesterenként,2,mester,/NOUN|[PERIOD1]
ügyvéd,ügyvédenként,1,ügyvéd,/NOUN|[PERIOD1]
icce,iccénként,1,icce,/NOUN|[PERIOD1]
felnőtt,felnőttenként,1,felnőtt,/NOUN|[PERIOD1]
szirom,szirmonként,7,szirom,/NOUN|[PERIOD1]
egyház,egyházanként,5,egyház,/NOUN|[PERIOD1]
ideg,idegenként,15,ideg,/NOUN|[PERIOD1]
idom,idomonként,1,idom,/NOUN|[PERIOD1]
géppisztoly,géppisztolyonként,1,géppisztoly,/NOUN|[PERIOD1]
rostély,rostélyonként,1,rostély,/NOUN|[PERIOD1]
zsák,zsákonként,5,zsák,/NOUN|[PERIOD1]
garas,garasonként,11,garas,/NOUN|[PERIOD1]
tudományág,tudományáganként,11,tudományág,/NOUN|[PERIOD1]
ingatlan,ingatlanonként,3,ingatlan,/NOUN|[PERIOD1]
dolog,dolgonként,1,dolog,/NOUN|[PERIOD1]
zsúp,zsúponként,2,zsúp,/NOUN|[PERIOD1]
székhely,székhelyenként,1,székhely,/NOUN|[PERIOD1]
vallás,vallásonként,7,vallás,/NOUN|[PERIOD1]
probléma,problémánként,1,probléma,/NOUN|[PERIOD1]
utalvány,utalványonként,1,utalvány,/NOUN|[PERIOD1]
tartalom,tartalmanként,3,tartalom,/NOUN|[PERIOD1]
lépcsőfok,lépcsőfokonként,5,lépcsőfok,/NOUN|[PERIOD1]
témakör,témakörönként,10,témakör,/NOUN|[PERIOD1]
aktus,aktusonként,2,aktus,/NOUN|[PERIOD1]
étkezés,étkezésenként,3,étkezés,/NOUN|[PERIOD1]
hétvég,hétvégenként,11,hétvég,/NOUN|[PERIOD1]
verszta,versztánként,2,verszta,/NOUN|[PERIOD1]
medence,medencénként,1,medence,/NOUN|[PERIOD1]
hézag,hézagonként,3,hézag,/NOUN|[PERIOD1]
golyóbis,golyóbisonként,2,golyóbis,/NOUN|[PERIOD1]
rang,rangonként,1,rang,/NOUN|[PERIOD1]
takarító,takarítónként,4,takarító,/NOUN|[PERIOD1]
költő,költőnként,4,költő,/NOUN|[PERIOD1]
metszet,metszetenként,1,metszet,/NOUN|[PERIOD1]
műfaj,műfajonként,12,műfaj,/NOUN|[PERIOD1]
valuta,valutánként,2,valuta,/NOUN|[PERIOD1]
paragrafus,paragrafusonként,1,paragrafus,/NOUN|[PERIOD1]
ugrás,ugrásonként,1,ugrás,/NOUN|[PERIOD1]
nézőpont,nézőpontonként,1,nézőpont,/NOUN|[PERIOD1]
gyöngyszem,gyöngyszemenként,1,gyöngyszem,/NOUN|[PERIOD1]
lépcsőház,lépcsőházanként,3,lépcsőház,/NOUN|[PERIOD1]
lecke,leckénként,3,lecke,/NOUN|[PERIOD1]
kormányváltás,kormányváltásonként,1,kormányváltás,/NOUN|[PERIOD1]
tucat,tucatonként,9,tucat,/NOUN|[PERIOD1]
könyv,könyvenként,6,könyv,/NOUN|[PERIOD1]
hangszer,hangszerenként,1,hangszer,/NOUN|[PERIOD1]
verssor,verssoronként,3,verssor,/NOUN|[PERIOD1]
lóerőóra,lóerőóránként,1,lóerőóra,/NOUN|[PERIOD1]
pünkösd,pünkösdönként,1,pünkösd,/NOUN|[PERIOD1]
kalász,kalászonként,1,kalász,/NOUN|[PERIOD1]
rend,rendenként,7,rend,/NOUN|[PERIOD1]
kávéskanál,kávéskanalanként,4,kávéskanál,/NOUN|[PERIOD1]
elefánt,elefántonként,1,elefánt,/NOUN|[PERIOD1]
illő,illőnként,1,illő,/NOUN|[PERIOD1]
kötet,kötetenként,10,kötet,/NOUN|[PERIOD1]
köteg,kötegenként,6,köteg,/NOUN|[PERIOD1]
testület,testületenként,4,testület,/NOUN|[PERIOD1]
gigabájt,gigabájtonként,1,gigabájt,/NOUN|[PERIOD1]
légió,légiónként,1,légió,/NOUN|[PERIOD1]
épületrész,épületrészenként,1,épületrész,/NOUN|[PERIOD1]
uralkodócsalád,uralkodócsaládonként,2,uralkodócsalád,/NOUN|[PERIOD1]
stílusréteg,stílusrétegenként,1,stílusréteg,/NOUN|[PERIOD1]
fogat,fogatonként,5,fogat,/NOUN|[PERIOD1]
kritérium,kritériumonként,1,kritérium,/NOUN|[PERIOD1]
gazda,gazdánként,6,gazda,/NOUN|[PERIOD1]
csirke,csirkénként,1,csirke,/NOUN|[PERIOD1]
gyűjtemény,gyűjteményenként,5,gyűjtemény,/NOUN|[PERIOD1]
szervezet,szervezetenként,7,szervezet,/NOUN|[PERIOD1]
drachma,drachmánként,2,drachma,/NOUN|[PERIOD1]
bizottság,bizottságonként,2,bizottság,/NOUN|[PERIOD1]
raklap,raklaponként,1,raklap,/NOUN|[PERIOD1]
levonat,levonatonként,1,levonat,/NOUN|[PERIOD1]
minta,mintánként,5,minta,/NOUN|[PERIOD1]
aranykorona,aranykoronánként,9,aranykorona,/NOUN|[PERIOD1]
tudás,tudásonként,1,tudás,/NOUN|[PERIOD1]
állat,állatonként,7,állat,/NOUN|[PERIOD1]
állag,állagonként,1,állag,/NOUN|[PERIOD1]
állam,államonként,9,állam,/NOUN|[PERIOD1]
hadosztály,hadosztályonként,4,hadosztály,/NOUN|[PERIOD1]
képernyő,képernyőnként,2,képernyő,/NOUN|[PERIOD1]
kötés,kötésenként,2,kötés,/NOUN|[PERIOD1]
fokozat,fokozatonként,10,fokozat,/NOUN|[PERIOD1]
fólió,fóliónként,1,fólió,/NOUN|[PERIOD1]
lélek,lelkenként,4,lélek,/NOUN|[PERIOD1]
képelem,képelemenként,1,képelem,/NOUN|[PERIOD1]
mássalhangzó,mássalhangzónként,1,mássalhangzó,/NOUN|[PERIOD1]
helyiség,helyiségenként,6,helyiség,/NOUN|[PERIOD1]
fekhely,fekhelyenként,1,fekhely,/NOUN|[PERIOD1]
irat,iratonként,1,irat,/NOUN|[PERIOD1]
játékos,játékosonként,7,játékos,/NOUN|[PERIOD1]
gyökér,gyökerenként,1,gyökér,/NOUN|[PERIOD1]
fogás,fogásonként,2,fogás,/NOUN|[PERIOD1]
állapothatározó,állapothatározónként,1,állapothatározó,/NOUN|[PERIOD1]
futamidő,futamidőnként,1,futamidő,/NOUN|[PERIOD1]
termelő,termelőnként,1,termelő,/NOUN|[PERIOD1]
nagycsalád,nagycsaládonként,1,nagycsalád,/NOUN|[PERIOD1]
textus,textusonként,1,textus,/NOUN|[PERIOD1]
példány,példányonként,11,példány,/NOUN|[PERIOD1]
évjárat,évjáratonként,6,évjárat,/NOUN|[PERIOD1]
folyóméter,folyóméterenként,12,folyóméter,/NOUN|[PERIOD1]
hovatartozás,hovatartozásonként,1,hovatartozás,/NOUN|[PERIOD1]
kerékpár,kerékpáronként,3,kerékpár,/NOUN|[PERIOD1]
akó,akónként,2,akó,/NOUN|[PERIOD1]
fázis,fázisonként,4,fázis,/NOUN|[PERIOD1]
ara,aránként,1,ara,/NOUN|[PERIOD1]
iskolaév,iskolaévenként,4,iskolaév,/NOUN|[PERIOD1]
csatorna,csatornánként,8,csatorna,/NOUN|[PERIOD1]
apó,apónként,1,apó,/NOUN|[PERIOD1]
műsor,műsoronként,1,műsor,/NOUN|[PERIOD1]
szaka,szakánként,1,szaka,/NOUN|[PERIOD1]
néző,nézőnként,1,néző,/NOUN|[PERIOD1]
alany,alanyonként,1,alany,/NOUN|[PERIOD1]
bel,belenként,1,bel,/NOUN|[PERIOD1]
bit,bitenként,10,bit,/NOUN|[PERIOD1]
bog,bogonként,1,bog,/NOUN|[PERIOD1]
évszázad,évszázadonként,11,évszázad,/NOUN|[PERIOD1]
fenntartó,fenntartónként,4,fenntartó,/NOUN|[PERIOD1]
lemez,lemezenként,4,lemez,/NOUN|[PERIOD1]
telepes,telepesenként,2,telepes,/NOUN|[PERIOD1]
életszak,életszakonként,1,életszak,/NOUN|[PERIOD1]
roma,románként,12,roma,/NOUN|[PERIOD1]
tabletta,tablettánként,1,tabletta,/NOUN|[PERIOD1]
cső,csövenként,1,cső,/NOUN|[PERIOD1]
ökör,ökrönként,1,ökör,/NOUN|[PERIOD1]
dal,dalonként,3,dal,/NOUN|[PERIOD1]
írás,írásonként,1,írás,/NOUN|[PERIOD1]
dia,diánként,1,dia,/NOUN|[PERIOD1]
rizsma,rizsmánként,4,rizsma,/NOUN|[PERIOD1]
gyámhivatal,gyámhivatalonként,1,gyámhivatal,/NOUN|[PERIOD1]
fórum,fórumonként,2,fórum,/NOUN|[PERIOD1]
kanton,kantononként,2,kanton,/NOUN|[PERIOD1]
eke,ekénként,1,eke,/NOUN|[PERIOD1]
est,estenként,10,est,/NOUN|[PERIOD1]
forma,formánként,7,forma,/NOUN|[PERIOD1]
püspökség,püspökségenként,1,püspökség,/NOUN|[PERIOD1]
kalap,kalaponként,1,kalap,/NOUN|[PERIOD1]
faj,fajonként,13,faj,/NOUN|[PERIOD1]
tagállam,tagállamonként,10,tagállam,/NOUN|[PERIOD1]
szerv,szervenként,4,szerv,/NOUN|[PERIOD1]
fej,fejenként,29,fej,/NOUN|[PERIOD1]
bál,bálonként,1,bál,/NOUN|[PERIOD1]
bár,báronként,1,bár,/NOUN|[PERIOD1]
kormányzóság,kormányzóságonként,1,kormányzóság,/NOUN|[PERIOD1]
bél,belenként,1,bél,/NOUN|[PERIOD1]
fog,foganként,2,fog,/NOUN|[PERIOD1]
fok,fokonként,14,fok,/NOUN|[PERIOD1]
környék,környékenként,2,környék,/NOUN|[PERIOD1]
nyelvjárásterület,nyelvjárásterületenként,1,nyelvjárásterület,/NOUN|[PERIOD1]
beszédhelyzet,beszédhelyzetenként,1,beszédhelyzet,/NOUN|[PERIOD1]
cég,cégenként,7,cég,/NOUN|[PERIOD1]
céh,céhenként,10,céh,/NOUN|[PERIOD1]
cél,célonként,6,cél,/NOUN|[PERIOD1]
tanszék,tanszékenként,4,tanszék,/NOUN|[PERIOD1]
cím,címenként,7,cím,/NOUN|[PERIOD1]
szoftver,szoftverenként,1,szoftver,/NOUN|[PERIOD1]
értesítő,értesítőnként,1,értesítő,/NOUN|[PERIOD1]
had,hadanként,1,had,/NOUN|[PERIOD1]
haj,hajonként,1,haj,/NOUN|[PERIOD1]
izom,izmonként,1,izom,/NOUN|[PERIOD1]
hit,hitenként,1,hit,/NOUN|[PERIOD1]
kanna,kannánként,1,kanna,/NOUN|[PERIOD1]
lépés,lépésenként,12,lépés,/NOUN|[PERIOD1]
dél,delenként,3,dél,/NOUN|[PERIOD1]
hon,hononként,1,hon,/NOUN|[PERIOD1]
díj,díjanként,1,díj,/NOUN|[PERIOD1]
izzó,izzónként,1,izzó,/NOUN|[PERIOD1]
néger,négerenként,2,néger,/NOUN|[PERIOD1]
fegyver,fegyverenként,2,fegyver,/NOUN|[PERIOD1]
ruha,ruhánként,1,ruha,/NOUN|[PERIOD1]
szállítmány,szállítmányonként,2,szállítmány,/NOUN|[PERIOD1]
időszak,időszakonként,12,időszak,/NOUN|[PERIOD1]
ido,idónként,4,ido,/NOUN|[PERIOD1]
ige,igénként,1,ige,/NOUN|[PERIOD1]
idő,időnként,32,idő,/NOUN|[PERIOD1]
ima,imánként,2,ima,/NOUN|[PERIOD1]
bőr,bőrönként,18,bőr,/NOUN|[PERIOD1]
szócsalád,szócsaládonként,2,szócsalád,/NOUN|[PERIOD1]
szita,szitánként,1,szita,/NOUN|[PERIOD1]
jel,jelenként,11,jel,/NOUN|[PERIOD1]
szint,szintenként,10,szint,/NOUN|[PERIOD1]
állítmány,állítmányonként,1,állítmány,/NOUN|[PERIOD1]
fél,felenként,2,fél,/NOUN|[PERIOD1]
adag,adagonként,8,adag,/NOUN|[PERIOD1]
jog,jogonként,2,jog,/NOUN|[PERIOD1]
juh,juhonként,4,juh,/NOUN|[PERIOD1]
szila,szilánként,1,szila,/NOUN|[PERIOD1]
fül,fülenként,2,fül,/NOUN|[PERIOD1]
kar,karonként,8,kar,/NOUN|[PERIOD1]
stílus,stílusonként,4,stílus,/NOUN|[PERIOD1]
mátrix,mátrixonként,1,mátrix,/NOUN|[PERIOD1]
rendszerváltás,rendszerváltásonként,1,rendszerváltás,/NOUN|[PERIOD1]
gép,gépenként,9,gép,/NOUN|[PERIOD1]
óvónő,óvónőnként,1,óvónő,/NOUN|[PERIOD1]
kor,koronként,11,kor,/NOUN|[PERIOD1]
cserkész,cserkészenként,1,cserkész,/NOUN|[PERIOD1]
lak,lakonként,2,lak,/NOUN|[PERIOD1]
lap,laponként,12,lap,/NOUN|[PERIOD1]
lat,latonként,10,lat,/NOUN|[PERIOD1]
lej,lejenként,2,lej,/NOUN|[PERIOD1]
ház,házonként,6,ház,/NOUN|[PERIOD1]
ház,házanként,12,ház,/NOUN|[PERIOD1]
fürdő,fürdőnként,1,fürdő,/NOUN|[PERIOD1]
hét,hetenként,15,hét,/NOUN|[PERIOD1]
hét,hétenként,2,hét,/NOUN|[PERIOD1]
kvantum,kvantumonként,1,kvantum,/NOUN|[PERIOD1]
köbméter,köbméterenként,11,köbméter,/NOUN|[PERIOD1]
hús,húsonként,4,hús,/NOUN|[PERIOD1]
húr,húronként,4,húr,/NOUN|[PERIOD1]
korszak,korszakonként,9,korszak,/NOUN|[PERIOD1]
kanál,kanálonként,1,kanál,/NOUN|[PERIOD1]
kanál,kanalanként,16,kanál,/NOUN|[PERIOD1]
laboratórium,laboratóriumonként,1,laboratórium,/NOUN|[PERIOD1]
nap,naponként,14,nap,/NOUN|[PERIOD1]
nem,nemenként,23,nem,/NOUN|[PERIOD1]
madár,madaranként,1,madár,/NOUN|[PERIOD1]
adás,adásonként,5,adás,/NOUN|[PERIOD1]
lábas,lábasonként,1,lábas,/NOUN|[PERIOD1]
kapás,kapásonként,2,kapás,/NOUN|[PERIOD1]
kán,kánonként,10,kán,/NOUN|[PERIOD1]
alkalom,alkalmanként,12,alkalom,/NOUN|[PERIOD1]
húsvét,húsvétonként,2,húsvét,/NOUN|[PERIOD1]
hónap,hónaponként,14,hónap,/NOUN|[PERIOD1]
levél,levelenként,13,levél,/NOUN|[PERIOD1]
odú,odúnként,1,odú,/NOUN|[PERIOD1]
kép,képenként,6,kép,/NOUN|[PERIOD1]
kéz,kezenként,4,kéz,/NOUN|[PERIOD1]
beszélgetés,beszélgetésenként,2,beszélgetés,/NOUN|[PERIOD1]
org,orgonként,1,org,/NOUN|[PERIOD1]
orv,orvonként,4,orv,/NOUN|[PERIOD1]
kód,kódonként,1,kód,/NOUN|[PERIOD1]
kaszt,kasztonként,1,kaszt,/NOUN|[PERIOD1]
hivatal,hivatalonként,1,hivatal,/NOUN|[PERIOD1]
kasza,kaszánként,3,kasza,/NOUN|[PERIOD1]
kör,körönként,8,kör,/NOUN|[PERIOD1]
köz,közönként,9,köz,/NOUN|[PERIOD1]
kút,kutanként,1,kút,/NOUN|[PERIOD1]
pad,padonként,2,pad,/NOUN|[PERIOD1]
láb,lábanként,5,láb,/NOUN|[PERIOD1]
próba,próbánként,1,próba,/NOUN|[PERIOD1]
hadtest,hadtestenként,2,hadtest,/NOUN|[PERIOD1]
léc,lécenként,1,léc,/NOUN|[PERIOD1]
pof,pofonként,5,pof,/NOUN|[PERIOD1]
pud,pudonként,3,pud,/NOUN|[PERIOD1]
karát,karátonként,15,karát,/NOUN|[PERIOD1]
ajtó,ajtónként,3,ajtó,/NOUN|[PERIOD1]
emelet,emeletenként,9,emelet,/NOUN|[PERIOD1]
állomány,állományonként,4,állomány,/NOUN|[PERIOD1]
kiszolgáló,kiszolgálónként,2,kiszolgáló,/NOUN|[PERIOD1]
mód,módonként,12,mód,/NOUN|[PERIOD1]
mól,mólonként,4,mól,/NOUN|[PERIOD1]
jegy,jegyenként,2,jegy,/NOUN|[PERIOD1]
fájl,fájlonként,7,fájl,/NOUN|[PERIOD1]
szoba,szobánként,9,szoba,/NOUN|[PERIOD1]
rab,rabonként,4,rab,/NOUN|[PERIOD1]
raj,rajonként,12,raj,/NOUN|[PERIOD1]
iparág,iparáganként,8,iparág,/NOUN|[PERIOD1]
tőgy,tőgyenként,1,tőgy,/NOUN|[PERIOD1]
tőke,tőkénként,2,tőke,/NOUN|[PERIOD1]
nép,népenként,10,nép,/NOUN|[PERIOD1]
név,nevenként,5,név,/NOUN|[PERIOD1]
alap,alaponként,3,alap,/NOUN|[PERIOD1]
alak,alakonként,1,alak,/NOUN|[PERIOD1]
malom,malmonként,2,malom,/NOUN|[PERIOD1]
jármű,járművenként,5,jármű,/NOUN|[PERIOD1]
novella,novellánként,3,novella,/NOUN|[PERIOD1]
kistérség,kistérségenként,25,kistérség,/NOUN|[PERIOD1]
váltás,váltásonként,1,váltás,/NOUN|[PERIOD1]
járat,járatonként,7,járat,/NOUN|[PERIOD1]
intézet,intézetenként,7,intézet,/NOUN|[PERIOD1]
sor,soronként,11,sor,/NOUN|[PERIOD1]
szárnycsapás,szárnycsapásonként,1,szárnycsapás,/NOUN|[PERIOD1]
sportág,sportáganként,6,sportág,/NOUN|[PERIOD1]
szó,szónként,2,szó,/NOUN|[PERIOD1]
szó,szavanként,11,szó,/NOUN|[PERIOD1]
hordó,hordónként,9,hordó,/NOUN|[PERIOD1]
tag,tagonként,11,tag,/NOUN|[PERIOD1]
tej,tejenként,1,tej,/NOUN|[PERIOD1]
pár,páronként,11,pár,/NOUN|[PERIOD1]
pár,páranként,1,pár,/NOUN|[PERIOD1]
sark,sarkonként,2,sark,/NOUN|[PERIOD1]
sark,sarkanként,1,sark,/NOUN|[PERIOD1]
tok,tokonként,1,tok,/NOUN|[PERIOD1]
válasz,válaszonként,3,válasz,/NOUN|[PERIOD1]
adókulcs,adókulcsonként,1,adókulcs,/NOUN|[PERIOD1]
aratópár,aratópáronként,1,aratópár,/NOUN|[PERIOD1]
olvasmány,olvasmányonként,3,olvasmány,/NOUN|[PERIOD1]
középiskola,középiskolánként,2,középiskola,/NOUN|[PERIOD1]
kutató,kutatónként,1,kutató,/NOUN|[PERIOD1]
anya,anyánként,2,anya,/NOUN|[PERIOD1]
frakció,frakciónként,3,frakció,/NOUN|[PERIOD1]
ujj,ujjanként,2,ujj,/NOUN|[PERIOD1]
álláshely,álláshelyenként,1,álláshely,/NOUN|[PERIOD1]
füzet,füzetenként,9,füzet,/NOUN|[PERIOD1]
sajtóorgánum,sajtóorgánumonként,1,sajtóorgánum,/NOUN|[PERIOD1]
rét,rétenként,1,rét,/NOUN|[PERIOD1]
csigolya,csigolyánként,1,csigolya,/NOUN|[PERIOD1]
rög,rögönként,4,rög,/NOUN|[PERIOD1]
mappa,mappánként,2,mappa,/NOUN|[PERIOD1]
rúd,rudanként,2,rúd,/NOUN|[PERIOD1]
sorozat,sorozatonként,7,sorozat,/NOUN|[PERIOD1]
célcsoport,célcsoportonként,8,célcsoport,/NOUN|[PERIOD1]
apró,aprónként,20,apró,/NOUN|[PERIOD1]
sáp,sáponként,1,sáp,/NOUN|[PERIOD1]
sáv,sávonként,7,sáv,/NOUN|[PERIOD1]
jövedelemforrás,jövedelemforrásonként,1,jövedelemforrás,/NOUN|[PERIOD1]
szerződés,szerződésenként,2,szerződés,/NOUN|[PERIOD1]
járás,járásonként,10,járás,/NOUN|[PERIOD1]
sík,síkonként,1,sík,/NOUN|[PERIOD1]
sír,síronként,3,sír,/NOUN|[PERIOD1]
reláció,relációnként,1,reláció,/NOUN|[PERIOD1]
táj,tájanként,13,táj,/NOUN|[PERIOD1]
táj,tájonként,1,táj,/NOUN|[PERIOD1]
tál,tálanként,3,tál,/NOUN|[PERIOD1]
tár,táronként,4,tár,/NOUN|[PERIOD1]
táv,távonként,3,táv,/NOUN|[PERIOD1]
sejt,sejtenként,10,sejt,/NOUN|[PERIOD1]
egyenlet,egyenletenként,4,egyenlet,/NOUN|[PERIOD1]
tél,telenként,10,tél,/NOUN|[PERIOD1]
tér,terenként,2,tér,/NOUN|[PERIOD1]
település,településenként,16,település,/NOUN|[PERIOD1]
sete,seténként,1,sete,/NOUN|[PERIOD1]
spirál,spirálonként,1,spirál,/NOUN|[PERIOD1]
példa,példánként,2,példa,/NOUN|[PERIOD1]
kilogramm,kilogrammonként,34,kilogramm,/NOUN|[PERIOD1]
bánság,bánságonként,1,bánság,/NOUN|[PERIOD1]
eladó,eladónként,1,eladó,/NOUN|[PERIOD1]
szerzetesrend,szerzetesrendenként,1,szerzetesrend,/NOUN|[PERIOD1]
helyőrség,helyőrségenként,1,helyőrség,/NOUN|[PERIOD1]
marha,marhánként,9,marha,/NOUN|[PERIOD1]
rőf,rőfönként,2,rőf,/NOUN|[PERIOD1]
marok,markonként,3,marok,/NOUN|[PERIOD1]
merevlemez,merevlemezenként,2,merevlemez,/NOUN|[PERIOD1]
vár,váranként,6,vár,/NOUN|[PERIOD1]
nemzedék,nemzedékenként,15,nemzedék,/NOUN|[PERIOD1]
termőhely,termőhelyenként,1,termőhely,/NOUN|[PERIOD1]
jelölőlista,jelölőlistánként,1,jelölőlista,/NOUN|[PERIOD1]
népesség,népességenként,1,népesség,/NOUN|[PERIOD1]
atom,atomonként,4,atom,/NOUN|[PERIOD1]
művelet,műveletenként,5,művelet,/NOUN|[PERIOD1]
grádus,grádusonként,1,grádus,/NOUN|[PERIOD1]
egyetem,egyetemenként,10,egyetem,/NOUN|[PERIOD1]
folyamat,folyamatonként,1,folyamat,/NOUN|[PERIOD1]
nézet,nézetenként,1,nézet,/NOUN|[PERIOD1]
szekció,szekciónként,3,szekció,/NOUN|[PERIOD1]
szandzsák,szandzsákonként,1,szandzsák,/NOUN|[PERIOD1]
autó,autónként,2,autó,/NOUN|[PERIOD1]
folyam,folyamonként,1,folyam,/NOUN|[PERIOD1]
interjú,interjúnként,2,interjú,/NOUN|[PERIOD1]
lámpa,lámpánként,2,lámpa,/NOUN|[PERIOD1]
hegység,hegységenként,1,hegység,/NOUN|[PERIOD1]
munkaóra,munkaóránként,2,munkaóra,/NOUN|[PERIOD1]
alkonyat,alkonyatonként,2,alkonyat,/NOUN|[PERIOD1]
király,királyonként,2,király,/NOUN|[PERIOD1]
ügylet,ügyletenként,4,ügylet,/NOUN|[PERIOD1]
szempont,szempontonként,2,szempont,/NOUN|[PERIOD1]
tarisznya,tarisznyánként,1,tarisznya,/NOUN|[PERIOD1]
szövőszék,szövőszékenként,1,szövőszék,/NOUN|[PERIOD1]
szállás,szállásonként,2,szállás,/NOUN|[PERIOD1]
földesúr,földesuranként,1,földesúr,/NOUN|[PERIOD1]
sikta,siktánként,1,sikta,/NOUN|[PERIOD1]
lóerő,lóerőnként,6,lóerő,/NOUN|[PERIOD1]
egyesület,egyesületenként,4,egyesület,/NOUN|[PERIOD1]
légköbméter,légköbméterenként,1,légköbméter,/NOUN|[PERIOD1]
impulzus,impulzusonként,1,impulzus,/NOUN|[PERIOD1]
hódító,hódítónként,1,hódító,/NOUN|[PERIOD1]
látogatás,látogatásonként,3,látogatás,/NOUN|[PERIOD1]
evangélium,evangéliumonként,1,evangélium,/NOUN|[PERIOD1]
régió,régiónként,18,régió,/NOUN|[PERIOD1]
kishold,kisholdanként,2,kishold,/NOUN|[PERIOD1]
sors,sorsonként,1,sors,/NOUN|[PERIOD1]
paradigma,paradigmánként,2,paradigma,/NOUN|[PERIOD1]
karaván,karavánonként,2,karaván,/NOUN|[PERIOD1]
pillér,pillérenként,1,pillér,/NOUN|[PERIOD1]
népgazdaság,népgazdaságonként,1,népgazdaság,/NOUN|[PERIOD1]
erőforrás,erőforrásonként,1,erőforrás,/NOUN|[PERIOD1]
technológia,technológiánként,2,technológia,/NOUN|[PERIOD1]
mondatrész,mondatrészenként,3,mondatrész,/NOUN|[PERIOD1]
távirat,táviratonként,2,távirat,/NOUN|[PERIOD1]
ügyfél,ügyfelenként,2,ügyfél,/NOUN|[PERIOD1]
meghatározás,meghatározásonként,1,meghatározás,/NOUN|[PERIOD1]
alkalmazott,alkalmazottanként,4,alkalmazott,/NOUN|[PERIOD1]
szaktárgy,szaktárgyanként,1,szaktárgy,/NOUN|[PERIOD1]
címlet,címletenként,3,címlet,/NOUN|[PERIOD1]
lakóház,lakóházanként,1,lakóház,/NOUN|[PERIOD1]
darázs,darazsanként,1,darázs,/NOUN|[PERIOD1]
kártya,kártyánként,3,kártya,/NOUN|[PERIOD1]
ball,ballonként,1,ball,/NOUN|[PERIOD1]
bank,bankonként,8,bank,/NOUN|[PERIOD1]
föld,földenként,1,föld,/NOUN|[PERIOD1]
hangulat,hangulatonként,1,hangulat,/NOUN|[PERIOD1]
fertályóra,fertályóránként,3,fertályóra,/NOUN|[PERIOD1]
keverék,keverékenként,7,keverék,/NOUN|[PERIOD1]
körzet,körzetenként,12,körzet,/NOUN|[PERIOD1]
vásárlás,vásárlásonként,1,vásárlás,/NOUN|[PERIOD1]
brigád,brigádonként,4,brigád,/NOUN|[PERIOD1]
féloszlop,féloszloponként,1,féloszlop,/NOUN|[PERIOD1]
megszólítás,megszólításonként,1,megszólítás,/NOUN|[PERIOD1]
eljárás,eljárásonként,1,eljárás,/NOUN|[PERIOD1]
övezet,övezetenként,8,övezet,/NOUN|[PERIOD1]
folyóvölgy,folyóvölgyenként,1,folyóvölgy,/NOUN|[PERIOD1]
betű,betűnként,10,betű,/NOUN|[PERIOD1]
alkalmazás,alkalmazásonként,5,alkalmazás,/NOUN|[PERIOD1]
kacs,kacsonként,1,kacs,/NOUN|[PERIOD1]
szak,szakonként,15,szak,/NOUN|[PERIOD1]
szer,szerenként,4,szer,/NOUN|[PERIOD1]
szem,szemenként,10,szem,/NOUN|[PERIOD1]
szeg,szegenként,1,szeg,/NOUN|[PERIOD1]
kapu,kapunként,13,kapu,/NOUN|[PERIOD1]
füst,füstönként,5,füst,/NOUN|[PERIOD1]
adatfelvétel,adatfelvételenként,2,adatfelvétel,/NOUN|[PERIOD1]
fürt,fürtönként,5,fürt,/NOUN|[PERIOD1]
kard,kardonként,1,kard,/NOUN|[PERIOD1]
körülmény,körülményenként,1,körülmény,/NOUN|[PERIOD1]
magánszemély,magánszemélyenként,2,magánszemély,/NOUN|[PERIOD1]
weboldal,weboldalanként,2,weboldal,/NOUN|[PERIOD1]
ezredév,ezredévenként,1,ezredév,/NOUN|[PERIOD1]
réteg,rétegenként,31,réteg,/NOUN|[PERIOD1]
hajszál,hajszálanként,5,hajszál,/NOUN|[PERIOD1]
tégla,téglánként,6,tégla,/NOUN|[PERIOD1]
térfél,térfelenként,1,térfél,/NOUN|[PERIOD1]
homokszem,homokszemenként,1,homokszem,/NOUN|[PERIOD1]
cserepéldány,cserepéldányonként,1,cserepéldány,/NOUN|[PERIOD1]
kedd,keddenként,10,kedd,/NOUN|[PERIOD1]
tényező,tényezőnként,6,tényező,/NOUN|[PERIOD1]
szán,szánonként,2,szán,/NOUN|[PERIOD1]
szál,szálonként,15,szál,/NOUN|[PERIOD1]
szál,szálanként,10,szál,/NOUN|[PERIOD1]
szám,számonként,10,szám,/NOUN|[PERIOD1]
szák,szákonként,1,szák,/NOUN|[PERIOD1]
egyházmegye,egyházmegyénként,9,egyházmegye,/NOUN|[PERIOD1]
kert,kertenként,1,kert,/NOUN|[PERIOD1]
csütörtök,csütörtökönként,11,csütörtök,/NOUN|[PERIOD1]
szél,szélenként,4,szél,/NOUN|[PERIOD1]
szék,székenként,9,szék,/NOUN|[PERIOD1]
készülék,készülékenként,1,készülék,/NOUN|[PERIOD1]
szín,színenként,5,szín,/NOUN|[PERIOD1]
négyzetkilométer,négyzetkilométerenként,13,négyzetkilométer,/NOUN|[PERIOD1]
kerület,kerületenként,15,kerület,/NOUN|[PERIOD1]
vélekedés,vélekedésenként,1,vélekedés,/NOUN|[PERIOD1]
huszadrész,huszadrészenként,1,huszadrész,/NOUN|[PERIOD1]
ünnepnap,ünnepnaponként,6,ünnepnap,/NOUN|[PERIOD1]
kémény,kéményenként,3,kémény,/NOUN|[PERIOD1]
tempó,tempónként,2,tempó,/NOUN|[PERIOD1]
szabály,szabályonként,5,szabály,/NOUN|[PERIOD1]
pálya,pályánként,2,pálya,/NOUN|[PERIOD1]
konyha,konyhánként,1,konyha,/NOUN|[PERIOD1]
évfolyam,évfolyamonként,14,évfolyam,/NOUN|[PERIOD1]
negyedóra,negyedóránként,13,negyedóra,/NOUN|[PERIOD1]
tehén,tehenenként,5,tehén,/NOUN|[PERIOD1]
telek,telkenként,9,telek,/NOUN|[PERIOD1]
telep,telepenként,2,telep,/NOUN|[PERIOD1]
szerepkör,szerepkörönként,1,szerepkör,/NOUN|[PERIOD1]
olvasó,olvasónként,5,olvasó,/NOUN|[PERIOD1]
ismétlés,ismétlésenként,1,ismétlés,/NOUN|[PERIOD1]
bordaköz,bordaközönként,2,bordaköz,/NOUN|[PERIOD1]
adattár,adattáranként,1,adattár,/NOUN|[PERIOD1]
másodév,másodévenként,2,másodév,/NOUN|[PERIOD1]
funkció,funkciónként,4,funkció,/NOUN|[PERIOD1]
protokoll,protokollonként,1,protokoll,/NOUN|[PERIOD1]
fellépés,fellépésenként,1,fellépés,/NOUN|[PERIOD1]
kiló,kilónként,13,kiló,/NOUN|[PERIOD1]
termék,termékenként,10,termék,/NOUN|[PERIOD1]
figura,figuránként,2,figura,/NOUN|[PERIOD1]
bontás,bontásonként,1,bontás,/NOUN|[PERIOD1]
délelőtt,délelőttönként,12,délelőtt,/NOUN|[PERIOD1]
terv,tervenként,1,terv,/NOUN|[PERIOD1]
párt,pártonként,5,párt,/NOUN|[PERIOD1]
pára,páránként,1,pára,/NOUN|[PERIOD1]
test,testenként,1,test,/NOUN|[PERIOD1]
teve,tevénként,2,teve,/NOUN|[PERIOD1]
sajtó,sajtónként,2,sajtó,/NOUN|[PERIOD1]
holnap,holnaponként,11,holnap,/NOUN|[PERIOD1]
veder,vedrenként,2,veder,/NOUN|[PERIOD1]
esperesség,esperességenként,1,esperesség,/NOUN|[PERIOD1]
építőkocka,építőkockánként,1,építőkocka,/NOUN|[PERIOD1]
bevetés,bevetésenként,1,bevetés,/NOUN|[PERIOD1]
fejezet,fejezetenként,10,fejezet,/NOUN|[PERIOD1]
teszt,tesztenként,1,teszt,/NOUN|[PERIOD1]
tevékenység,tevékenységenként,15,tevékenység,/NOUN|[PERIOD1]
gége,gégénként,1,gége,/NOUN|[PERIOD1]
ember,emberenként,7,ember,/NOUN|[PERIOD1]
csapatnem,csapatnemenként,2,csapatnem,/NOUN|[PERIOD1]
kilowattóra,kilowattóránként,5,kilowattóra,/NOUN|[PERIOD1]
gulya,gulyánként,1,gulya,/NOUN|[PERIOD1]
irodalom,irodalmanként,2,irodalom,/NOUN|[PERIOD1]
terem,termenként,3,terem,/NOUN|[PERIOD1]
bányatelep,bányatelepenként,1,bányatelep,/NOUN|[PERIOD1]
norma,normánként,1,norma,/NOUN|[PERIOD1]
másodnap,másodnaponként,9,másodnap,/NOUN|[PERIOD1]
buga,bugánként,1,buga,/NOUN|[PERIOD1]
körlet,körletenként,5,körlet,/NOUN|[PERIOD1]
buli,bulinként,1,buli,/NOUN|[PERIOD1]
prioritás,prioritásonként,1,prioritás,/NOUN|[PERIOD1]
karácsony,karácsonyonként,3,karácsony,/NOUN|[PERIOD1]
negyedév,negyedévenként,13,negyedév,/NOUN|[PERIOD1]
busz,buszonként,2,busz,/NOUN|[PERIOD1]
kohó,kohónként,2,kohó,/NOUN|[PERIOD1]
csomópont,csomópontonként,1,csomópont,/NOUN|[PERIOD1]
esemény,eseményenként,3,esemény,/NOUN|[PERIOD1]
tanító,tanítónként,1,tanító,/NOUN|[PERIOD1]
kord,kordonként,2,kord,/NOUN|[PERIOD1]
tipp,tippenként,1,tipp,/NOUN|[PERIOD1]
istálló,istállónként,2,istálló,/NOUN|[PERIOD1]
ország,országonként,16,ország,/NOUN|[PERIOD1]
etnikum,etnikumonként,2,etnikum,/NOUN|[PERIOD1]
tétel,tételenként,22,tétel,/NOUN|[PERIOD1]
ellátás,ellátásonként,1,ellátás,/NOUN|[PERIOD1]
pohár,poháronként,1,pohár,/NOUN|[PERIOD1]
pohár,poharanként,9,pohár,/NOUN|[PERIOD1]
pokol,poklonként,1,pokol,/NOUN|[PERIOD1]
állatfaj,állatfajonként,5,állatfaj,/NOUN|[PERIOD1]
szükséglet,szükségletenként,1,szükséglet,/NOUN|[PERIOD1]
országrész,országrészenként,8,országrész,/NOUN|[PERIOD1]
terület,területenként,11,terület,/NOUN|[PERIOD1]
életév,életévenként,9,életév,/NOUN|[PERIOD1]
karika,karikánként,1,karika,/NOUN|[PERIOD1]
szócikk,szócikkenként,1,szócikk,/NOUN|[PERIOD1]
sorkatona,sorkatonánként,1,sorkatona,/NOUN|[PERIOD1]
henger,hengerenként,3,henger,/NOUN|[PERIOD1]
pénz,pénzenként,1,pénz,/NOUN|[PERIOD1]
foglalkozás,foglalkozásonként,5,foglalkozás,/NOUN|[PERIOD1]
pólus,pólusonként,4,pólus,/NOUN|[PERIOD1]
tanóra,tanóránként,2,tanóra,/NOUN|[PERIOD1]
munkaközösség,munkaközösségenként,1,munkaközösség,/NOUN|[PERIOD1]
dokumentum,dokumentumonként,3,dokumentum,/NOUN|[PERIOD1]
határeset,határesetenként,2,határeset,/NOUN|[PERIOD1]
címszó,címszavanként,3,címszó,/NOUN|[PERIOD1]
sarok,sarkonként,2,sarok,/NOUN|[PERIOD1]
sarok,sarkanként,1,sarok,/NOUN|[PERIOD1]
kupa,kupánként,2,kupa,/NOUN|[PERIOD1]
toll,tollanként,1,toll,/NOUN|[PERIOD1]
jogrendszer,jogrendszerenként,1,jogrendszer,/NOUN|[PERIOD1]
kötvény,kötvényenként,1,kötvény,/NOUN|[PERIOD1]
médium,médiumonként,1,médium,/NOUN|[PERIOD1]
milliliter,milliliterenként,1,milliliter,/NOUN|[PERIOD1]
kapitányság,kapitányságonként,3,kapitányság,/NOUN|[PERIOD1]
tábor,táboronként,4,tábor,/NOUN|[PERIOD1]
tábla,táblánként,15,tábla,/NOUN|[PERIOD1]
berendezés,berendezésenként,1,berendezés,/NOUN|[PERIOD1]
iskolarendszer,iskolarendszerenként,1,iskolarendszer,/NOUN|[PERIOD1]
tengely,tengelyenként,2,tengely,/NOUN|[PERIOD1]
szakember,szakemberenként,2,szakember,/NOUN|[PERIOD1]
szakszolgálat,szakszolgálatonként,1,szakszolgálat,/NOUN|[PERIOD1]
szakterület,szakterületenként,10,szakterület,/NOUN|[PERIOD1]
indítás,indításonként,2,indítás,/NOUN|[PERIOD1]
fogalom,fogalmonként,1,fogalom,/NOUN|[PERIOD1]
fogalom,fogalmanként,1,fogalom,/NOUN|[PERIOD1]
evező,evezőnként,2,evező,/NOUN|[PERIOD1]
direktíva,direktívánként,1,direktíva,/NOUN|[PERIOD1]
állatnév,állatnevenként,1,állatnév,/NOUN|[PERIOD1]
patkány,patkányonként,1,patkány,/NOUN|[PERIOD1]
termelőszövetkezet,termelőszövetkezetenként,1,termelőszövetkezet,/NOUN|[PERIOD1]
processzor,processzoronként,3,processzor,/NOUN|[PERIOD1]
birka,birkánként,3,birka,/NOUN|[PERIOD1]
ügyosztály,ügyosztályonként,1,ügyosztály,/NOUN|[PERIOD1]
deszkaszál,deszkaszálanként,1,deszkaszál,/NOUN|[PERIOD1]
módozat,módozatonként,2,módozat,/NOUN|[PERIOD1]
címzett,címzettenként,1,címzett,/NOUN|[PERIOD1]
vendég,vendégenként,3,vendég,/NOUN|[PERIOD1]
képzés,képzésenként,21,képzés,/NOUN|[PERIOD1]
avatás,avatásonként,1,avatás,/NOUN|[PERIOD1]
szereplő,szereplőnként,7,szereplő,/NOUN|[PERIOD1]
posta,postánként,1,posta,/NOUN|[PERIOD1]
porta,portánként,13,porta,/NOUN|[PERIOD1]
központ,központonként,4,központ,/NOUN|[PERIOD1]
portó,portónként,1,portó,/NOUN|[PERIOD1]
időzóna,időzónánként,1,időzóna,/NOUN|[PERIOD1]
uralkodó,uralkodónként,1,uralkodó,/NOUN|[PERIOD1]
mecset,mecsetenként,1,mecset,/NOUN|[PERIOD1]
kromoszóma,kromoszómánként,1,kromoszóma,/NOUN|[PERIOD1]
mikron,mikrononként,1,mikron,/NOUN|[PERIOD1]
szakág,szakáganként,3,szakág,/NOUN|[PERIOD1]
teherautó,teherautónként,1,teherautó,/NOUN|[PERIOD1]
fehérje,fehérjénként,1,fehérje,/NOUN|[PERIOD1]
betétes,betétesenként,1,betétes,/NOUN|[PERIOD1]
vétel,vételenként,1,vétel,/NOUN|[PERIOD1]
közösség,közösségenként,9,közösség,/NOUN|[PERIOD1]
gőzös,gőzösönként,1,gőzös,/NOUN|[PERIOD1]
cent,centenként,1,cent,/NOUN|[PERIOD1]
évnegyed,évnegyedenként,14,évnegyed,/NOUN|[PERIOD1]
nyomda,nyomdánként,1,nyomda,/NOUN|[PERIOD1]
bányaüzem,bányaüzemenként,1,bányaüzem,/NOUN|[PERIOD1]
évszak,évszakonként,11,évszak,/NOUN|[PERIOD1]
recept,receptenként,1,recept,/NOUN|[PERIOD1]
életciklus,életciklusonként,2,életciklus,/NOUN|[PERIOD1]
dallam,dallamonként,1,dallam,/NOUN|[PERIOD1]
serpenyő,serpenyőnként,1,serpenyő,/NOUN|[PERIOD1]
nagyhold,nagyholdanként,1,nagyhold,/NOUN|[PERIOD1]
pózna,póznánként,1,pózna,/NOUN|[PERIOD1]
kórokozó,kórokozónként,1,kórokozó,/NOUN|[PERIOD1]
alrendszer,alrendszerenként,9,alrendszer,/NOUN|[PERIOD1]
lakó,lakónként,2,lakó,/NOUN|[PERIOD1]
szféra,szféránként,2,szféra,/NOUN|[PERIOD1]
kapcsolat,kapcsolatonként,2,kapcsolat,/NOUN|[PERIOD1]
kártyalap,kártyalaponként,1,kártyalap,/NOUN|[PERIOD1]
kereszt,keresztenként,2,kereszt,/NOUN|[PERIOD1]
tálka,tálkánként,1,tálka,/NOUN|[PERIOD1]
utaskilométer,utaskilométerenként,3,utaskilométer,/NOUN|[PERIOD1]
kaptár,kaptáronként,3,kaptár,/NOUN|[PERIOD1]
cikk,cikkenként,7,cikk,/NOUN|[PERIOD1]
lélegzet,lélegzetenként,1,lélegzet,/NOUN|[PERIOD1]
nyomás,nyomásonként,3,nyomás,/NOUN|[PERIOD1]
helyszín,helyszínenként,7,helyszín,/NOUN|[PERIOD1]
szekvencia,szekvenciánként,1,szekvencia,/NOUN|[PERIOD1]
nyilatkozat,nyilatkozatonként,1,nyilatkozat,/NOUN|[PERIOD1]
tyúk,tyúkonként,1,tyúk,/NOUN|[PERIOD1]
szubjektum,szubjektumonként,2,szubjektum,/NOUN|[PERIOD1]
tárgy,tárgyanként,12,tárgy,/NOUN|[PERIOD1]
tárca,tárcánként,6,tárca,/NOUN|[PERIOD1]
telephely,telephelyenként,6,telephely,/NOUN|[PERIOD1]
centiliter,centiliterenként,1,centiliter,/NOUN|[PERIOD1]
kopejka,kopejkánként,2,kopejka,/NOUN|[PERIOD1]
március,márciusonként,1,március,/NOUN|[PERIOD1]
színhely,színhelyenként,2,színhely,/NOUN|[PERIOD1]
bolygó,bolygónként,1,bolygó,/NOUN|[PERIOD1]
nyelv,nyelvenként,14,nyelv,/NOUN|[PERIOD1]
oktáv,oktávonként,1,oktáv,/NOUN|[PERIOD1]
lakóterület,lakóterületenként,1,lakóterület,/NOUN|[PERIOD1]
község,községenként,10,község,/NOUN|[PERIOD1]
cella,cellánként,5,cella,/NOUN|[PERIOD1]
nemzetség,nemzetségenként,9,nemzetség,/NOUN|[PERIOD1]
szituáció,szituációnként,5,szituáció,/NOUN|[PERIOD1]
frank,frankonként,1,frank,/NOUN|[PERIOD1]
kerevet,kerevetenként,1,kerevet,/NOUN|[PERIOD1]
vásárló,vásárlónként,1,vásárló,/NOUN|[PERIOD1]
centi,centinként,4,centi,/NOUN|[PERIOD1]
bankjegy,bankjegyenként,1,bankjegy,/NOUN|[PERIOD1]
öszvér,öszvérenként,1,öszvér,/NOUN|[PERIOD1]
evezőcsapás,evezőcsapásonként,2,evezőcsapás,/NOUN|[PERIOD1]
fejőstehén,fejőstehenenként,1,fejőstehén,/NOUN|[PERIOD1]
ipartestület,ipartestületenként,1,ipartestület,/NOUN|[PERIOD1]
deszka,deszkánként,2,deszka,/NOUN|[PERIOD1]
állampolgár,állampolgáronként,2,állampolgár,/NOUN|[PERIOD1]
család,családonként,11,család,/NOUN|[PERIOD1]
csapat,csapatonként,14,csapat,/NOUN|[PERIOD1]
zeneszerző,zeneszerzőnként,1,zeneszerző,/NOUN|[PERIOD1]
rovat,rovatonként,11,rovat,/NOUN|[PERIOD1]
önkormányzat,önkormányzatonként,2,önkormányzat,/NOUN|[PERIOD1]
népszámlálás,népszámlálásonként,6,népszámlálás,/NOUN|[PERIOD1]
anyag,anyagonként,5,anyag,/NOUN|[PERIOD1]
jurátus,jurátusonként,1,jurátus,/NOUN|[PERIOD1]
paraméter,paraméterenként,1,paraméter,/NOUN|[PERIOD1]
tonna,tonnánként,31,tonna,/NOUN|[PERIOD1]
meghívott,meghívottanként,1,meghívott,/NOUN|[PERIOD1]
start,startonként,1,start,/NOUN|[PERIOD1]
rózsa,rózsánként,1,rózsa,/NOUN|[PERIOD1]
ünnep,ünnepenként,6,ünnep,/NOUN|[PERIOD1]
féleség,féleségenként,1,féleség,/NOUN|[PERIOD1]
tojás,tojásonként,5,tojás,/NOUN|[PERIOD1]
gombóc,gombóconként,1,gombóc,/NOUN|[PERIOD1]
rovás,rovásonként,1,rovás,/NOUN|[PERIOD1]
banda,bandánként,2,banda,/NOUN|[PERIOD1]
hátralék,hátralékonként,1,hátralék,/NOUN|[PERIOD1]
rekord,rekordonként,4,rekord,/NOUN|[PERIOD1]
banán,banánonként,1,banán,/NOUN|[PERIOD1]
munkavállaló,munkavállalónként,7,munkavállaló,/NOUN|[PERIOD1]
oldal,oldalanként,10,oldal,/NOUN|[PERIOD1]
oldal,oldalonként,2,oldal,/NOUN|[PERIOD1]
kivétel,kivételenként,1,kivétel,/NOUN|[PERIOD1]
pénztár,pénztáronként,1,pénztár,/NOUN|[PERIOD1]
jobbágytelek,jobbágytelkenként,2,jobbágytelek,/NOUN|[PERIOD1]
lakrész,lakrészenként,1,lakrész,/NOUN|[PERIOD1]
csép,csépenként,1,csép,/NOUN|[PERIOD1]
csík,csíkonként,3,csík,/NOUN|[PERIOD1]
keringés,keringésenként,1,keringés,/NOUN|[PERIOD1]
választókerület,választókerületenként,4,választókerület,/NOUN|[PERIOD1]
város,városonként,20,város,/NOUN|[PERIOD1]
disznó,disznónként,4,disznó,/NOUN|[PERIOD1]
torta,tortánként,1,torta,/NOUN|[PERIOD1]
félóra,félóránként,11,félóra,/NOUN|[PERIOD1]
lefutás,lefutásonként,1,lefutás,/NOUN|[PERIOD1]
lexikon,lexikononként,1,lexikon,/NOUN|[PERIOD1]
bizonyítvány,bizonyítványonként,1,bizonyítvány,/NOUN|[PERIOD1]
ismérv,ismérvenként,3,ismérv,/NOUN|[PERIOD1]
sértett,sértettenként,1,sértett,/NOUN|[PERIOD1]
irány,irányonként,17,irány,/NOUN|[PERIOD1]
barit,baritonként,3,barit,/NOUN|[PERIOD1]
szöveg,szövegenként,2,szöveg,/NOUN|[PERIOD1]
morzsa,morzsánként,11,morzsa,/NOUN|[PERIOD1]
műveltség,műveltségenként,1,műveltség,/NOUN|[PERIOD1]
hóstát,hóstátonként,1,hóstát,/NOUN|[PERIOD1]
folytatás,folytatásonként,3,folytatás,/NOUN|[PERIOD1]
komponens,komponensenként,4,komponens,/NOUN|[PERIOD1]
népcsoport,népcsoportonként,4,népcsoport,/NOUN|[PERIOD1]
wattóra,wattóránként,1,wattóra,/NOUN|[PERIOD1]
ángária,ángáriánként,1,ángária,/NOUN|[PERIOD1]
szőnyegszövő,szőnyegszövőnként,1,szőnyegszövő,/NOUN|[PERIOD1]
változó,változónként,4,változó,/NOUN|[PERIOD1]
fűtőérték,fűtőértékenként,1,fűtőérték,/NOUN|[PERIOD1]
pályázat,pályázatonként,6,pályázat,/NOUN|[PERIOD1]
találmány,találmányonként,1,találmány,/NOUN|[PERIOD1]
fegyvernem,fegyvernemenként,4,fegyvernem,/NOUN|[PERIOD1]
lyuk,lyukanként,1,lyuk,/NOUN|[PERIOD1]
szórakoztató,szórakoztatónként,1,szórakoztató,/NOUN|[PERIOD1]
plébánia,plébániánként,2,plébánia,/NOUN|[PERIOD1]
vásár,vásáronként,1,vásár,/NOUN|[PERIOD1]
utca,utcánként,11,utca,/NOUN|[PERIOD1]
utas,utasonként,1,utas,/NOUN|[PERIOD1]
szegmentum,szegmentumonként,1,szegmentum,/NOUN|[PERIOD1]
hüvely,hüvelyenként,1,hüvely,/NOUN|[PERIOD1]
információ,információnként,1,információ,/NOUN|[PERIOD1]
szakma,szakmánként,11,szakma,/NOUN|[PERIOD1]
apartman,apartmanonként,1,apartman,/NOUN|[PERIOD1]
betegség,betegségenként,1,betegség,/NOUN|[PERIOD1]
vonal,vonalonként,1,vonal,/NOUN|[PERIOD1]
vonal,vonalanként,4,vonal,/NOUN|[PERIOD1]
vonat,vonatonként,4,vonat,/NOUN|[PERIOD1]
szalag,szalagonként,1,szalag,/NOUN|[PERIOD1]
szórakozóhely,szórakozóhelyenként,1,szórakozóhely,/NOUN|[PERIOD1]
műszer,műszerenként,1,műszer,/NOUN|[PERIOD1]
műszak,műszakonként,22,műszak,/NOUN|[PERIOD1]
levéltár,levéltáranként,3,levéltár,/NOUN|[PERIOD1]
levéltár,levéltáronként,1,levéltár,/NOUN|[PERIOD1]
darab,darabonként,11,darab,/NOUN|[PERIOD1]
személyiség,személyiségenként,3,személyiség,/NOUN|[PERIOD1]
deka,dekánként,3,deka,/NOUN|[PERIOD1]
sertés,sertésenként,3,sertés,/NOUN|[PERIOD1]
szubkultúra,szubkultúránként,2,szubkultúra,/NOUN|[PERIOD1]
jogcím,jogcímenként,8,jogcím,/NOUN|[PERIOD1]
kemence,kemencénként,1,kemence,/NOUN|[PERIOD1]
csöpp,csöppenként,9,csöpp,/NOUN|[PERIOD1]
mélység,mélységenként,1,mélység,/NOUN|[PERIOD1]
osztás,osztásonként,4,osztás,/NOUN|[PERIOD1]
iskola,iskolánként,11,iskola,/NOUN|[PERIOD1]
gyakornok,gyakornokonként,1,gyakornok,/NOUN|[PERIOD1]
borvidék,borvidékenként,3,borvidék,/NOUN|[PERIOD1]
maga,magánként,1,maga,/NOUN|[PERIOD1]
krajcár,krajcáronként,3,krajcár,/NOUN|[PERIOD1]
vonás,vonásonként,1,vonás,/NOUN|[PERIOD1]
dekagramm,dekagrammonként,1,dekagramm,/NOUN|[PERIOD1]
monstrum,monstrumonként,1,monstrum,/NOUN|[PERIOD1]
paszta,pasztánként,1,paszta,/NOUN|[PERIOD1]
változat,változatonként,8,változat,/NOUN|[PERIOD1]
gyakorlat,gyakorlatonként,1,gyakorlat,/NOUN|[PERIOD1]
nyomtató,nyomtatónként,1,nyomtató,/NOUN|[PERIOD1]
gázturbina,gázturbinánként,1,gázturbina,/NOUN|[PERIOD1]
évtized,évtizedenként,13,évtized,/NOUN|[PERIOD1]
jelleg,jellegenként,2,jelleg,/NOUN|[PERIOD1]
négyzetméter,négyzetméterenként,11,négyzetméter,/NOUN|[PERIOD1]
alkatrész,alkatrészenként,3,alkatrész,/NOUN|[PERIOD1]
tallér,talléronként,1,tallér,/NOUN|[PERIOD1]
dolgozó,dolgozónként,11,dolgozó,/NOUN|[PERIOD1]
falat,falatonként,10,falat,/NOUN|[PERIOD1]
zóna,zónánként,2,zóna,/NOUN|[PERIOD1]
kultúrkör,kultúrkörönként,5,kultúrkör,/NOUN|[PERIOD1]
családnév,családnevenként,1,családnév,/NOUN|[PERIOD1]
fajta,fajtánként,11,fajta,/NOUN|[PERIOD1]
meny,menyenként,1,meny,/NOUN|[PERIOD1]
torony,tornyonként,2,torony,/NOUN|[PERIOD1]
mese,mesénként,3,mese,/NOUN|[PERIOD1]
szekunda,szekundánként,1,szekunda,/NOUN|[PERIOD1]
mező,mezőnként,2,mező,/NOUN|[PERIOD1]
kupacs,kupacsonként,2,kupacs,/NOUN|[PERIOD1]
párosítás,párosításonként,1,párosítás,/NOUN|[PERIOD1]
terminál,terminálonként,1,terminál,/NOUN|[PERIOD1]
hívás,hívásonként,2,hívás,/NOUN|[PERIOD1]
végtag,végtagonként,1,végtag,/NOUN|[PERIOD1]
névmás,névmásonként,2,névmás,/NOUN|[PERIOD1]
minuta,minutánként,2,minuta,/NOUN|[PERIOD1]
családtag,családtagonként,4,családtag,/NOUN|[PERIOD1]
illemhely,illemhelyenként,1,illemhely,/NOUN|[PERIOD1]
diák,diákonként,5,diák,/NOUN|[PERIOD1]
vízcsepp,vízcseppenként,1,vízcsepp,/NOUN|[PERIOD1]
monokli,monoklinként,1,monokli,/NOUN|[PERIOD1]
falka,falkánként,7,falka,/NOUN|[PERIOD1]
csobbanás,csobbanásonként,1,csobbanás,/NOUN|[PERIOD1]
kaszás,kaszásonként,1,kaszás,/NOUN|[PERIOD1]
alkotás,alkotásonként,1,alkotás,/NOUN|[PERIOD1]
felvétel,felvételenként,2,felvétel,/NOUN|[PERIOD1]
fellebbezés,fellebbezésenként,1,fellebbezés,/NOUN|[PERIOD1]
altípus,altípusonként,1,altípus,/NOUN|[PERIOD1]
részegség,részegségenként,1,részegség,/NOUN|[PERIOD1]
dollár,dolláronként,5,dollár,/NOUN|[PERIOD1]
dimenzió,dimenziónként,6,dimenzió,/NOUN|[PERIOD1]
kápolna,kápolnánként,1,kápolna,/NOUN|[PERIOD1]
másodperc,másodpercenként,19,másodperc,/NOUN|[PERIOD1]
indok,indokonként,1,indok,/NOUN|[PERIOD1]
kiszállás,kiszállásonként,1,kiszállás,/NOUN|[PERIOD1]
vers,versenként,9,vers,/NOUN|[PERIOD1]
vese,vesénként,1,vese,/NOUN|[PERIOD1]
terminus,terminusonként,1,terminus,/NOUN|[PERIOD1]
deciliter,deciliterenként,1,deciliter,/NOUN|[PERIOD1]
vevő,vevőnként,2,vevő,/NOUN|[PERIOD1]
szakcsoport,szakcsoportonként,10,szakcsoport,/NOUN|[PERIOD1]
kontinens,kontinensenként,6,kontinens,/NOUN|[PERIOD1]
faktor,faktoronként,2,faktor,/NOUN|[PERIOD1]
kisebbség,kisebbségenként,4,kisebbség,/NOUN|[PERIOD1]
mondat,mondatonként,11,mondat,/NOUN|[PERIOD1]
városrész,városrészenként,8,városrész,/NOUN|[PERIOD1]
árunem,árunemenként,1,árunem,/NOUN|[PERIOD1]
liget,ligetenként,1,liget,/NOUN|[PERIOD1]
épület,épületenként,3,épület,/NOUN|[PERIOD1]
oktató,oktatónként,3,oktató,/NOUN|[PERIOD1]
diribdarab,diribdarabonként,1,diribdarab,/NOUN|[PERIOD1]
kúria,kúriánként,1,kúria,/NOUN|[PERIOD1]
állatfajta,állatfajtánként,2,állatfajta,/NOUN|[PERIOD1]
változás,változásonként,1,változás,/NOUN|[PERIOD1]
osztályozás,osztályozásonként,2,osztályozás,/NOUN|[PERIOD1]
bekezdés,bekezdésenként,8,bekezdés,/NOUN|[PERIOD1]
szaktudomány,szaktudományonként,1,szaktudomány,/NOUN|[PERIOD1]
bűncselekmény,bűncselekményenként,1,bűncselekmény,/NOUN|[PERIOD1]
körcikk,körcikkenként,1,körcikk,/NOUN|[PERIOD1]
csoport,csoportonként,13,csoport,/NOUN|[PERIOD1]
ismeret,ismeretenként,1,ismeret,/NOUN|[PERIOD1]
gépkocsi,gépkocsinként,1,gépkocsi,/NOUN|[PERIOD1]
elmélkedés,elmélkedésenként,1,elmélkedés,/NOUN|[PERIOD1]
bogrács,bográcsonként,1,bogrács,/NOUN|[PERIOD1]
hullám,hullámonként,8,hullám,/NOUN|[PERIOD1]
kérdezett,kérdezettenként,2,kérdezett,/NOUN|[PERIOD1]
halom,halmonként,3,halom,/NOUN|[PERIOD1]
vajdaság,vajdaságonként,1,vajdaság,/NOUN|[PERIOD1]
ágazat,ágazatonként,27,ágazat,/NOUN|[PERIOD1]
mérkőzés,mérkőzésenként,2,mérkőzés,/NOUN|[PERIOD1]
lépték,léptékenként,1,lépték,/NOUN|[PERIOD1]
marhavagon,marhavagononként,1,marhavagon,/NOUN|[PERIOD1]
történet,történetenként,1,történet,/NOUN|[PERIOD1]
pászma,pászmánként,1,pászma,/NOUN|[PERIOD1]
galaxis,galaxisonként,2,galaxis,/NOUN|[PERIOD1]
napilap,napilaponként,1,napilap,/NOUN|[PERIOD1]
rész,részenként,9,rész,/NOUN|[PERIOD1]
ápoló,ápolónként,3,ápoló,/NOUN|[PERIOD1]
fekvőhely,fekvőhelyenként,1,fekvőhely,/NOUN|[PERIOD1]
alfejezet,alfejezetenként,4,alfejezet,/NOUN|[PERIOD1]
nyilas,nyilasonként,3,nyilas,/NOUN|[PERIOD1]
hektoliter,hektoliterenként,8,hektoliter,/NOUN|[PERIOD1]
újév,újévenként,1,újév,/NOUN|[PERIOD1]
ágyás,ágyásonként,1,ágyás,/NOUN|[PERIOD1]
felszállás,felszállásonként,1,felszállás,/NOUN|[PERIOD1]
gyerek,gyerekenként,6,gyerek,/NOUN|[PERIOD1]
merülés,merülésenként,1,merülés,/NOUN|[PERIOD1]
beszélő,beszélőnként,2,beszélő,/NOUN|[PERIOD1]
csésze,csészénként,3,csésze,/NOUN|[PERIOD1]
emberöltő,emberöltőnként,1,emberöltő,/NOUN|[PERIOD1]
oszlop,oszloponként,6,oszlop,/NOUN|[PERIOD1]
láncszem,láncszemenként,1,láncszem,/NOUN|[PERIOD1]
cserje,cserjénként,1,cserje,/NOUN|[PERIOD1]
kelet,keltenként,1,kelet,/NOUN|[PERIOD1]
rendszer,rendszerenként,6,rendszer,/NOUN|[PERIOD1]
ágy,ágyanként,1,ágy,/NOUN|[PERIOD1]
fazék,fazekanként,1,fazék,/NOUN|[PERIOD1]
fertály,fertályonként,14,fertály,/NOUN|[PERIOD1]
sugár,sugaranként,2,sugár,/NOUN|[PERIOD1]
löket,löketenként,1,löket,/NOUN|[PERIOD1]
főiskola,főiskolánként,2,főiskola,/NOUN|[PERIOD1]
végzettség,végzettségenként,3,végzettség,/NOUN|[PERIOD1]
harmadnap,harmadnaponként,10,harmadnap,/NOUN|[PERIOD1]
főcsoport,főcsoportonként,7,főcsoport,/NOUN|[PERIOD1]
tárgykör,tárgykörönként,3,tárgykör,/NOUN|[PERIOD1]
forint,forintonként,7,forint,/NOUN|[PERIOD1]
köztársaság,köztársaságonként,3,köztársaság,/NOUN|[PERIOD1]
munkaterület,munkaterületenként,1,munkaterület,/NOUN|[PERIOD1]
négyzetmilliméter,négyzetmilliméterenként,2,négyzetmilliméter,/NOUN|[PERIOD1]
gazdaság,gazdaságonként,8,gazdaság,/NOUN|[PERIOD1]
liszt,lisztenként,1,liszt,/NOUN|[PERIOD1]
liter,literenként,13,liter,/NOUN|[PERIOD1]
zsellér,zsellérenként,3,zsellér,/NOUN|[PERIOD1]
táblázat,táblázatonként,2,táblázat,/NOUN|[PERIOD1]
kopoltyú,kopoltyúnként,1,kopoltyú,/NOUN|[PERIOD1]
szempillantás,szempillantásonként,1,szempillantás,/NOUN|[PERIOD1]
gondolat,gondolatonként,4,gondolat,/NOUN|[PERIOD1]
állóeszköz,állóeszközönként,1,állóeszköz,/NOUN|[PERIOD1]
kiadás,kiadásonként,2,kiadás,/NOUN|[PERIOD1]
gálya,gályánként,1,gálya,/NOUN|[PERIOD1]
sütemény,süteményenként,1,sütemény,/NOUN|[PERIOD1]
termény,terményenként,1,termény,/NOUN|[PERIOD1]
katona,katonánként,2,katona,/NOUN|[PERIOD1]
zeneszám,zeneszámonként,2,zeneszám,/NOUN|[PERIOD1]
háznép,háznépenként,1,háznép,/NOUN|[PERIOD1]
fészek,fészkenként,5,fészek,/NOUN|[PERIOD1]
hasáb,hasábonként,11,hasáb,/NOUN|[PERIOD1]
parcella,parcellánként,9,parcella,/NOUN|[PERIOD1]
utazás,utazásonként,3,utazás,/NOUN|[PERIOD1]
szekrény,szekrényenként,1,szekrény,/NOUN|[PERIOD1]
slukk,slukkonként,1,slukk,/NOUN|[PERIOD1]
meccs,meccsenként,1,meccs,/NOUN|[PERIOD1]
évmillió,évmilliónként,1,évmillió,/NOUN|[PERIOD1]
szelvény,szelvényenként,2,szelvény,/NOUN|[PERIOD1]
népbetegség,népbetegségenként,1,népbetegség,/NOUN|[PERIOD1]
kerek,kerekenként,2,kerek,/NOUN|[PERIOD1]
keret,keretenként,1,keret,/NOUN|[PERIOD1]
osztag,osztagonként,1,osztag,/NOUN|[PERIOD1]
asztal,asztalonként,3,asztal,/NOUN|[PERIOD1]
hozzátartozó,hozzátartozónként,1,hozzátartozó,/NOUN|[PERIOD1]
lapszám,lapszámonként,2,lapszám,/NOUN|[PERIOD1]
stáció,stációnként,2,stáció,/NOUN|[PERIOD1]
ebéd,ebédenként,1,ebéd,/NOUN|[PERIOD1]
múzsa,múzsánként,2,múzsa,/NOUN|[PERIOD1]
éra,éránként,1,éra,/NOUN|[PERIOD1]
nyitás,nyitásonként,1,nyitás,/NOUN|[PERIOD1]
megye,megyénként,35,megye,/NOUN|[PERIOD1]
szemeszter,szemeszterenként,8,szemeszter,/NOUN|[PERIOD1]
nemzet,nemzetenként,12,nemzet,/NOUN|[PERIOD1]
fiaskó,fiaskónként,1,fiaskó,/NOUN|[PERIOD1]
centiméter,centiméterenként,11,centiméter,/NOUN|[PERIOD1]
fiatal,fiatalonként,1,fiatal,/NOUN|[PERIOD1]
kirendeltség,kirendeltségenként,5,kirendeltség,/NOUN|[PERIOD1]
kazetta,kazettánként,1,kazetta,/NOUN|[PERIOD1]
gerezd,gerezdenként,3,gerezd,/NOUN|[PERIOD1]
hüvelyk,hüvelykenként,2,hüvelyk,/NOUN|[PERIOD1]
tanulmány,tanulmányonként,4,tanulmány,/NOUN|[PERIOD1]
inkarnáció,inkarnációnként,1,inkarnáció,/NOUN|[PERIOD1]
korcsoport,korcsoportonként,11,korcsoport,/NOUN|[PERIOD1]
diszciplína,diszciplínánként,5,diszciplína,/NOUN|[PERIOD1]
kerék,kerekenként,2,kerék,/NOUN|[PERIOD1]
löveg,lövegenként,3,löveg,/NOUN|[PERIOD1]
autóbusz,autóbuszonként,1,autóbusz,/NOUN|[PERIOD1]
kérés,kérésenként,2,kérés,/NOUN|[PERIOD1]
űrméter,űrméterenként,2,űrméter,/NOUN|[PERIOD1]
zászlóalj,zászlóaljanként,9,zászlóalj,/NOUN|[PERIOD1]
összetevő,összetevőnként,1,összetevő,/NOUN|[PERIOD1]
labor,laboronként,1,labor,/NOUN|[PERIOD1]
egér,egerenként,1,egér,/NOUN|[PERIOD1]
napszak,napszakonként,7,napszak,/NOUN|[PERIOD1]
megyeszékhely,megyeszékhelyenként,2,megyeszékhely,/NOUN|[PERIOD1]
szombat,szombatonként,11,szombat,/NOUN|[PERIOD1]
elem,elemenként,11,elem,/NOUN|[PERIOD1]
ezredmásodperc,ezredmásodpercenként,1,ezredmásodperc,/NOUN|[PERIOD1]
barakk,barakkonként,2,barakk,/NOUN|[PERIOD1]
utódállam,utódállamonként,1,utódállam,/NOUN|[PERIOD1]
gyülekezet,gyülekezetenként,4,gyülekezet,/NOUN|[PERIOD1]
boltmező,boltmezőnként,1,boltmező,/NOUN|[PERIOD1]
első,elsőnként,3,első,/NOUN|[PERIOD1]
iskolafenntartó,iskolafenntartónként,2,iskolafenntartó,/NOUN|[PERIOD1]
vizsgálat,vizsgálatonként,2,vizsgálat,/NOUN|[PERIOD1]
nyelvterület,nyelvterületenként,3,nyelvterület,/NOUN|[PERIOD1]
ménes,ménesenként,5,ménes,/NOUN|[PERIOD1]
emlő,emlőnként,1,emlő,/NOUN|[PERIOD1]
kereső,keresőnként,4,kereső,/NOUN|[PERIOD1]
deviza,devizánként,5,deviza,/NOUN|[PERIOD1]
előfizetés,előfizetésenként,1,előfizetés,/NOUN|[PERIOD1]
menet,menetenként,1,menet,/NOUN|[PERIOD1]
lövés,lövésenként,2,lövés,/NOUN|[PERIOD1]
ének,énekenként,3,ének,/NOUN|[PERIOD1]
növedék,növedékenként,2,növedék,/NOUN|[PERIOD1]
milliméter,milliméterenként,9,milliméter,/NOUN|[PERIOD1]
kérdés,kérdésenként,16,kérdés,/NOUN|[PERIOD1]
nyelvközösség,nyelvközösségenként,1,nyelvközösség,/NOUN|[PERIOD1]
eszköz,eszközönként,11,eszköz,/NOUN|[PERIOD1]
konstrukció,konstrukciónként,2,konstrukció,/NOUN|[PERIOD1]
tízperc,tízpercenként,12,tízperc,/NOUN|[PERIOD1]
néposztály,néposztályonként,1,néposztály,/NOUN|[PERIOD1]
szolgáltató,szolgáltatónként,4,szolgáltató,/NOUN|[PERIOD1]
eper,eprenként,1,eper,/NOUN|[PERIOD1]
máglya,máglyánként,1,máglya,/NOUN|[PERIOD1]
vádpont,vádpontonként,1,vádpont,/NOUN|[PERIOD1]
óra,óránként,12,óra,/NOUN|[PERIOD1]
apród,apródonként,9,apród,/NOUN|[PERIOD1]
szeptember,szeptemberenként,2,szeptember,/NOUN|[PERIOD1]
folyóirat,folyóiratonként,8,folyóirat,/NOUN|[PERIOD1]
óvó,óvónként,4,óvó,/NOUN|[PERIOD1]
cégcsoport,cégcsoportonként,1,cégcsoport,/NOUN|[PERIOD1]
archívum,archívumonként,2,archívum,/NOUN|[PERIOD1]
méret,méretenként,1,méret,/NOUN|[PERIOD1]
asszony,asszonyonként,1,asszony,/NOUN|[PERIOD1]
eset,esetenként,45,eset,/NOUN|[PERIOD1]
felvonás,felvonásonként,5,felvonás,/NOUN|[PERIOD1]
megosztás,megosztásonként,3,megosztás,/NOUN|[PERIOD1]
este,esténként,20,este,/NOUN|[PERIOD1]
lakos,lakosonként,14,lakos,/NOUN|[PERIOD1]
lakóhely,lakóhelyenként,2,lakóhely,/NOUN|[PERIOD1]
dandár,dandáronként,3,dandár,/NOUN|[PERIOD1]
lakás,lakásonként,8,lakás,/NOUN|[PERIOD1]
aktivitás,aktivitásonként,1,aktivitás,/NOUN|[PERIOD1]
részterület,részterületenként,1,részterület,/NOUN|[PERIOD1]
modell,modellenként,3,modell,/NOUN|[PERIOD1]
méter,méterenként,10,méter,/NOUN|[PERIOD1]
étel,ételenként,1,étel,/NOUN|[PERIOD1]
nagyság,nagyságonként,1,nagyság,/NOUN|[PERIOD1]
óvoda,óvodánként,2,óvoda,/NOUN|[PERIOD1]
irányzat,irányzatonként,4,irányzat,/NOUN|[PERIOD1]
família,famíliánként,3,família,/NOUN|[PERIOD1]
euró,eurónként,1,euró,/NOUN|[PERIOD1]
strófa,strófánként,5,strófa,/NOUN|[PERIOD1]
megoldás,megoldásonként,13,megoldás,/NOUN|[PERIOD1]
fogalomkör,fogalomkörönként,4,fogalomkör,/NOUN|[PERIOD1]
évad,évadonként,8,évad,/NOUN|[PERIOD1]
lapka,lapkánként,1,lapka,/NOUN|[PERIOD1]
mérés,mérésenként,1,mérés,/NOUN|[PERIOD1]
csődör,csődörönként,1,csődör,/NOUN|[PERIOD1]
viszonylat,viszonylatonként,2,viszonylat,/NOUN|[PERIOD1]
barázda,barázdánként,4,barázda,/NOUN|[PERIOD1]
kunszt,kunsztonként,1,kunszt,/NOUN|[PERIOD1]
látogató,látogatónként,2,látogató,/NOUN|[PERIOD1]
csatoló,csatolónként,1,csatoló,/NOUN|[PERIOD1]
jogviszony,jogviszonyonként,1,jogviszony,/NOUN|[PERIOD1]
állomás,állomásonként,9,állomás,/NOUN|[PERIOD1]
leütés,leütésenként,1,leütés,/NOUN|[PERIOD1]
nyelvcsalád,nyelvcsaládonként,1,nyelvcsalád,/NOUN|[PERIOD1]
részvény,részvényenként,9,részvény,/NOUN|[PERIOD1]
pitymallat,pitymallatonként,1,pitymallat,/NOUN|[PERIOD1]
versszak,versszakonként,7,versszak,/NOUN|[PERIOD1]
akadémia,akadémiánként,2,akadémia,/NOUN|[PERIOD1]
katalógus,katalógusonként,1,katalógus,/NOUN|[PERIOD1]
emigráció,emigrációnként,1,emigráció,/NOUN|[PERIOD1]
négyzetcentiméter,négyzetcentiméterenként,7,négyzetcentiméter,/NOUN|[PERIOD1]
mennyiség,mennyiségenként,1,mennyiség,/NOUN|[PERIOD1]
taktus,taktusonként,2,taktus,/NOUN|[PERIOD1]
ügy,ügyenként,1,ügy,/NOUN|[PERIOD1]
megabájt,megabájtonként,1,megabájt,/NOUN|[PERIOD1]
blokk,blokkonként,7,blokk,/NOUN|[PERIOD1]
munkacsoport,munkacsoportonként,2,munkacsoport,/NOUN|[PERIOD1]
tájszólás,tájszólásonként,1,tájszólás,/NOUN|[PERIOD1]
testtáj,testtájanként,1,testtáj,/NOUN|[PERIOD1]
lapát,lapátonként,2,lapát,/NOUN|[PERIOD1]
kezelés,kezelésenként,12,kezelés,/NOUN|[PERIOD1]
internátus,internátusonként,1,internátus,/NOUN|[PERIOD1]
félhang,félhangonként,1,félhang,/NOUN|[PERIOD1]
sorköz,sorközönként,1,sorköz,/NOUN|[PERIOD1]
csapattest,csapattestenként,2,csapattest,/NOUN|[PERIOD1]
adatbázis,adatbázisonként,1,adatbázis,/NOUN|[PERIOD1]
adónem,adónemenként,3,adónem,/NOUN|[PERIOD1]
karakter,karakterenként,8,karakter,/NOUN|[PERIOD1]
koporsó,koporsónként,1,koporsó,/NOUN|[PERIOD1]
fogyasztó,fogyasztónként,2,fogyasztó,/NOUN|[PERIOD1]
környezet,környezetenként,2,környezet,/NOUN|[PERIOD1]
kódex,kódexenként,1,kódex,/NOUN|[PERIOD1]
körjegyzőség,körjegyzőségenként,1,körjegyzőség,/NOUN|[PERIOD1]
kocsi,kocsinként,4,kocsi,/NOUN|[PERIOD1]
színtér,színterenként,6,színtér,/NOUN|[PERIOD1]
kocka,kockánként,7,kocka,/NOUN|[PERIOD1]
közlemény,közleményenként,2,közlemény,/NOUN|[PERIOD1]
munkatárs,munkatársanként,3,munkatárs,/NOUN|[PERIOD1]
negyedszázad,negyedszázadonként,2,negyedszázad,/NOUN|[PERIOD1]
pozdorja,pozdorjánként,1,pozdorja,/NOUN|[PERIOD1]
berakó,berakónként,1,berakó,/NOUN|[PERIOD1]
vállalat,vállalatonként,9,vállalat,/NOUN|[PERIOD1]
nyom,nyomonként,1,nyom,/NOUN|[PERIOD1]
pedagógus,pedagógusonként,1,pedagógus,/NOUN|[PERIOD1]
előirányzat,előirányzatonként,1,előirányzat,/NOUN|[PERIOD1]
struktúra,struktúránként,1,struktúra,/NOUN|[PERIOD1]
tudományszak,tudományszakonként,5,tudományszak,/NOUN|[PERIOD1]
négyszög,négyszögenként,1,négyszög,/NOUN|[PERIOD1]
tanfolyam,tanfolyamonként,3,tanfolyam,/NOUN|[PERIOD1]
falu,falvanként,10,falu,/NOUN|[PERIOD1]
falu,falunként,10,falu,/NOUN|[PERIOD1]
ágyú,ágyúnként,2,ágyú,/NOUN|[PERIOD1]
kampány,kampányonként,1,kampány,/NOUN|[PERIOD1]
bejegyzés,bejegyzésenként,2,bejegyzés,/NOUN|[PERIOD1]
üzletág,üzletáganként,4,üzletág,/NOUN|[PERIOD1]
térköz,térközönként,1,térköz,/NOUN|[PERIOD1]
játszma,játszmánként,1,játszma,/NOUN|[PERIOD1]
hordozó,hordozónként,1,hordozó,/NOUN|[PERIOD1]
keresztmetszet,keresztmetszetenként,1,keresztmetszet,/NOUN|[PERIOD1]
állampapír,állampapíronként,1,állampapír,/NOUN|[PERIOD1]
parancsolat,parancsolatonként,2,parancsolat,/NOUN|[PERIOD1]
alakulat,alakulatonként,1,alakulat,/NOUN|[PERIOD1]
nyáj,nyájanként,9,nyáj,/NOUN|[PERIOD1]
nyár,nyáronként,1,nyár,/NOUN|[PERIOD1]
nyár,nyaranként,13,nyár,/NOUN|[PERIOD1]
hullámhossz,hullámhosszanként,1,hullámhossz,/NOUN|[PERIOD1]
nyíl,nyilanként,1,nyíl,/NOUN|[PERIOD1]
számjegy,számjegyenként,1,számjegy,/NOUN|[PERIOD1]
jelenet,jelenetenként,3,jelenet,/NOUN|[PERIOD1]
napló,naplónként,1,napló,/NOUN|[PERIOD1]
kiskanál,kiskanalanként,2,kiskanál,/NOUN|[PERIOD1]
poligon,poligononként,1,poligon,/NOUN|[PERIOD1]
kimenet,kimenetenként,1,kimenet,/NOUN|[PERIOD1]
minisztérium,minisztériumonként,6,minisztérium,/NOUN|[PERIOD1]
kilowatt,kilowattonként,1,kilowatt,/NOUN|[PERIOD1]
iskolatípus,iskolatípusonként,26,iskolatípus,/NOUN|[PERIOD1]
gyűrű,gyűrűnként,2,gyűrű,/NOUN|[PERIOD1]
cikkely,cikkelyenként,5,cikkely,/NOUN|[PERIOD1]
falurész,falurészenként,6,falurész,/NOUN|[PERIOD1]
színpad,színpadonként,1,színpad,/NOUN|[PERIOD1]
forduló,fordulónként,5,forduló,/NOUN|[PERIOD1]
szakirány,szakirányonként,2,szakirány,/NOUN|[PERIOD1]
egyed,egyedenként,12,egyed,/NOUN|[PERIOD1]
tudomány,tudományonként,6,tudomány,/NOUN|[PERIOD1]
tankönyv,tankönyvenként,3,tankönyv,/NOUN|[PERIOD1]
jobbágy,jobbágyonként,6,jobbágy,/NOUN|[PERIOD1]
útmutató,útmutatónként,1,útmutató,/NOUN|[PERIOD1]
munkanap,munkanaponként,4,munkanap,/NOUN|[PERIOD1]
program,programonként,16,program,/NOUN|[PERIOD1]
kompánia,kompániánként,1,kompánia,/NOUN|[PERIOD1]
szegmens,szegmensenként,2,szegmens,/NOUN|[PERIOD1]
film,filmenként,4,film,/NOUN|[PERIOD1]
előadás,előadásonként,5,előadás,/NOUN|[PERIOD1]
kultúrfok,kultúrfokonként,1,kultúrfok,/NOUN|[PERIOD1]
intézmény,intézményenként,11,intézmény,/NOUN|[PERIOD1]
lépcső,lépcsőnként,8,lépcső,/NOUN|[PERIOD1]
munkakör,munkakörönként,5,munkakör,/NOUN|[PERIOD1]
flekk,flekkenként,2,flekk,/NOUN|[PERIOD1]
adózó,adózónként,4,adózó,/NOUN|[PERIOD1]
pakli,paklinként,2,pakli,/NOUN|[PERIOD1]
térség,térségenként,15,térség,/NOUN|[PERIOD1]
koponya,koponyánként,7,koponya,/NOUN|[PERIOD1]
modul,modulonként,14,modul,/NOUN|[PERIOD1]
kabinet,kabinetenként,1,kabinet,/NOUN|[PERIOD1]
kópia,kópiánként,2,kópia,/NOUN|[PERIOD1]
mozzanat,mozzanatonként,1,mozzanat,/NOUN|[PERIOD1]
éjszaka,éjszakánként,10,éjszaka,/NOUN|[PERIOD1]
káló,kálónként,1,káló,/NOUN|[PERIOD1]
egyén,egyénenként,10,egyén,/NOUN|[PERIOD1]
pauza,pauzánként,1,pauza,/NOUN|[PERIOD1]
szerver,szerverenként,4,szerver,/NOUN|[PERIOD1]
választás,választásonként,5,választás,/NOUN|[PERIOD1]
köbcentiméter,köbcentiméterenként,6,köbcentiméter,/NOUN|[PERIOD1]
vidék,vidékenként,12,vidék,/NOUN|[PERIOD1]
tagország,tagországonként,5,tagország,/NOUN|[PERIOD1]
egyházközség,egyházközségenként,5,egyházközség,/NOUN|[PERIOD1]
papír,papíronként,1,papír,/NOUN|[PERIOD1]
padsor,padsoronként,2,padsor,/NOUN|[PERIOD1]
műhely,műhelyenként,3,műhely,/NOUN|[PERIOD1]
feladvány,feladványonként,1,feladvány,/NOUN|[PERIOD1]
patak,patakonként,5,patak,/NOUN|[PERIOD1]
vasárnap,vasárnaponként,20,vasárnap,/NOUN|[PERIOD1]
űr,űrönként,1,űr,/NOUN|[PERIOD1]
csorda,csordánként,10,csorda,/NOUN|[PERIOD1]
kifejezés,kifejezésenként,1,kifejezés,/NOUN|[PERIOD1]
arasz,araszonként,4,arasz,/NOUN|[PERIOD1]
arany,aranyonként,1,arany,/NOUN|[PERIOD1]
törzs,törzsenként,11,törzs,/NOUN|[PERIOD1]
kecske,kecskénként,3,kecske,/NOUN|[PERIOD1]
üzlet,üzletenként,3,üzlet,/NOUN|[PERIOD1]
zacskó,zacskónként,1,zacskó,/NOUN|[PERIOD1]
molekula,molekulánként,2,molekula,/NOUN|[PERIOD1]
villa,villánként,1,villa,/NOUN|[PERIOD1]
sereg,seregenként,13,sereg,/NOUN|[PERIOD1]
vödör,vödrönként,6,vödör,/NOUN|[PERIOD1]
mozgalom,mozgalmanként,1,mozgalom,/NOUN|[PERIOD1]
motor,motoronként,1,motor,/NOUN|[PERIOD1]
tized,tizedenként,8,tized,/NOUN|[PERIOD1]
ülés,ülésenként,3,ülés,/NOUN|[PERIOD1]
nyelvjárás,nyelvjárásonként,4,nyelvjárás,/NOUN|[PERIOD1]
üreg,üregenként,2,üreg,/NOUN|[PERIOD1]
világ,világonként,5,világ,/NOUN|[PERIOD1]
kicsiny,kicsinyenként,15,kicsiny,/NOUN|[PERIOD1]
üveg,üvegenként,4,üveg,/NOUN|[PERIOD1]
könyvtár,könyvtáranként,11,könyvtár,/NOUN|[PERIOD1]
nappal,nappalonként,9,nappal,/NOUN|[PERIOD1]
ütés,ütésenként,3,ütés,/NOUN|[PERIOD1]
feladat,feladatonként,7,feladat,/NOUN|[PERIOD1]
virág,virágonként,3,virág,/NOUN|[PERIOD1]
