másik,másikfajta,9,másik,/NOUN|[TYPE4]
versenyló,versenylófajta,1,versenyló,/NOUN|[TYPE4]
harangvirág,harangvirágfajta,1,harangvirág,/NOUN|[TYPE4]
árpa,árpafajta,2,árpa,/NOUN|[TYPE4]
szürke,szürkefajta,2,szürke,/NOUN|[TYPE4]
szótár,szótárfajta,1,szótár,/NOUN|[TYPE4]
béka,békafajta,5,béka,/NOUN|[TYPE4]
fiók,fiókfajta,1,fiók,/NOUN|[TYPE4]
korcs,korcsfajta,1,korcs,/NOUN|[TYPE4]
cselekvés,cselekvésfajta,1,cselekvés,/NOUN|[TYPE4]
korom,koromfajta,1,korom,/NOUN|[TYPE4]
személynév,személynévfajta,3,személynév,/NOUN|[TYPE4]
fillér,fillérfajta,1,fillér,/NOUN|[TYPE4]
al,alfajta,1,al,/NOUN|[TYPE4]
komédiás,komédiásfajta,1,komédiás,/NOUN|[TYPE4]
eb,ebfajta,3,eb,/NOUN|[TYPE4]
fa,fafajta,10,fa,/NOUN|[TYPE4]
ma,mafajta,2,ma,/NOUN|[TYPE4]
mi,mifajta,13,mi,/NOUN|[TYPE4]
jó,jófajta,10,jó,/NOUN|[TYPE4]
fű,fűfajta,6,fű,/NOUN|[TYPE4]
ló,lófajta,20,ló,/NOUN|[TYPE4]
kő,kőfajta,1,kő,/NOUN|[TYPE4]
nő,nőfajta,1,nő,/NOUN|[TYPE4]
mű,műfajta,1,mű,/NOUN|[TYPE4]
tű,tűfajta,1,tű,/NOUN|[TYPE4]
növény,növényfajta,12,növény,/NOUN|[TYPE4]
jogsértés,jogsértésfajta,1,jogsértés,/NOUN|[TYPE4]
vidra,vidrafajta,1,vidra,/NOUN|[TYPE4]
kézírás,kézírásfajta,1,kézírás,/NOUN|[TYPE4]
típus,típusfajta,1,típus,/NOUN|[TYPE4]
bazsalikom,bazsalikomfajta,1,bazsalikom,/NOUN|[TYPE4]
galamb,galambfajta,5,galamb,/NOUN|[TYPE4]
tánc,táncfajta,8,tánc,/NOUN|[TYPE4]
olaj,olajfajta,1,olaj,/NOUN|[TYPE4]
pörkölt,pörköltfajta,1,pörkölt,/NOUN|[TYPE4]
tölgy,tölgyfajta,1,tölgy,/NOUN|[TYPE4]
ár,árfajta,1,ár,/NOUN|[TYPE4]
én,énfajta,5,én,/NOUN|[TYPE4]
év,évfajta,1,év,/NOUN|[TYPE4]
tolakodó,tolakodófajta,1,tolakodó,/NOUN|[TYPE4]
íj,íjfajta,2,íj,/NOUN|[TYPE4]
ív,ívfajta,2,ív,/NOUN|[TYPE4]
mókus,mókusfajta,2,mókus,/NOUN|[TYPE4]
helynév,helynévfajta,25,helynév,/NOUN|[TYPE4]
lándzsa,lándzsafajta,1,lándzsa,/NOUN|[TYPE4]
új,újfajta,22,új,/NOUN|[TYPE4]
úr,úrfajta,6,úr,/NOUN|[TYPE4]
élőlény,élőlényfajta,3,élőlény,/NOUN|[TYPE4]
papír,papírfajta,2,papír,/NOUN|[TYPE4]
égitest,égitestfajta,1,égitest,/NOUN|[TYPE4]
szolgabíró,szolgabírófajta,1,szolgabíró,/NOUN|[TYPE4]
ős,ősfajta,1,ős,/NOUN|[TYPE4]
béklyó,béklyófajta,1,béklyó,/NOUN|[TYPE4]
poéta,poétafajta,1,poéta,/NOUN|[TYPE4]
köszméte,köszmétefajta,1,köszméte,/NOUN|[TYPE4]
kecske,kecskefajta,4,kecske,/NOUN|[TYPE4]
üzlet,üzletfajta,1,üzlet,/NOUN|[TYPE4]
opál,opálfajta,3,opál,/NOUN|[TYPE4]
molekula,molekulafajta,2,molekula,/NOUN|[TYPE4]
edény,edényfajta,9,edény,/NOUN|[TYPE4]
sereg,seregfajta,1,sereg,/NOUN|[TYPE4]
öltözet,öltözetfajta,1,öltözet,/NOUN|[TYPE4]
viola,violafajta,1,viola,/NOUN|[TYPE4]
szőnyeg,szőnyegfajta,2,szőnyeg,/NOUN|[TYPE4]
keletkezés,keletkezésfajta,1,keletkezés,/NOUN|[TYPE4]
megállapodás,megállapodásfajta,1,megállapodás,/NOUN|[TYPE4]
motor,motorfajta,2,motor,/NOUN|[TYPE4]
kóma,kómafajta,6,kóma,/NOUN|[TYPE4]
képregény,képregényfajta,1,képregény,/NOUN|[TYPE4]
török,törökfajta,5,török,/NOUN|[TYPE4]
búza,búzafajta,8,búza,/NOUN|[TYPE4]
kicsike,kicsikefajta,1,kicsike,/NOUN|[TYPE4]
szalamandra,szalamandrafajta,1,szalamandra,/NOUN|[TYPE4]
vírus,vírusfajta,1,vírus,/NOUN|[TYPE4]
legény,legényfajta,1,legény,/NOUN|[TYPE4]
főnök,főnökfajta,1,főnök,/NOUN|[TYPE4]
erőszak,erőszakfajta,2,erőszak,/NOUN|[TYPE4]
szolga,szolgafajta,3,szolga,/NOUN|[TYPE4]
sebész,sebészfajta,1,sebész,/NOUN|[TYPE4]
élesztő,élesztőfajta,1,élesztő,/NOUN|[TYPE4]
üveg,üvegfajta,4,üveg,/NOUN|[TYPE4]
könyvtár,könyvtárfajta,3,könyvtár,/NOUN|[TYPE4]
ribiszke,ribiszkefajta,1,ribiszke,/NOUN|[TYPE4]
mindenféle,mindenfélefajta,9,mindenféle,/NOUN|[TYPE4]
üröm,ürömfajta,1,üröm,/NOUN|[TYPE4]
sólyom,sólyomfajta,2,sólyom,/NOUN|[TYPE4]
villamos,villamosfajta,1,villamos,/NOUN|[TYPE4]
skorpió,skorpiófajta,1,skorpió,/NOUN|[TYPE4]
feladat,feladatfajta,9,feladat,/NOUN|[TYPE4]
diszlexia,diszlexiafajta,1,diszlexia,/NOUN|[TYPE4]
virág,virágfajta,7,virág,/NOUN|[TYPE4]
bútor,bútorfajta,1,bútor,/NOUN|[TYPE4]
vizsla,vizslafajta,1,vizsla,/NOUN|[TYPE4]
betyár,betyárfajta,1,betyár,/NOUN|[TYPE4]
saláta,salátafajta,5,saláta,/NOUN|[TYPE4]
gibbon,gibbonfajta,1,gibbon,/NOUN|[TYPE4]
csülkös,csülkösfajta,1,csülkös,/NOUN|[TYPE4]
talaj,talajfajta,4,talaj,/NOUN|[TYPE4]
munkás,munkásfajta,2,munkás,/NOUN|[TYPE4]
szókép,szóképfajta,2,szókép,/NOUN|[TYPE4]
büntetés,büntetésfajta,3,büntetés,/NOUN|[TYPE4]
szimbólum,szimbólumfajta,1,szimbólum,/NOUN|[TYPE4]
tanya,tanyafajta,1,tanya,/NOUN|[TYPE4]
tangó,tangófajta,1,tangó,/NOUN|[TYPE4]
hurok,hurokfajta,3,hurok,/NOUN|[TYPE4]
páfrány,páfrányfajta,1,páfrány,/NOUN|[TYPE4]
vászon,vászonfajta,1,vászon,/NOUN|[TYPE4]
szárnyas,szárnyasfajta,2,szárnyas,/NOUN|[TYPE4]
kalmár,kalmárfajta,1,kalmár,/NOUN|[TYPE4]
objektum,objektumfajta,4,objektum,/NOUN|[TYPE4]
cigaretta,cigarettafajta,6,cigaretta,/NOUN|[TYPE4]
szolgáltatás,szolgáltatásfajta,5,szolgáltatás,/NOUN|[TYPE4]
tapír,tapírfajta,1,tapír,/NOUN|[TYPE4]
újságíró,újságírófajta,2,újságíró,/NOUN|[TYPE4]
puhafa,puhafafajta,1,puhafa,/NOUN|[TYPE4]
kiadvány,kiadványfajta,2,kiadvány,/NOUN|[TYPE4]
élelmiszer,élelmiszerfajta,2,élelmiszer,/NOUN|[TYPE4]
birtok,birtokfajta,2,birtok,/NOUN|[TYPE4]
cseresznye,cseresznyefajta,3,cseresznye,/NOUN|[TYPE4]
skála,skálafajta,1,skála,/NOUN|[TYPE4]
értelmező,értelmezőfajta,1,értelmező,/NOUN|[TYPE4]
tatár,tatárfajta,3,tatár,/NOUN|[TYPE4]
véglény,véglényfajta,1,véglény,/NOUN|[TYPE4]
élmény,élményfajta,3,élmény,/NOUN|[TYPE4]
gyógyvíz,gyógyvízfajta,1,gyógyvíz,/NOUN|[TYPE4]
nyomtatvány,nyomtatványfajta,1,nyomtatvány,/NOUN|[TYPE4]
cirok,cirokfajta,2,cirok,/NOUN|[TYPE4]
lény,lényfajta,1,lény,/NOUN|[TYPE4]
sátor,sátorfajta,1,sátor,/NOUN|[TYPE4]
guba,gubafajta,2,guba,/NOUN|[TYPE4]
varrás,varrásfajta,2,varrás,/NOUN|[TYPE4]
büszke,büszkefajta,1,büszke,/NOUN|[TYPE4]
őszibarack,őszibarackfajta,1,őszibarack,/NOUN|[TYPE4]
vármegye,vármegyefajta,7,vármegye,/NOUN|[TYPE4]
kötődés,kötődésfajta,1,kötődés,/NOUN|[TYPE4]
paraszt,parasztfajta,2,paraszt,/NOUN|[TYPE4]
varjú,varjúfajta,1,varjú,/NOUN|[TYPE4]
ebadta,ebadtafajta,2,ebadta,/NOUN|[TYPE4]
mandarin,mandarinfajta,3,mandarin,/NOUN|[TYPE4]
cserép,cserépfajta,2,cserép,/NOUN|[TYPE4]
jogász,jogászfajta,1,jogász,/NOUN|[TYPE4]
nyilvántartás,nyilvántartásfajta,1,nyilvántartás,/NOUN|[TYPE4]
ajándék,ajándékfajta,1,ajándék,/NOUN|[TYPE4]
forrás,forrásfajta,5,forrás,/NOUN|[TYPE4]
vadászkutya,vadászkutyafajta,1,vadászkutya,/NOUN|[TYPE4]
prém,prémfajta,1,prém,/NOUN|[TYPE4]
harkály,harkályfajta,1,harkály,/NOUN|[TYPE4]
sokféle,sokfélefajta,6,sokféle,/NOUN|[TYPE4]
gyík,gyíkfajta,2,gyík,/NOUN|[TYPE4]
eszkimó,eszkimófajta,1,eszkimó,/NOUN|[TYPE4]
démon,démonfajta,2,démon,/NOUN|[TYPE4]
korall,korallfajta,2,korall,/NOUN|[TYPE4]
rontás,rontásfajta,1,rontás,/NOUN|[TYPE4]
szegés,szegésfajta,2,szegés,/NOUN|[TYPE4]
hajó,hajófajta,2,hajó,/NOUN|[TYPE4]
szájhős,szájhősfajta,1,szájhős,/NOUN|[TYPE4]
szarvas,szarvasfajta,4,szarvas,/NOUN|[TYPE4]
saroglya,saroglyafajta,1,saroglya,/NOUN|[TYPE4]
furgon,furgonfajta,1,furgon,/NOUN|[TYPE4]
köszönés,köszönésfajta,1,köszönés,/NOUN|[TYPE4]
beszéd,beszédfajta,3,beszéd,/NOUN|[TYPE4]
puszedli,puszedlifajta,3,puszedli,/NOUN|[TYPE4]
tücsök,tücsökfajta,2,tücsök,/NOUN|[TYPE4]
elmélet,elméletfajta,1,elmélet,/NOUN|[TYPE4]
takarmány,takarmányfajta,1,takarmány,/NOUN|[TYPE4]
vezető,vezetőfajta,1,vezető,/NOUN|[TYPE4]
sirály,sirályfajta,3,sirály,/NOUN|[TYPE4]
szójabab,szójababfajta,1,szójabab,/NOUN|[TYPE4]
motiváció,motivációfajta,1,motiváció,/NOUN|[TYPE4]
memória,memóriafajta,2,memória,/NOUN|[TYPE4]
csónak,csónakfajta,1,csónak,/NOUN|[TYPE4]
szende,szendefajta,2,szende,/NOUN|[TYPE4]
fedél,fedélfajta,1,fedél,/NOUN|[TYPE4]
jövedelem,jövedelemfajta,2,jövedelem,/NOUN|[TYPE4]
fecske,fecskefajta,1,fecske,/NOUN|[TYPE4]
vadgalamb,vadgalambfajta,2,vadgalamb,/NOUN|[TYPE4]
újság,újságfajta,1,újság,/NOUN|[TYPE4]
ízlés,ízlésfajta,1,ízlés,/NOUN|[TYPE4]
málé,máléfajta,1,málé,/NOUN|[TYPE4]
igásló,igáslófajta,1,igásló,/NOUN|[TYPE4]
ellenőrzés,ellenőrzésfajta,2,ellenőrzés,/NOUN|[TYPE4]
bálna,bálnafajta,3,bálna,/NOUN|[TYPE4]
paradicsom,paradicsomfajta,3,paradicsom,/NOUN|[TYPE4]
csiga,csigafajta,4,csiga,/NOUN|[TYPE4]
bizonyos,bizonyosfajta,12,bizonyos,/NOUN|[TYPE4]
fenyő,fenyőfajta,3,fenyő,/NOUN|[TYPE4]
burgonya,burgonyafajta,5,burgonya,/NOUN|[TYPE4]
bírság,bírságfajta,1,bírság,/NOUN|[TYPE4]
tanterem,tanteremfajta,1,tanterem,/NOUN|[TYPE4]
gitár,gitárfajta,3,gitár,/NOUN|[TYPE4]
gabona,gabonafajta,8,gabona,/NOUN|[TYPE4]
filozófus,filozófusfajta,3,filozófus,/NOUN|[TYPE4]
citera,citerafajta,1,citera,/NOUN|[TYPE4]
bogyó,bogyófajta,1,bogyó,/NOUN|[TYPE4]
szőlő,szőlőfajta,12,szőlő,/NOUN|[TYPE4]
mogyoró,mogyorófajta,2,mogyoró,/NOUN|[TYPE4]
féreg,féregfajta,2,féreg,/NOUN|[TYPE4]
férfi,férfifajta,4,férfi,/NOUN|[TYPE4]
kenyér,kenyérfajta,3,kenyér,/NOUN|[TYPE4]
fenyő,fenyőfajta,3,fenyő,/NOUN|[TYPE4]
burgonya,burgonyafajta,5,burgonya,/NOUN|[TYPE4]
bírság,bírságfajta,1,bírság,/NOUN|[TYPE4]
tanterem,tanteremfajta,1,tanterem,/NOUN|[TYPE4]
gitár,gitárfajta,3,gitár,/NOUN|[TYPE4]
gabona,gabonafajta,8,gabona,/NOUN|[TYPE4]
filozófus,filozófusfajta,3,filozófus,/NOUN|[TYPE4]
citera,citerafajta,1,citera,/NOUN|[TYPE4]
bogyó,bogyófajta,1,bogyó,/NOUN|[TYPE4]
szőlő,szőlőfajta,12,szőlő,/NOUN|[TYPE4]
mogyoró,mogyorófajta,2,mogyoró,/NOUN|[TYPE4]
bármi,bármifajta,12,bármi,/NOUN|[TYPE4]
féreg,féregfajta,2,féreg,/NOUN|[TYPE4]
férfi,férfifajta,4,férfi,/NOUN|[TYPE4]
kenyér,kenyérfajta,3,kenyér,/NOUN|[TYPE4]
részecske,részecskefajta,1,részecske,/NOUN|[TYPE4]
liliom,liliomfajta,1,liliom,/NOUN|[TYPE4]
akció,akciófajta,1,akció,/NOUN|[TYPE4]
csomó,csomófajta,1,csomó,/NOUN|[TYPE4]
kicsika,kicsikefajta,1,kicsi,/ADJ|[DIMIN]|[TYPE4]
kicsike,kicsikefajta,1,kicsi,/NOUN|[DIMIN]|[TYPE4]
érték,értékfajta,6,érték,/NOUN|[TYPE4]
fejedelem,fejedelemfajta,1,fejedelem,/NOUN|[TYPE4]
határozó,határozófajta,4,határozó,/NOUN|[TYPE4]
nyereg,nyeregfajta,1,nyereg,/NOUN|[TYPE4]
bokor,bokorfajta,2,bokor,/NOUN|[TYPE4]
görög,görögfajta,1,görög,/NOUN|[TYPE4]
bogár,bogárfajta,2,bogár,/NOUN|[TYPE4]
zsidó,zsidófajta,1,zsidó,/NOUN|[TYPE4]
márvány,márványfajta,1,márvány,/NOUN|[TYPE4]
motívum,motívumfajta,1,motívum,/NOUN|[TYPE4]
vény,vényfajta,2,vény,/NOUN|[TYPE4]
vadjuh,vadjuhfajta,1,vadjuh,/NOUN|[TYPE4]
hormon,hormonfajta,1,hormon,/NOUN|[TYPE4]
csille,csillefajta,2,csille,/NOUN|[TYPE4]
poloska,poloskafajta,1,poloska,/NOUN|[TYPE4]
ciklus,ciklusfajta,6,ciklus,/NOUN|[TYPE4]
árendás,árendásfajta,1,árendás,/NOUN|[TYPE4]
színes,színesfajta,1,színes,/NOUN|[TYPE4]
printer,printerfajta,1,printer,/NOUN|[TYPE4]
volapük,volapükfajta,1,volapük,/NOUN|[TYPE4]
kígyó,kígyófajta,9,kígyó,/NOUN|[TYPE4]
kabóca,kabócafajta,1,kabóca,/NOUN|[TYPE4]
gránit,gránitfajta,1,gránit,/NOUN|[TYPE4]
atommag,atommagfajta,1,atommag,/NOUN|[TYPE4]
dobás,dobásfajta,1,dobás,/NOUN|[TYPE4]
szilva,szilvafajta,21,szilva,/NOUN|[TYPE4]
bizonyíték,bizonyítékfajta,1,bizonyíték,/NOUN|[TYPE4]
habarék,habarékfajta,1,habarék,/NOUN|[TYPE4]
édesség,édességfajta,1,édesség,/NOUN|[TYPE4]
puska,puskafajta,1,puska,/NOUN|[TYPE4]
mandragóra,mandragórafajta,2,mandragóra,/NOUN|[TYPE4]
idegen,idegenfajta,2,idegen,/NOUN|[TYPE4]
cigány,cigányfajta,2,cigány,/NOUN|[TYPE4]
anglikán,anglikánfajta,1,anglikán,/NOUN|[TYPE4]
kitermelés,kitermelésfajta,2,kitermelés,/NOUN|[TYPE4]
kolomp,kolompfajta,2,kolomp,/NOUN|[TYPE4]
sárkány,sárkányfajta,1,sárkány,/NOUN|[TYPE4]
idea,ideafajta,1,idea,/NOUN|[TYPE4]
mozgás,mozgásfajta,6,mozgás,/NOUN|[TYPE4]
vakolat,vakolatfajta,1,vakolat,/NOUN|[TYPE4]
strucc,struccfajta,1,strucc,/NOUN|[TYPE4]
antilop,antilopfajta,2,antilop,/NOUN|[TYPE4]
zsír,zsírfajta,4,zsír,/NOUN|[TYPE4]
ingatlan,ingatlanfajta,1,ingatlan,/NOUN|[TYPE4]
szellem,szellemfajta,2,szellem,/NOUN|[TYPE4]
akármi,akármifajta,2,akármi,/NOUN|[TYPE4]
gyümölcs,gyümölcsfajta,17,gyümölcs,/NOUN|[TYPE4]
vallás,vallásfajta,1,vallás,/NOUN|[TYPE4]
probléma,problémafajta,1,probléma,/NOUN|[TYPE4]
lóverseny,lóversenyfajta,1,lóverseny,/NOUN|[TYPE4]
boszorkány,boszorkányfajta,1,boszorkány,/NOUN|[TYPE4]
csizma,csizmafajta,1,csizma,/NOUN|[TYPE4]
vadliba,vadlibafajta,1,vadliba,/NOUN|[TYPE4]
köles,kölesfajta,1,köles,/NOUN|[TYPE4]
zöldség,zöldségfajta,1,zöldség,/NOUN|[TYPE4]
hangszer,hangszerfajta,3,hangszer,/NOUN|[TYPE4]
ösztön,ösztönfajta,2,ösztön,/NOUN|[TYPE4]
elefánt,elefántfajta,2,elefánt,/NOUN|[TYPE4]
macska,macskafajta,10,macska,/NOUN|[TYPE4]
kalács,kalácsfajta,1,kalács,/NOUN|[TYPE4]
álmodozó,álmodozófajta,1,álmodozó,/NOUN|[TYPE4]
függés,függésfajta,1,függés,/NOUN|[TYPE4]
kőszén,kőszénfajta,7,kőszén,/NOUN|[TYPE4]
körző,körzőfajta,1,körző,/NOUN|[TYPE4]
körte,körtefajta,57,körte,/NOUN|[TYPE4]
jövevény,jövevényfajta,1,jövevény,/NOUN|[TYPE4]
fagyal,fagyalfajta,1,fagyal,/NOUN|[TYPE4]
rizs,rizsfajta,2,rizs,/NOUN|[TYPE4]
tudós,tudósfajta,2,tudós,/NOUN|[TYPE4]
piperkőc,piperkőcfajta,1,piperkőc,/NOUN|[TYPE4]
diploma,diplomafajta,1,diploma,/NOUN|[TYPE4]
csipke,csipkefajta,5,csipke,/NOUN|[TYPE4]
tudás,tudásfajta,4,tudás,/NOUN|[TYPE4]
állat,állatfajta,11,állat,/NOUN|[TYPE4]
kötés,kötésfajta,5,kötés,/NOUN|[TYPE4]
lelet,leletfajta,1,lelet,/NOUN|[TYPE4]
citrom,citromfajta,1,citrom,/NOUN|[TYPE4]
ánglius,ángliusfajta,1,ánglius,/NOUN|[TYPE4]
irat,iratfajta,6,irat,/NOUN|[TYPE4]
gyökér,gyökérfajta,1,gyökér,/NOUN|[TYPE4]
öltés,öltésfajta,1,öltés,/NOUN|[TYPE4]
mészkő,mészkőfajta,1,mészkő,/NOUN|[TYPE4]
négy,négyfajta,8,négy,/NUM|[TYPE4]
adó,adófajta,9,adó,/NOUN|[TYPE4]
kerékpár,kerékpárfajta,1,kerékpár,/NOUN|[TYPE4]
bolgár,bolgárfajta,2,bolgár,/NOUN|[TYPE4]
apa,apafajta,1,apa,/NOUN|[TYPE4]
csatorna,csatornafajta,1,csatorna,/NOUN|[TYPE4]
tumor,tumorfajta,1,tumor,/NOUN|[TYPE4]
közeg,közegfajta,1,közeg,/NOUN|[TYPE4]
ital,italfajta,2,ital,/NOUN|[TYPE4]
műsor,műsorfajta,2,műsor,/NOUN|[TYPE4]
bab,babfajta,15,bab,/NOUN|[TYPE4]
bor,borfajta,34,bor,/NOUN|[TYPE4]
közepes,közepesfajta,1,közepes,/NOUN|[TYPE4]
elbeszélés,elbeszélésfajta,1,elbeszélés,/NOUN|[TYPE4]
lemez,lemezfajta,2,lemez,/NOUN|[TYPE4]
cet,cetfajta,2,cet,/NOUN|[TYPE4]
ivar,ivarfajta,1,ivar,/NOUN|[TYPE4]
cső,csőfajta,1,cső,/NOUN|[TYPE4]
ökör,ökörfajta,1,ökör,/NOUN|[TYPE4]
lepke,lepkefajta,1,lepke,/NOUN|[TYPE4]
írás,írásfajta,12,írás,/NOUN|[TYPE4]
dió,diófajta,6,dió,/NOUN|[TYPE4]
támogatás,támogatásfajta,2,támogatás,/NOUN|[TYPE4]
dob,dobfajta,2,dob,/NOUN|[TYPE4]
biztosítás,biztosításfajta,1,biztosítás,/NOUN|[TYPE4]
eke,ekefajta,1,eke,/NOUN|[TYPE4]
erő,erőfajta,2,erő,/NOUN|[TYPE4]
közép,középfajta,1,közép,/NOUN|[TYPE4]
három,háromfajta,15,három,/NUM|[TYPE4]
fülke,fülkefajta,1,fülke,/NOUN|[TYPE4]
stigma,stigmafajta,1,stigma,/NOUN|[TYPE4]
gaz,gazfajta,2,gaz,/NOUN|[TYPE4]
fonás,fonásfajta,3,fonás,/NOUN|[TYPE4]
kakaó,kakaófajta,1,kakaó,/NOUN|[TYPE4]
cél,célfajta,1,cél,/NOUN|[TYPE4]
hal,halfajta,10,hal,/NOUN|[TYPE4]
izom,izomfajta,1,izom,/NOUN|[TYPE4]
hit,hitfajta,1,hit,/NOUN|[TYPE4]
lépés,lépésfajta,1,lépés,/NOUN|[TYPE4]
díj,díjfajta,2,díj,/NOUN|[TYPE4]
hun,hunfajta,6,hun,/NOUN|[TYPE4]
fegyver,fegyverfajta,3,fegyver,/NOUN|[TYPE4]
ruha,ruhafajta,2,ruha,/NOUN|[TYPE4]
kamat,kamatfajta,1,kamat,/NOUN|[TYPE4]
zsinór,zsinórfajta,4,zsinór,/NOUN|[TYPE4]
cseréppipa,cseréppipafajta,1,cseréppipa,/NOUN|[TYPE4]
ima,imafajta,1,ima,/NOUN|[TYPE4]
kalóz,kalózfajta,2,kalóz,/NOUN|[TYPE4]
üzletember,üzletemberfajta,1,üzletember,/NOUN|[TYPE4]
bőr,bőrfajta,2,bőr,/NOUN|[TYPE4]
pióca,piócafajta,1,pióca,/NOUN|[TYPE4]
rágcsáló,rágcsálófajta,1,rágcsáló,/NOUN|[TYPE4]
jel,jelfajta,1,jel,/NOUN|[TYPE4]
állítmány,állítmányfajta,1,állítmány,/NOUN|[TYPE4]
fél,félfajta,1,fél,/NOUN|[TYPE4]
fém,fémfajta,2,fém,/NOUN|[TYPE4]
adat,adatfajta,3,adat,/NOUN|[TYPE4]
valami,valamifajta,14,valami,/NOUN|[TYPE4]
juh,juhfajta,8,juh,/NOUN|[TYPE4]
leves,levesfajta,3,leves,/NOUN|[TYPE4]
fülke,fülkefajta,1,fül,/NOUN|[DIMIN]|[TYPE4]
fül,fülfajta,1,fül,/NOUN|[TYPE4]
gáz,gázfajta,1,gáz,/NOUN|[TYPE4]
megismerés,megismerésfajta,2,megismerés,/NOUN|[TYPE4]
zöldbab,zöldbabfajta,1,zöldbab,/NOUN|[TYPE4]
nóta,nótafajta,1,nóta,/NOUN|[TYPE4]
gém,gémfajta,2,gém,/NOUN|[TYPE4]
nehéz,nehézfajta,2,nehéz,/NOUN|[TYPE4]
kun,kunfajta,7,kun,/NOUN|[TYPE4]
ház,házfajta,1,ház,/NOUN|[TYPE4]
cukornád,cukornádfajta,1,cukornád,/NOUN|[TYPE4]
hét,hétfajta,4,hét,/NOUN|[TYPE4]
hóhér,hóhérfajta,1,hóhér,/NOUN|[TYPE4]
hús,húsfajta,6,hús,/NOUN|[TYPE4]
húr,húrfajta,1,húr,/NOUN|[TYPE4]
mag,magfajta,1,mag,/NOUN|[TYPE4]
moh,mohfajta,1,moh,/NOUN|[TYPE4]
pingvin,pingvinfajta,2,pingvin,/NOUN|[TYPE4]
acél,acélfajta,1,acél,/NOUN|[TYPE4]
tőzeg,tőzegfajta,1,tőzeg,/NOUN|[TYPE4]
jég,jégfajta,1,jég,/NOUN|[TYPE4]
juhász,juhászfajta,1,juhász,/NOUN|[TYPE4]
madár,madárfajta,10,madár,/NOUN|[TYPE4]
adás,adásfajta,1,adás,/NOUN|[TYPE4]
levél,levélfajta,1,levél,/NOUN|[TYPE4]
kék,kékfajta,1,kék,/NOUN|[TYPE4]
kép,képfajta,7,kép,/NOUN|[TYPE4]
német,németfajta,1,német,/NOUN|[TYPE4]
kút,kútfajta,1,kút,/NOUN|[TYPE4]
pap,papfajta,1,pap,/NOUN|[TYPE4]
vadkacsa,vadkacsafajta,2,vadkacsa,/NOUN|[TYPE4]
per,perfajta,1,per,/NOUN|[TYPE4]
láz,lázfajta,1,láz,/NOUN|[TYPE4]
kullancs,kullancsfajta,1,kullancs,/NOUN|[TYPE4]
lét,létfajta,1,lét,/NOUN|[TYPE4]
majom,majomfajta,6,majom,/NOUN|[TYPE4]
szláv,szlávfajta,1,szláv,/NOUN|[TYPE4]
más,másfajta,19,más,/NOUN|[TYPE4]
méh,méhfajta,1,méh,/NOUN|[TYPE4]
méz,mézfajta,2,méz,/NOUN|[TYPE4]
agár,agárfajta,1,agár,/NOUN|[TYPE4]
színész,színészfajta,1,színész,/NOUN|[TYPE4]
akna,aknafajta,1,akna,/NOUN|[TYPE4]
pisztráng,pisztrángfajta,1,pisztráng,/NOUN|[TYPE4]
nád,nádfajta,1,nád,/NOUN|[TYPE4]
tőke,tőkefajta,5,tőke,/NOUN|[TYPE4]
nép,népfajta,8,nép,/NOUN|[TYPE4]
név,névfajta,46,név,/NOUN|[TYPE4]
alap,alapfajta,4,alap,/NOUN|[TYPE4]
rom,romfajta,1,rom,/NOUN|[TYPE4]
alga,algafajta,1,alga,/NOUN|[TYPE4]
alma,almafajta,26,alma,/NOUN|[TYPE4]
jármű,járműfajta,2,jármű,/NOUN|[TYPE4]
hüllő,hüllőfajta,1,hüllő,/NOUN|[TYPE4]
sas,sasfajta,1,sas,/NOUN|[TYPE4]
aloé,aloéfajta,1,aloé,/NOUN|[TYPE4]
ásványvíz,ásványvízfajta,1,ásványvíz,/NOUN|[TYPE4]
malac,malacfajta,1,malac,/NOUN|[TYPE4]
sor,sorfajta,1,sor,/NOUN|[TYPE4]
metszés,metszésfajta,1,metszés,/NOUN|[TYPE4]
szó,szófajta,7,szó,/NOUN|[TYPE4]
hordó,hordófajta,1,hordó,/NOUN|[TYPE4]
tarka,tarkafajta,3,tar,/NOUN|[DIMIN]|[TYPE4]
tea,teafajta,2,tea,/NOUN|[TYPE4]
sajt,sajtfajta,2,sajt,/NOUN|[TYPE4]
pók,pókfajta,2,pók,/NOUN|[TYPE4]
mangó,mangófajta,1,mangó,/NOUN|[TYPE4]
emóció,emóciófajta,1,emóció,/NOUN|[TYPE4]
olvasmány,olvasmányfajta,6,olvasmány,/NOUN|[TYPE4]
anya,anyafajta,1,anya,/NOUN|[TYPE4]
kocsis,kocsisfajta,1,kocsis,/NOUN|[TYPE4]
kocsma,kocsmafajta,1,kocsma,/NOUN|[TYPE4]
útlevél,útlevélfajta,1,útlevél,/NOUN|[TYPE4]
vas,vasfajta,1,vas,/NOUN|[TYPE4]
füzet,füzetfajta,1,füzet,/NOUN|[TYPE4]
rák,rákfajta,5,rák,/NOUN|[TYPE4]
takács,takácsfajta,1,takács,/NOUN|[TYPE4]
rím,rímfajta,2,rím,/NOUN|[TYPE4]
székely,székelyfajta,2,székely,/NOUN|[TYPE4]
import,importfajta,1,import,/NOUN|[TYPE4]
apró,aprófajta,5,apró,/NOUN|[TYPE4]
szerződés,szerződésfajta,5,szerződés,/NOUN|[TYPE4]
sör,sörfajta,1,sör,/NOUN|[TYPE4]
táj,tájfajta,16,táj,/NOUN|[TYPE4]
tár,tárfajta,1,tár,/NOUN|[TYPE4]
tér,térfajta,3,tér,/NOUN|[TYPE4]
arab,arabfajta,2,arab,/NOUN|[TYPE4]
császármadár,császármadárfajta,1,császármadár,/NOUN|[TYPE4]
település,településfajta,2,település,/NOUN|[TYPE4]
tót,tótfajta,1,tót,/NOUN|[TYPE4]
hattyú,hattyúfajta,1,hattyú,/NOUN|[TYPE4]
tök,tökfajta,2,tök,/NOUN|[TYPE4]
posztó,posztófajta,2,posztó,/NOUN|[TYPE4]
játék,játékfajta,6,játék,/NOUN|[TYPE4]
marha,marhafajta,2,marha,/NOUN|[TYPE4]
színjáték,színjátékfajta,1,színjáték,/NOUN|[TYPE4]
zab,zabfajta,1,zab,/NOUN|[TYPE4]
fény,fényfajta,3,fény,/NOUN|[TYPE4]
vér,vérfajta,2,vér,/NOUN|[TYPE4]
fésű,fésűfajta,3,fésű,/NOUN|[TYPE4]
barátság,barátságfajta,1,barátság,/NOUN|[TYPE4]
rendelés,rendelésfajta,1,rendelés,/NOUN|[TYPE4]
atom,atomfajta,8,atom,/NOUN|[TYPE4]
angolna,angolnafajta,1,angolna,/NOUN|[TYPE4]
művelet,műveletfajta,1,művelet,/NOUN|[TYPE4]
egyetem,egyetemfajta,2,egyetem,/NOUN|[TYPE4]
jobb,jobbfajta,11,jobb,/NOUN|[TYPE4]
létige,létigefajta,1,létige,/NOUN|[TYPE4]
nézet,nézetfajta,1,nézet,/NOUN|[TYPE4]
autó,autófajta,1,autó,/NOUN|[TYPE4]
szénhidrogén,szénhidrogénfajta,1,szénhidrogén,/NOUN|[TYPE4]
interjú,interjúfajta,1,interjú,/NOUN|[TYPE4]
lámpa,lámpafajta,3,lámpa,/NOUN|[TYPE4]
cukor,cukorfajta,5,cukor,/NOUN|[TYPE4]
koldus,koldusfajta,3,koldus,/NOUN|[TYPE4]
zár,zárfajta,2,zár,/NOUN|[TYPE4]
király,királyfajta,1,király,/NOUN|[TYPE4]
perem,peremfajta,1,perem,/NOUN|[TYPE4]
szerszám,szerszámfajta,2,szerszám,/NOUN|[TYPE4]
perje,perjefajta,1,perje,/NOUN|[TYPE4]
zeller,zellerfajta,1,zeller,/NOUN|[TYPE4]
fokhagyma,fokhagymafajta,1,fokhagyma,/NOUN|[TYPE4]
szegény,szegényfajta,2,szegény,/NOUN|[TYPE4]
tolvaj,tolvajfajta,2,tolvaj,/NOUN|[TYPE4]
művész,művészfajta,2,művész,/NOUN|[TYPE4]
tulipán,tulipánfajta,1,tulipán,/NOUN|[TYPE4]
hússertés,hússertésfajta,1,hússertés,/NOUN|[TYPE4]
érvényesség,érvényességfajta,1,érvényesség,/NOUN|[TYPE4]
kantár,kantárfajta,1,kantár,/NOUN|[TYPE4]
remek,remekfajta,1,remek,/NOUN|[TYPE4]
sárgaláz,sárgalázfajta,1,sárgaláz,/NOUN|[TYPE4]
szúnyog,szúnyogfajta,4,szúnyog,/NOUN|[TYPE4]
baba,babafajta,1,baba,/NOUN|[TYPE4]
entitás,entitásfajta,1,entitás,/NOUN|[TYPE4]
kazuár,kazuárfajta,1,kazuár,/NOUN|[TYPE4]
tűzopál,tűzopálfajta,1,tűzopál,/NOUN|[TYPE4]
takarmányrépa,takarmányrépafajta,1,takarmányrépa,/NOUN|[TYPE4]
keverék,keverékfajta,2,keverék,/NOUN|[TYPE4]
eljárás,eljárásfajta,3,eljárás,/NOUN|[TYPE4]
metszőolló,metszőollófajta,1,metszőolló,/NOUN|[TYPE4]
farkas,farkasfajta,1,farkas,/NOUN|[TYPE4]
betű,betűfajta,5,betű,/NOUN|[TYPE4]
repce,repcefajta,1,repce,/NOUN|[TYPE4]
tegez,tegezfajta,1,tegez,/NOUN|[TYPE4]
szabadság,szabadságfajta,1,szabadság,/NOUN|[TYPE4]
füge,fügefajta,1,füge,/NOUN|[TYPE4]
szer,szerfajta,1,szer,/NOUN|[TYPE4]
kapa,kapafajta,1,kapa,/NOUN|[TYPE4]
kenguru,kengurufajta,1,kenguru,/NOUN|[TYPE4]
ítélet,ítéletfajta,1,ítélet,/NOUN|[TYPE4]
retek,retekfajta,1,retek,/NOUN|[TYPE4]
denevér,denevérfajta,1,denevér,/NOUN|[TYPE4]
szán,szánfajta,1,szán,/NOUN|[TYPE4]
szám,számfajta,2,szám,/NOUN|[TYPE4]
szár,szárfajta,1,szár,/NOUN|[TYPE4]
szép,szépfajta,1,szép,/NOUN|[TYPE4]
szén,szénfajta,5,szén,/NOUN|[TYPE4]
szél,szélfajta,2,szél,/NOUN|[TYPE4]
szög,szögfajta,2,szög,/NOUN|[TYPE4]
műanyag,műanyagfajta,1,műanyag,/NOUN|[TYPE4]
tehén,tehénfajta,1,tehén,/NOUN|[TYPE4]
pálma,pálmafajta,2,pálma,/NOUN|[TYPE4]
baktérium,baktériumfajta,2,baktérium,/NOUN|[TYPE4]
pálca,pálcafajta,1,pálca,/NOUN|[TYPE4]
funkció,funkciófajta,1,funkció,/NOUN|[TYPE4]
daganat,daganatfajta,2,daganat,/NOUN|[TYPE4]
kivi,kivifajta,1,kivi,/NOUN|[TYPE4]
termék,termékfajta,7,termék,/NOUN|[TYPE4]
zuzmó,zuzmófajta,1,zuzmó,/NOUN|[TYPE4]
ostor,ostorfajta,2,ostor,/NOUN|[TYPE4]
gyulladás,gyulladásfajta,1,gyulladás,/NOUN|[TYPE4]
csillaghajó,csillaghajófajta,1,csillaghajó,/NOUN|[TYPE4]
teszt,tesztfajta,1,teszt,/NOUN|[TYPE4]
moszat,moszatfajta,4,moszat,/NOUN|[TYPE4]
tevékenység,tevékenységfajta,3,tevékenység,/NOUN|[TYPE4]
ember,emberfajta,10,ember,/NOUN|[TYPE4]
báránybőr,báránybőrfajta,1,báránybőr,/NOUN|[TYPE4]
irodalom,irodalomfajta,1,irodalom,/NOUN|[TYPE4]
terem,teremfajta,6,terem,/NOUN|[TYPE4]
vasérc,vasércfajta,1,vasérc,/NOUN|[TYPE4]
norma,normafajta,1,norma,/NOUN|[TYPE4]
párna,párnafajta,1,párna,/NOUN|[TYPE4]
budi,budifajta,1,budi,/NOUN|[TYPE4]
szennyeződés,szennyeződésfajta,1,szennyeződés,/NOUN|[TYPE4]
tanító,tanítófajta,1,tanító,/NOUN|[TYPE4]
kopó,kopófajta,1,kopó,/NOUN|[TYPE4]
akkumulátor,akkumulátorfajta,1,akkumulátor,/NOUN|[TYPE4]
kihaló,kihalófajta,1,kihaló,/NOUN|[TYPE4]
csőcselék,csőcselékfajta,1,csőcselék,/NOUN|[TYPE4]
lámpatest,lámpatestfajta,2,lámpatest,/NOUN|[TYPE4]
bevétel,bevételfajta,1,bevétel,/NOUN|[TYPE4]
hulladék,hulladékfajta,1,hulladék,/NOUN|[TYPE4]
ellátás,ellátásfajta,1,ellátás,/NOUN|[TYPE4]
terület,területfajta,1,terület,/NOUN|[TYPE4]
joghurt,joghurtfajta,1,joghurt,/NOUN|[TYPE4]
cinege,cinegefajta,1,cinege,/NOUN|[TYPE4]
pénz,pénzfajta,6,pénz,/NOUN|[TYPE4]
nukleon,nukleonfajta,3,nukleon,/NOUN|[TYPE4]
pelikán,pelikánfajta,1,pelikán,/NOUN|[TYPE4]
dokumentum,dokumentumfajta,6,dokumentum,/NOUN|[TYPE4]
sarló,sarlófajta,1,sarló,/NOUN|[TYPE4]
szerkezet,szerkezetfajta,1,szerkezet,/NOUN|[TYPE4]
muzsikus,muzsikusfajta,1,muzsikus,/NOUN|[TYPE4]
tájszó,tájszófajta,1,tájszó,/NOUN|[TYPE4]
szeretet,szeretetfajta,2,szeretet,/NOUN|[TYPE4]
kerámia,kerámiafajta,4,kerámia,/NOUN|[TYPE4]
determináció,determinációfajta,17,determináció,/NOUN|[TYPE4]
vérszívó,vérszívófajta,1,vérszívó,/NOUN|[TYPE4]
patkány,patkányfajta,3,patkány,/NOUN|[TYPE4]
birka,birkafajta,2,birka,/NOUN|[TYPE4]
villanyégő,villanyégőfajta,1,villanyégő,/NOUN|[TYPE4]
vőfély,vőfélyfajta,1,vőfély,/NOUN|[TYPE4]
autógumi,autógumifajta,1,autógumi,/NOUN|[TYPE4]
összes,összesfajta,3,összes,/NOUN|[TYPE4]
veréb,verébfajta,1,veréb,/NOUN|[TYPE4]
közlés,közlésfajta,1,közlés,/NOUN|[TYPE4]
közösség,közösségfajta,1,közösség,/NOUN|[TYPE4]
vadszamár,vadszamárfajta,1,vadszamár,/NOUN|[TYPE4]
rokon,rokonfajta,2,rokon,/NOUN|[TYPE4]
görögdinnye,görögdinnyefajta,2,görögdinnye,/NOUN|[TYPE4]
ilyen,ilyenfajta,17,ilyen,/ADJ|[TYPE4]
cselekmény,cselekményfajta,3,cselekmény,/NOUN|[TYPE4]
rokka,rokkafajta,1,rokka,/NOUN|[TYPE4]
dallam,dallamfajta,1,dallam,/NOUN|[TYPE4]
serpenyő,serpenyőfajta,1,serpenyő,/NOUN|[TYPE4]
lakk,lakkfajta,1,lakk,/NOUN|[TYPE4]
bennszülött,bennszülöttfajta,1,bennszülött,/NOUN|[TYPE4]
jáspis,jáspisfajta,1,jáspis,/NOUN|[TYPE4]
kapcsolat,kapcsolatfajta,3,kapcsolat,/NOUN|[TYPE4]
adomány,adományfajta,1,adomány,/NOUN|[TYPE4]
kereszt,keresztfajta,1,kereszt,/NOUN|[TYPE4]
kaptár,kaptárfajta,2,kaptár,/NOUN|[TYPE4]
cica,cicafajta,1,cica,/NOUN|[TYPE4]
tigris,tigrisfajta,1,tigris,/NOUN|[TYPE4]
ragasztó,ragasztófajta,1,ragasztó,/NOUN|[TYPE4]
összefüggés,összefüggésfajta,1,összefüggés,/NOUN|[TYPE4]
napraforgó,napraforgófajta,1,napraforgó,/NOUN|[TYPE4]
tyúk,tyúkfajta,1,tyúk,/NOUN|[TYPE4]
rezgőfű,rezgőfűfajta,1,rezgőfű,/NOUN|[TYPE4]
hány,hányfajta,9,hány,/NOUN|[TYPE4]
hatalom,hatalomfajta,2,hatalom,/NOUN|[TYPE4]
vezér,vezérfajta,1,vezér,/NOUN|[TYPE4]
kagyló,kagylófajta,2,kagyló,/NOUN|[TYPE4]
teljesítmény,teljesítményfajta,1,teljesítmény,/NOUN|[TYPE4]
díszítmény,díszítményfajta,1,díszítmény,/NOUN|[TYPE4]
cékla,céklafajta,1,cékla,/NOUN|[TYPE4]
kukac,kukacfajta,1,kukac,/NOUN|[TYPE4]
bölény,bölényfajta,2,bölény,/NOUN|[TYPE4]
különb,különbfajta,1,különb,/NOUN|[TYPE4]
pulyka,pulykafajta,1,pulyka,/NOUN|[TYPE4]
rossz,rosszfajta,10,rossz,/NOUN|[TYPE4]
öszvér,öszvérfajta,1,öszvér,/NOUN|[TYPE4]
kukorica,kukoricafajta,7,kukorica,/NOUN|[TYPE4]
család,családfajta,3,család,/NOUN|[TYPE4]
népművészet,népművészetfajta,1,népművészet,/NOUN|[TYPE4]
kulák,kulákfajta,1,kulák,/NOUN|[TYPE4]
kupec,kupecfajta,1,kupec,/NOUN|[TYPE4]
rovar,rovarfajta,2,rovar,/NOUN|[TYPE4]
hivatalnok,hivatalnokfajta,1,hivatalnok,/NOUN|[TYPE4]
baleset,balesetfajta,1,baleset,/NOUN|[TYPE4]
gyapjú,gyapjúfajta,1,gyapjú,/NOUN|[TYPE4]
gyapot,gyapotfajta,1,gyapot,/NOUN|[TYPE4]
torlódás,torlódásfajta,2,torlódás,/NOUN|[TYPE4]
pojáca,pojácafajta,1,pojáca,/NOUN|[TYPE4]
csat,csatfajta,1,csat,/NOUN|[TYPE4]
műfogsor,műfogsorfajta,1,műfogsor,/NOUN|[TYPE4]
szarvasmarha,szarvasmarhafajta,2,szarvasmarha,/NOUN|[TYPE4]
héja,héjafajta,1,héja,/NOUN|[TYPE4]
anyag,anyagfajta,13,anyag,/NOUN|[TYPE4]
kontra,kontrafajta,1,kontra,/NOUN|[TYPE4]
kutya,kutyafajta,12,kutya,/NOUN|[TYPE4]
rózsa,rózsafajta,4,rózsa,/NOUN|[TYPE4]
szertartás,szertartásfajta,1,szertartás,/NOUN|[TYPE4]
pereszke,pereszkefajta,1,pereszke,/NOUN|[TYPE4]
cumi,cumifajta,1,cumi,/NOUN|[TYPE4]
finom,finomfajta,1,finom,/NOUN|[TYPE4]
vodka,vodkafajta,1,vodka,/NOUN|[TYPE4]
hangzó,hangzófajta,1,hangzó,/NOUN|[TYPE4]
olcsó,olcsófajta,2,olcsó,/NOUN|[TYPE4]
hangya,hangyafajta,1,hangya,/NOUN|[TYPE4]
szivar,szivarfajta,1,szivar,/NOUN|[TYPE4]
regény,regényfajta,1,regény,/NOUN|[TYPE4]
város,városfajta,1,város,/NOUN|[TYPE4]
disznó,disznófajta,4,disznó,/NOUN|[TYPE4]
torta,tortafajta,2,torta,/NOUN|[TYPE4]
lexikon,lexikonfajta,1,lexikon,/NOUN|[TYPE4]
vándor,vándorfajta,1,vándor,/NOUN|[TYPE4]
melyik,melyikfajta,1,melyik,/NOUN|[TYPE4]
szöveg,szövegfajta,9,szöveg,/NOUN|[TYPE4]
szövet,szövetfajta,3,szövet,/NOUN|[TYPE4]
csótány,csótányfajta,2,csótány,/NOUN|[TYPE4]
reklám,reklámfajta,1,reklám,/NOUN|[TYPE4]
hasonlóság,hasonlóságfajta,1,hasonlóság,/NOUN|[TYPE4]
kuvasz,kuvaszfajta,1,kuvasz,/NOUN|[TYPE4]
kőzet,kőzetfajta,4,kőzet,/NOUN|[TYPE4]
munka,munkafajta,25,munka,/NOUN|[TYPE4]
toldalék,toldalékfajta,2,toldalék,/NOUN|[TYPE4]
bérmunka,bérmunkafajta,1,bérmunka,/NOUN|[TYPE4]
mikroszkóp,mikroszkópfajta,1,mikroszkóp,/NOUN|[TYPE4]
szövés,szövésfajta,3,szövés,/NOUN|[TYPE4]
drágakő,drágakőfajta,2,drágakő,/NOUN|[TYPE4]
tekintély,tekintélyfajta,1,tekintély,/NOUN|[TYPE4]
fűtés,fűtésfajta,1,fűtés,/NOUN|[TYPE4]
cédrus,cédrusfajta,1,cédrus,/NOUN|[TYPE4]
mandolin,mandolinfajta,1,mandolin,/NOUN|[TYPE4]
nyárfa,nyárfafajta,1,nyárfa,/NOUN|[TYPE4]
patikárus,patikárusfajta,1,patikárus,/NOUN|[TYPE4]
betegség,betegségfajta,58,betegség,/NOUN|[TYPE4]
szalonka,szalonkafajta,1,szalon,/NOUN|[DIMIN]|[TYPE4]
vonal,vonalfajta,1,vonal,/NOUN|[TYPE4]
vonat,vonatfajta,2,vonat,/NOUN|[TYPE4]
kalapács,kalapácsfajta,1,kalapács,/NOUN|[TYPE4]
hintó,hintófajta,1,hintó,/NOUN|[TYPE4]
bomlás,bomlásfajta,3,bomlás,/NOUN|[TYPE4]
kvark,kvarkfajta,1,kvark,/NOUN|[TYPE4]
kvarc,kvarcfajta,1,kvarc,/NOUN|[TYPE4]
fűzfa,fűzfafajta,2,fűzfa,/NOUN|[TYPE4]
műszer,műszerfajta,1,műszer,/NOUN|[TYPE4]
bagoly,bagolyfajta,1,bagoly,/NOUN|[TYPE4]
személyiség,személyiségfajta,1,személyiség,/NOUN|[TYPE4]
sertés,sertésfajta,6,sertés,/NOUN|[TYPE4]
variáns,variánsfajta,1,variáns,/NOUN|[TYPE4]
gazdatiszt,gazdatisztfajta,1,gazdatiszt,/NOUN|[TYPE4]
hitel,hitelfajta,1,hitel,/NOUN|[TYPE4]
iskola,iskolafajta,8,iskola,/NOUN|[TYPE4]
vonós,vonósfajta,1,vonós,/NOUN|[TYPE4]
kovács,kovácsfajta,1,kovács,/NOUN|[TYPE4]
maga,magafajta,10,maga,/NOUN|[TYPE4]
vonás,vonásfajta,1,vonás,/NOUN|[TYPE4]
híres,híresfajta,1,híres,/NOUN|[TYPE4]
tulajdonnév,tulajdonnévfajta,5,tulajdonnév,/NOUN|[TYPE4]
szalonka,szalonkafajta,1,szalonka,/NOUN|[TYPE4]
jellem,jellemfajta,1,jellem,/NOUN|[TYPE4]
örmény,örményfajta,2,örmény,/NOUN|[TYPE4]
tallér,tallérfajta,1,tallér,/NOUN|[TYPE4]
mese,mesefajta,1,mese,/NOUN|[TYPE4]
hegedű,hegedűfajta,1,hegedű,/NOUN|[TYPE4]
olyan,olyanfajta,13,olyan,/ADJ|[TYPE4]
festék,festékfajta,3,festék,/NOUN|[TYPE4]
kálisó,kálisófajta,1,kálisó,/NOUN|[TYPE4]
mise,misefajta,1,mise,/NOUN|[TYPE4]
minő,minőfajta,1,minő,/NOUN|[TYPE4]
gyógynövény,gyógynövényfajta,2,gyógynövény,/NOUN|[TYPE4]
érzékelés,érzékelésfajta,1,érzékelés,/NOUN|[TYPE4]
vers,versfajta,1,vers,/NOUN|[TYPE4]
drog,drogfajta,1,drog,/NOUN|[TYPE4]
papagáj,papagájfajta,1,papagáj,/NOUN|[TYPE4]
mondat,mondatfajta,4,mondat,/NOUN|[TYPE4]
épület,épületfajta,1,épület,/NOUN|[TYPE4]
pálinka,pálinkafajta,2,pálinka,/NOUN|[TYPE4]
hagyma,hagymafajta,3,hagyma,/NOUN|[TYPE4]
moha,mohafajta,2,moha,/NOUN|[TYPE4]
bűncselekmény,bűncselekményfajta,3,bűncselekmény,/NOUN|[TYPE4]
jóslás,jóslásfajta,2,jóslás,/NOUN|[TYPE4]
csoport,csoportfajta,1,csoport,/NOUN|[TYPE4]
bálvány,bálványfajta,1,bálvány,/NOUN|[TYPE4]
mongol,mongolfajta,2,mongol,/NOUN|[TYPE4]
ismeret,ismeretfajta,2,ismeret,/NOUN|[TYPE4]
agitátor,agitátorfajta,1,agitátor,/NOUN|[TYPE4]
hullám,hullámfajta,1,hullám,/NOUN|[TYPE4]
penész,penészfajta,1,penész,/NOUN|[TYPE4]
üzemzavar,üzemzavarfajta,1,üzemzavar,/NOUN|[TYPE4]
kompenzáció,kompenzációfajta,1,kompenzáció,/NOUN|[TYPE4]
igenév,igenévfajta,2,igenév,/NOUN|[TYPE4]
selyem,selyemfajta,1,selyem,/NOUN|[TYPE4]
régi,régifajta,9,régi,/NOUN|[TYPE4]
bögöly,bögölyfajta,1,bögöly,/NOUN|[TYPE4]
részecske,részecskefajta,1,rész,/NOUN|[DIMIN]|[TYPE4]
emléksor,emléksorfajta,2,emléksor,/NOUN|[TYPE4]
halál,halálfajta,1,halál,/NOUN|[TYPE4]
gyerek,gyerekfajta,1,gyerek,/NOUN|[TYPE4]
keszeg,keszegfajta,2,keszeg,/NOUN|[TYPE4]
keserűvíz,keserűvízfajta,1,keserűvíz,/NOUN|[TYPE4]
szépség,szépségfajta,1,szépség,/NOUN|[TYPE4]
kibocsátás,kibocsátásfajta,1,kibocsátás,/NOUN|[TYPE4]
cserje,cserjefajta,2,cserje,/NOUN|[TYPE4]
kelme,kelmefajta,1,kelme,/NOUN|[TYPE4]
sugár,sugárfajta,1,sugár,/NOUN|[TYPE4]
áru,árufajta,5,áru,/NOUN|[TYPE4]
dinnye,dinnyefajta,3,dinnye,/NOUN|[TYPE4]
paprika,paprikafajta,2,paprika,/NOUN|[TYPE4]
liszt,lisztfajta,1,liszt,/NOUN|[TYPE4]
likőr,likőrfajta,1,likőr,/NOUN|[TYPE4]
sütemény,süteményfajta,5,sütemény,/NOUN|[TYPE4]
katona,katonafajta,4,katona,/NOUN|[TYPE4]
rengeteg,rengetegfajta,2,rengeteg,/NOUN|[TYPE4]
papiros,papirosfajta,3,papiros,/NOUN|[TYPE4]
fekete,feketefajta,1,fekete,/NOUN|[TYPE4]
nádszál,nádszálfajta,1,nádszál,/NOUN|[TYPE4]
hatás,hatásfajta,3,hatás,/NOUN|[TYPE4]
ásvány,ásványfajta,1,ásvány,/NOUN|[TYPE4]
medve,medvefajta,1,medve,/NOUN|[TYPE4]
képző,képzőfajta,1,képző,/NOUN|[TYPE4]
magyar,magyarfajta,8,magyar,/NOUN|[TYPE4]
érc,ércfajta,2,érc,/NOUN|[TYPE4]
kettő,kétfajta,14,kettő,/NUM|[TYPE4]
tészta,tésztafajta,7,tészta,/NOUN|[TYPE4]
nagy,nagyfajta,3,nagy,/NOUN|[TYPE4]
széna,szénafajta,1,széna,/NOUN|[TYPE4]
alkohol,alkoholfajta,2,alkohol,/NOUN|[TYPE4]
meggy,meggyfajta,7,meggy,/NOUN|[TYPE4]
elektród,elektródfajta,1,elektród,/NOUN|[TYPE4]
csemegeszőlő,csemegeszőlőfajta,2,csemegeszőlő,/NOUN|[TYPE4]
tűzharc,tűzharcfajta,2,tűzharc,/NOUN|[TYPE4]
írógép,írógépfajta,1,írógép,/NOUN|[TYPE4]
vízinövény,vízinövényfajta,1,vízinövény,/NOUN|[TYPE4]
író,írófajta,3,író,/NOUN|[TYPE4]
hímzés,hímzésfajta,2,hímzés,/NOUN|[TYPE4]
egér,egérfajta,2,egér,/NOUN|[TYPE4]
agyag,agyagfajta,3,agyag,/NOUN|[TYPE4]
gomba,gombafajta,7,gomba,/NOUN|[TYPE4]
ékszer,ékszerfajta,1,ékszer,/NOUN|[TYPE4]
zsemle,zsemlefajta,1,zsemle,/NOUN|[TYPE4]
élet,életfajta,2,élet,/NOUN|[TYPE4]
első,elsőfajta,3,első,/NOUN|[TYPE4]
menta,mentafajta,1,menta,/NOUN|[TYPE4]
munkaerő,munkaerőfajta,2,munkaerő,/NOUN|[TYPE4]
tranzisztor,tranzisztorfajta,1,tranzisztor,/NOUN|[TYPE4]
ének,énekfajta,3,ének,/NOUN|[TYPE4]
enyv,enyvfajta,2,enyv,/NOUN|[TYPE4]
mangalica,mangalicafajta,1,mangalica,/NOUN|[TYPE4]
eszköz,eszközfajta,9,eszköz,/NOUN|[TYPE4]
költség,költségfajta,6,költség,/NOUN|[TYPE4]
gondolkodó,gondolkodófajta,1,gondolkodó,/NOUN|[TYPE4]
különféle,különfélefajta,4,különféle,/NOUN|[TYPE4]
óra,órafajta,2,óra,/NOUN|[TYPE4]
kunyhó,kunyhófajta,1,kunyhó,/NOUN|[TYPE4]
pipereszappan,pipereszappanfajta,1,pipereszappan,/NOUN|[TYPE4]
fuvaros,fuvarosfajta,1,fuvaros,/NOUN|[TYPE4]
erdő,erdőfajta,6,erdő,/NOUN|[TYPE4]
érem,éremfajta,1,érem,/NOUN|[TYPE4]
asszony,asszonyfajta,3,asszony,/NOUN|[TYPE4]
narancs,narancsfajta,1,narancs,/NOUN|[TYPE4]
lepedő,lepedőfajta,1,lepedő,/NOUN|[TYPE4]
ragadozó,ragadozófajta,2,ragadozó,/NOUN|[TYPE4]
szulák,szulákfajta,1,szulák,/NOUN|[TYPE4]
különös,különösfajta,6,különös,/NOUN|[TYPE4]
vagyon,vagyonfajta,13,vagyon,/NOUN|[TYPE4]
emlékkönyv,emlékkönyvfajta,1,emlékkönyv,/NOUN|[TYPE4]
modell,modellfajta,1,modell,/NOUN|[TYPE4]
étel,ételfajta,4,étel,/NOUN|[TYPE4]
modern,modernfajta,1,modern,/NOUN|[TYPE4]
datolya,datolyafajta,1,datolya,/NOUN|[TYPE4]
adósság,adósságfajta,1,adósság,/NOUN|[TYPE4]
építmény,építményfajta,1,építmény,/NOUN|[TYPE4]
lapos,laposfajta,1,lapos,/NOUN|[TYPE4]
sárgadinnye,sárgadinnyefajta,1,sárgadinnye,/NOUN|[TYPE4]
barack,barackfajta,2,barack,/NOUN|[TYPE4]
számtalan,számtalanfajta,1,számtalan,/NOUN|[TYPE4]
karton,kartonfajta,1,karton,/NOUN|[TYPE4]
katalógus,katalógusfajta,2,katalógus,/NOUN|[TYPE4]
energia,energiafajta,8,energia,/NOUN|[TYPE4]
ügy,ügyfajta,1,ügy,/NOUN|[TYPE4]
magatartás,magatartásfajta,2,magatartás,/NOUN|[TYPE4]
üst,üstfajta,1,üst,/NOUN|[TYPE4]
dohány,dohányfajta,5,dohány,/NOUN|[TYPE4]
latin,latinfajta,1,latin,/NOUN|[TYPE4]
szappan,szappanfajta,5,szappan,/NOUN|[TYPE4]
sáfrány,sáfrányfajta,2,sáfrány,/NOUN|[TYPE4]
kezelés,kezelésfajta,1,kezelés,/NOUN|[TYPE4]
lassú,lassúfajta,1,lassú,/NOUN|[TYPE4]
gyomnövény,gyomnövényfajta,5,gyomnövény,/NOUN|[TYPE4]
érzelem,érzelemfajta,3,érzelem,/NOUN|[TYPE4]
kocsi,kocsifajta,2,kocsi,/NOUN|[TYPE4]
főzelék,főzelékfajta,1,főzelék,/NOUN|[TYPE4]
közlemény,közleményfajta,1,közlemény,/NOUN|[TYPE4]
gyógyszer,gyógyszerfajta,1,gyógyszer,/NOUN|[TYPE4]
néhány,néhányfajta,4,néhány,/NOUN|[TYPE4]
krumpli,krumplifajta,2,krumpli,/NOUN|[TYPE4]
paripa,paripafajta,1,paripa,/NOUN|[TYPE4]
eperfa,eperfafajta,1,eperfa,/NOUN|[TYPE4]
egres,egresfajta,1,egres,/NOUN|[TYPE4]
egyéni,egyénifajta,1,egyéni,/NOUN|[TYPE4]
ágyú,ágyúfajta,2,ágyú,/NOUN|[TYPE4]
menyét,menyétfajta,3,menyét,/NOUN|[TYPE4]
testvér,testvérfajta,1,testvér,/NOUN|[TYPE4]
minden,mindenfajta,22,minden,/NOUN|[TYPE4]
kajszi,kajszifajta,2,kajszi,/NOUN|[TYPE4]
térkép,térképfajta,1,térkép,/NOUN|[TYPE4]
bőrönd,bőröndfajta,1,bőrönd,/NOUN|[TYPE4]
padló,padlófajta,1,padló,/NOUN|[TYPE4]
úriember,úriemberfajta,1,úriember,/NOUN|[TYPE4]
nyúl,nyúlfajta,1,nyúl,/NOUN|[TYPE4]
iskolás,iskolásfajta,1,iskolás,/NOUN|[TYPE4]
álom,álomfajta,1,álom,/NOUN|[TYPE4]
málna,málnafajta,5,málna,/NOUN|[TYPE4]
kaktusz,kaktuszfajta,2,kaktusz,/NOUN|[TYPE4]
világítótest,világítótestfajta,1,világítótest,/NOUN|[TYPE4]
egyik,egyikfajta,6,egyik,/NOUN|[TYPE4]
tudomány,tudományfajta,1,tudomány,/NOUN|[TYPE4]
ördög,ördögfajta,1,ördög,/NOUN|[TYPE4]
csordás,csordásfajta,1,csordás,/NOUN|[TYPE4]
őrmester,őrmesterfajta,1,őrmester,/NOUN|[TYPE4]
filozopter,filozopterfajta,1,filozopter,/NOUN|[TYPE4]
többi,többifajta,1,többi,/NOUN|[TYPE4]
intézmény,intézményfajta,5,intézmény,/NOUN|[TYPE4]
pezsgő,pezsgőfajta,2,pezsgő,/NOUN|[TYPE4]
sütőtök,sütőtökfajta,1,sütőtök,/NOUN|[TYPE4]
tragédia,tragédiafajta,1,tragédia,/NOUN|[TYPE4]
bambusz,bambuszfajta,1,bambusz,/NOUN|[TYPE4]
modem,modemfajta,1,modem,/NOUN|[TYPE4]
kása,kásafajta,1,kása,/NOUN|[TYPE4]
egyéb,egyébfajta,9,egyéb,/NOUN|[TYPE4]
kávé,kávéfajta,1,kávé,/NOUN|[TYPE4]
tarka,tarkafajta,3,tarka,/NOUN|[TYPE4]
hernyó,hernyófajta,2,hernyó,/NOUN|[TYPE4]
sárga,sárgafajta,2,sárga,/NOUN|[TYPE4]
bizalom,bizalomfajta,1,bizalom,/NOUN|[TYPE4]
légy,légyfajta,4,légy,/NOUN|[TYPE4]
gyom,gyomfajta,1,gyom,/NOUN|[TYPE4]
béres,béresfajta,1,béres,/NOUN|[TYPE4]
beteg,betegfajta,1,beteg,/NOUN|[TYPE4]
hely,helyfajta,26,hely,/NOUN|[TYPE4]
lusta,lustafajta,1,lusta,/NOUN|[TYPE4]
furcsa,furcsafajta,1,furcsa,/NOUN|[TYPE4]
hiba,hibafajta,3,hiba,/NOUN|[TYPE4]
szemét,szemétfajta,1,szemét,/NOUN|[TYPE4]
fehér,fehérfajta,1,fehér,/NOUN|[TYPE4]
